{
    "aggregated_rating": 83.3333333333333, 
    "aggregated_rating_count": 10, 
    "category": 0, 
    "cover": {
        "cloudinary_id": "vns6tpso2zspozeqsqu8", 
        "height": 214, 
        "url": "//images.igdb.com/igdb/image/upload/t_thumb/vns6tpso2zspozeqsqu8.jpg", 
        "width": 214
    }, 
    "created_at": 1421446413902, 
    "developers": [
        4616
    ], 
    "esrb": {
        "rating": 4, 
        "synopsis": "-"
    }, 
    "external": {
        "steam": "250110"
    }, 
    "first_release_date": 1442966400000, 
    "game_engines": [
        13
    ], 
    "game_modes": [
        1, 
        2, 
        3
    ], 
    "games": [
        7329, 
        6732, 
        27314, 
        19448, 
        36950, 
        3231, 
        3227, 
        7350, 
        7344, 
        64204
    ], 
    "genres": [
        5, 
        32, 
        33
    ], 
    "id": 8644, 
    "keywords": [
        117, 
        166, 
        301, 
        911, 
        970, 
        1158, 
        1186, 
        1510, 
        1623, 
        1635, 
        4134, 
        4135, 
        4145, 
        4148, 
        4172, 
        4276, 
        4281, 
        4283, 
        4297, 
        4330, 
        4357, 
        4365, 
        4378, 
        4449, 
        4544, 
        4698, 
        4699, 
        4718, 
        4783, 
        4796, 
        4959, 
        5009, 
        5209, 
        5262, 
        5279, 
        5315, 
        5316, 
        5317, 
        5327, 
        5379, 
        5458, 
        5533, 
        5896, 
        7195, 
        7496
    ], 
    "multiplayer_modes": [
        {
            "campaigncoop": false, 
            "dropin": false, 
            "lancoop": false, 
            "offlinecoop": true, 
            "offlinecoopmax": 0, 
            "offlinemax": 0, 
            "onlinecoop": false, 
            "onlinecoopmax": 0, 
            "onlinemax": 0, 
            "splitscreen": false, 
            "splitscreenonline": false
        }
    ], 
    "name": "Assault Android Cactus", 
    "pegi": {
        "rating": 2, 
        "synopsis": "The content of this game is suitable for persons aged 7 years and over only.\r\nIt contains: Non realistic looking violence towards fantasy characters"
    }, 
    "platforms": [
        45, 
        6, 
        92, 
        14, 
        41, 
        46, 
        48, 
        49, 
        3
    ], 
    "player_perspectives": [
        3
    ], 
    "popularity": 2.666666666666667, 
    "publishers": [
        4616
    ], 
    "pulse_count": 2, 
    "rating": 73.99854625037091, 
    "rating_count": 3, 
    "release_dates": [
        {
            "category": 2, 
            "date": 1483142400000, 
            "human": "2016", 
            "m": 12, 
            "platform": 41, 
            "region": 1, 
            "y": 2016
        }, 
        {
            "category": 2, 
            "date": 1483142400000, 
            "human": "2016", 
            "m": 12, 
            "platform": 41, 
            "region": 2, 
            "y": 2016
        }, 
        {
            "category": 0, 
            "date": 1510012800000, 
            "human": "2017-Nov-07", 
            "m": 11, 
            "platform": 49, 
            "region": 8, 
            "y": 2017
        }, 
        {
            "category": 0, 
            "date": 1442966400000, 
            "human": "2015-Sep-23", 
            "m": 9, 
            "platform": 6, 
            "region": 2, 
            "y": 2015
        }, 
        {
            "category": 0, 
            "date": 1457395200000, 
            "human": "2016-Mar-08", 
            "m": 3, 
            "platform": 45, 
            "region": 2, 
            "y": 2016
        }, 
        {
            "category": 0, 
            "date": 1457395200000, 
            "human": "2016-Mar-08", 
            "m": 3, 
            "platform": 45, 
            "region": 1, 
            "y": 2016
        }, 
        {
            "category": 0, 
            "date": 1457395200000, 
            "human": "2016-Mar-08", 
            "m": 3, 
            "platform": 48, 
            "region": 8, 
            "y": 2016
        }, 
        {
            "category": 0, 
            "date": 1442966400000, 
            "human": "2015-Sep-23", 
            "m": 9, 
            "platform": 92, 
            "region": 8, 
            "y": 2015
        }, 
        {
            "category": 0, 
            "date": 1442966400000, 
            "human": "2015-Sep-23", 
            "m": 9, 
            "platform": 6, 
            "region": 8, 
            "y": 2015
        }, 
        {
            "category": 0, 
            "date": 1442966400000, 
            "human": "2015-Sep-23", 
            "m": 9, 
            "platform": 14, 
            "region": 8, 
            "y": 2015
        }, 
        {
            "category": 0, 
            "date": 1442966400000, 
            "human": "2015-Sep-23", 
            "m": 9, 
            "platform": 3, 
            "region": 8, 
            "y": 2015
        }, 
        {
            "category": 2, 
            "date": 1483142400000, 
            "human": "2016", 
            "m": 12, 
            "platform": 41, 
            "region": 8, 
            "y": 2016
        }, 
        {
            "category": 4, 
            "date": 1467244800000, 
            "human": "2016-Q2", 
            "m": 6, 
            "platform": 46, 
            "region": 8, 
            "y": 2016
        }
    ], 
    "screenshots": [
        {
            "cloudinary_id": "ms9m2v7ufe5xvtyusntp", 
            "height": 1080, 
            "url": "//images.igdb.com/igdb/image/upload/t_thumb/ms9m2v7ufe5xvtyusntp.jpg", 
            "width": 1920
        }, 
        {
            "cloudinary_id": "ygh0zfitvay4sbxkclrk", 
            "height": 1080, 
            "url": "//images.igdb.com/igdb/image/upload/t_thumb/ygh0zfitvay4sbxkclrk.jpg", 
            "width": 1920
        }, 
        {
            "cloudinary_id": "hphq7shmftyd6rbw5bci", 
            "height": 1080, 
            "url": "//images.igdb.com/igdb/image/upload/t_thumb/hphq7shmftyd6rbw5bci.jpg", 
            "width": 1920
        }, 
        {
            "cloudinary_id": "sr2upsn0nvxrhjix6dnn", 
            "height": 1080, 
            "url": "//images.igdb.com/igdb/image/upload/t_thumb/sr2upsn0nvxrhjix6dnn.jpg", 
            "width": 1920
        }, 
        {
            "cloudinary_id": "lbetvkblhystddr0vfiu", 
            "height": 1080, 
            "url": "//images.igdb.com/igdb/image/upload/t_thumb/lbetvkblhystddr0vfiu.jpg", 
            "width": 1920
        }, 
        {
            "cloudinary_id": "prue7xzwsi3hbgucvqbm", 
            "height": 1080, 
            "url": "//images.igdb.com/igdb/image/upload/t_thumb/prue7xzwsi3hbgucvqbm.jpg", 
            "width": 1920
        }, 
        {
            "cloudinary_id": "s4ustfe6mkvqmxxavjgl", 
            "height": 1080, 
            "url": "//images.igdb.com/igdb/image/upload/t_thumb/s4ustfe6mkvqmxxavjgl.jpg", 
            "width": 1920
        }, 
        {
            "cloudinary_id": "ajrae6rw8ags3ey03tnj", 
            "height": 900, 
            "url": "//images.igdb.com/igdb/image/upload/t_thumb/ajrae6rw8ags3ey03tnj.jpg", 
            "width": 1600
        }, 
        {
            "cloudinary_id": "dnlvewmacne6dsdq0wod", 
            "height": 900, 
            "url": "//images.igdb.com/igdb/image/upload/t_thumb/dnlvewmacne6dsdq0wod.jpg", 
            "width": 1600
        }, 
        {
            "cloudinary_id": "ihuocp3mlqi5si7kmssq", 
            "height": 900, 
            "url": "//images.igdb.com/igdb/image/upload/t_thumb/ihuocp3mlqi5si7kmssq.jpg", 
            "width": 1600
        }, 
        {
            "cloudinary_id": "cwk2rekvamqpo46ezkop", 
            "height": 1080, 
            "url": "//images.igdb.com/igdb/image/upload/t_thumb/cwk2rekvamqpo46ezkop.jpg",