{
    "aggregated_rating": 79.0, 
    "aggregated_rating_count": 11, 
    "category": 0, 
    "collection": 1141, 
    "cover": {
        "cloudinary_id": "fx6dnaonowvihsga11jx", 
        "height": 1080, 
        "url": "//images.igdb.com/igdb/image/upload/t_thumb/fx6dnaonowvihsga11jx.jpg", 
        "width": 720
    }, 
    "created_at": 1411869850004, 
    "developers": [
        3689
    ], 
    "esrb": {
        "rating": 3, 
        "synopsis": "-"
    }, 
    "external": {
        "steam": "274250"
    }, 
    "first_release_date": 1390262400000, 
    "game_modes": [
        1
    ], 
    "games": [
        7342, 
        12597, 
        7202, 
        9061, 
        19441, 
        72373, 
        17000, 
        536, 
        11270, 
        11233
    ], 
    "genres": [
        14, 
        32
    ], 
    "id": 7768, 
    "keywords": [
        50, 
        117, 
        1059, 
        1228, 
        1705, 
        1710, 
        1783, 
        1821, 
        2109, 
        2152, 
        2337, 
        2440, 
        2913, 
        3227, 
        3794, 
        3901, 
        3994, 
        4134, 
        4146, 
        4163, 
        4169, 
        4183, 
        4186, 
        4197, 
        4213, 
        4215, 
        4320, 
        4332, 
        4344, 
        4365, 
        4446, 
        4450, 
        4465, 
        4544, 
        4557, 
        4573, 
        4589, 
        4599, 
        4619, 
        4633, 
        4737, 
        4738, 
        4763, 
        4800, 
        5117, 
        5161, 
        5164, 
        5196, 
        5269, 
        5271, 
        5327, 
        5354, 
        5363, 
        5458, 
        5621, 
        5754, 
        6060, 
        6105, 
        6187, 
        6268, 
        6411, 
        6420, 
        6451, 
        6487, 
        6537, 
        6827, 
        6828, 
        6829, 
        6830, 
        6831
    ], 
    "name": "OlliOlli", 
    "pegi": {
        "rating": 1, 
        "synopsis": "The content of this game is suitable for all persons."
    }, 
    "platforms": [
        34, 
        45, 
        6, 
        14, 
        41, 
        46, 
        9, 
        48, 
        49, 
        3, 
        37
    ], 
    "player_perspectives": [
        4
    ], 
    "popularity": 13.33333333333333, 
    "publishers": [
        634, 
        5048, 
        3689
    ], 
    "rating": 70.3203154557869, 
    "rating_count": 13, 
    "release_dates": [
        {
            "category": 0, 
            "date": 1425513600000, 
            "human": "2015-Mar-05", 
            "m": 3, 
            "platform": 41, 
            "region": 1, 
            "y": 2015
        }, 
        {
            "category": 0, 
            "date": 1425513600000, 
            "human": "2015-Mar-05", 
            "m": 3, 
            "platform": 37, 
            "region": 1, 
            "y": 2015
        }, 
        {
            "category": 0, 
            "date": 1425600000000, 
            "human": "2015-Mar-06", 
            "m": 3, 
            "platform": 49, 
            "region": 2, 
            "y": 2015
        }, 
        {
            "category": 0, 
            "date": 1390348800000, 
            "human": "2014-Jan-22", 
            "m": 1, 
            "platform": 45, 
            "region": 1, 
            "y": 2014
        }, 
        {
            "category": 0, 
            "date": 1390262400000, 
            "human": "2014-Jan-21", 
            "m": 1, 
            "platform": 45, 
            "region": 2, 
            "y": 2014
        }, 
        {
            "category": 0, 
            "date": 1419292800000, 
            "human": "2014-Dec-23", 
            "m": 12, 
            "platform": 34, 
            "region": 8, 
            "y": 2014
        }, 
        {
            "category": 0, 
            "date": 1405987200000, 
            "human": "2014-Jul-22", 
            "m": 7, 
            "platform": 3, 
            "region": 8, 
            "y": 2014
        }, 
        {
            "category": 0, 
            "date": 1405987200000, 
            "human": "2014-Jul-22", 
            "m": 7, 
            "platform": 14, 
            "region": 8, 
            "y": 2014
        }, 
        {
            "category": 0, 
            "date": 1409011200000, 
            "human": "2014-Aug-26", 
            "m": 8, 
            "platform": 9, 
            "region": 8, 
            "y": 2014
        }, 
        {
            "category": 0, 
            "date": 1425513600000, 
            "human": "2015-Mar-05", 
            "m": 3, 
            "platform": 37, 
            "region": 2, 
            "y": 2015
        }, 
        {
            "category": 0, 
            "date": 1390348800000, 
            "human": "2014-Jan-22", 
            "m": 1, 
            "platform": 46, 
            "region": 8, 
            "y": 2014
        }, 
        {
            "category": 0, 
            "date": 1425600000000, 
            "human": "2015-Mar-06", 
            "m": 3, 
            "platform": 49, 
            "region": 8, 
            "y": 2015
        }, 
        {
            "category": 0, 
            "date": 1425513600000, 
            "human": "2015-Mar-05", 
            "m": 3, 
            "platform": 41, 
            "region": 2, 
            "y": 2015
        }, 
        {
            "category": 0, 
            "date": 1405987200000, 
            "human": "2014-Jul-22", 
            "m": 7, 
            "platform": 6, 
            "region": 8, 
            "y": 2014
        }, 
        {
            "category": 0, 
            "date": 1409011200000, 
            "human": "2014-Aug-26", 
            "m": 8, 
            "platform": 48, 
            "region": 8, 
            "y": 2014
        }
    ], 
    "screenshots": [
        {
            "cloudinary_id": "rwpozid8ncvwtdlwskmf", 
            "height": 1080, 
            "url": "//images.igdb.com/igdb/image/upload/t_thumb/rwpozid8ncvwtdlwskmf.jpg", 
            "width": 1920
        }, 
        {
            "cloudinary_id": "ukrgbiyhc5taz5zc6k1e", 
            "height": 1080, 
            "url": "//images.igdb.com/igdb/image/upload/t_thumb/ukrgbiyhc5taz5zc6k1e.jpg", 
            "width": 1920
        }, 
        {
            "cloudinary_id": "ps98qlgr1bl2vdymjw60", 
            "height": 1080, 
            "url": "//images.igdb.com/igdb/image/upload/t_thumb/ps98qlgr1bl2vdymjw60.jpg", 
            "width": 1920
        }, 
        {
            "cloudinary_id": "ocrzlclb4h27a6u3xxd3", 
            "height": 1080, 
            "url": "//images.igdb.com/igdb/image/upload/t_thumb/ocrzlclb4h27a6u3xxd3.jpg", 
            "width": 1920
        }, 
        {
            "cloudinary_id": "pskz5lbyvvqathfvmypg", 
            "height": 1080, 
            "url": "//images.igdb.com/igdb/image/upload/t_thumb/pskz5lbyvvqathfvmypg.jpg", 
            "width": 1920
        }
    ], 
    "slug": "olliolli", 
    "summary": "OlliOlli mixes addictive one-life gameplay with over 120 tricks and grinds across 50 deviously crafted levels, 250 Challenges, Spots Mode and Daily Grind. Not enough for you? Complete all challenges to unlock the super skillful RAD Mode! Rack up the biggest and coolest combos along the way then time your landing to perfection to rule the leader-boards. Just don\u2019t slam on your face*. Compete across the world in all modes to get the highest scores on every Level and Spot. Daily Grind gives you 24 hours to challenge the world at a randomly selected Spot. You can practice as many times as you like, but you only get one chance to set your score.",