{
    "aggregated_rating": 65.3333333333333, 
    "aggregated_rating_count": 3, 
    "alternative_names": [
        {
            "comment": "Other", 
            "name": "From Russia with Love, 007"
        }
    ], 
    "category": 0, 
    "collection": 326, 
    "cover": {
        "cloudinary_id": "hrxqwcbmz16s1fvdtd4i", 
        "height": 819, 
        "url": "//images.igdb.com/igdb/image/upload/t_thumb/hrxqwcbmz16s1fvdtd4i.jpg", 
        "width": 640
    }, 
    "created_at": 1351021258869, 
    "developers": [
        11, 
        318
    ], 
    "esrb": {
        "rating": 5
    }, 
    "first_release_date": 1130803200000, 
    "franchise": 37, 
    "franchises": [
        37
    ], 
    "game_engines": [
        17
    ], 
    "game_modes": [
        1, 
        4
    ], 
    "games": [
        19441, 
        26401, 
        1121, 
        748, 
        1310, 
        820, 
        7323, 
        1985, 
        2413, 
        960
    ], 
    "genres": [
        5, 
        10
    ], 
    "id": 1645, 
    "keywords": [
        8, 
        40, 
        558, 
        1025, 
        1219, 
        1971, 
        2045, 
        2977, 
        3061, 
        3087, 
        3741, 
        3831, 
        3901, 
        4035, 
        4142, 
        4157, 
        4161, 
        4246, 
        4280, 
        4359, 
        4382, 
        4392, 
        4446, 
        4525, 
        4592, 
        4598, 
        4611, 
        4613, 
        4625, 
        4653, 
        4660, 
        4661, 
        4776, 
        4848, 
        4880, 
        4885, 
        4892, 
        4904, 
        5161, 
        5197, 
        5309, 
        5362, 
        5364, 
        5451, 
        5469, 
        5507, 
        5510, 
        5571, 
        5742, 
        5773, 
        5813, 
        5838, 
        5998, 
        6237, 
        6352, 
        6363, 
        6374, 
        6478, 
        6624, 
        6829, 
        6895, 
        7110, 
        9292, 
        9296, 
        10002, 
        12380, 
        12404, 
        13109, 
        13492, 
        14044, 
        14946
    ], 
    "name": "007: From Russia with Love", 
    "pegi": {
        "rating": 4
    }, 
    "platforms": [
        11, 
        38, 
        21, 
        8
    ], 
    "player_perspectives": [
        2
    ], 
    "popularity": 1.666666666666667, 
    "publishers": [
        1
    ], 
    "rating": 60.31504850819181, 
    "rating_count": 9, 
    "release_dates": [
        {
            "category": 0, 
            "date": 1132272000000, 
            "human": "2005-Nov-18", 
            "m": 11, 
            "platform": 21, 
            "region": 1, 
            "y": 2005
        }, 
        {
            "category": 0, 
            "date": 1132012800000, 
            "human": "2005-Nov-15", 
            "m": 11, 
            "platform": 21, 
            "region": 2, 
            "y": 2005
        }, 
        {
            "category": 0, 
            "date": 1130803200000, 
            "human": "2005-Nov-01", 
            "m": 11, 
            "platform": 8, 
            "y": 2005
        }, 
        {
            "category": 0, 
            "date": 1130803200000, 
            "human": "2005-Nov-01", 
            "m": 11, 
            "platform": 11, 
            "y": 2005
        }, 
        {
            "category": 0, 
            "date": 1132012800000, 
            "human": "2005-Nov-15", 
            "m": 11, 
            "platform": 21, 
            "y": 2005
        }, 
        {
            "category": 0, 
            "date": 1144022400000, 
            "human": "2006-Apr-03", 
            "m": 4, 
            "platform": 38, 
            "y": 2006
        }
    ], 
    "screenshots": [
        {
            "cloudinary_id": "ymctwbthaqnbl81s3lqe", 
            "height": 960, 
            "url": "//images.igdb.com/igdb/image/upload/t_thumb/ymctwbthaqnbl81s3lqe.jpg", 
            "width": 1280
        }, 
        {
            "cloudinary_id": "rmsxbkisa6jn1azozbiv", 
            "height": 960, 
            "url": "//images.igdb.com/igdb/image/upload/t_thumb/rmsxbkisa6jn1azozbiv.jpg", 
            "width": 1280
        }, 
        {
            "cloudinary_id": "cqzm533ksrhftkilse5b", 
            "height": 960, 
            "url": "//images.igdb.com/igdb/image/upload/t_thumb/cqzm533ksrhftkilse5b.jpg", 
            "width": 1280
        }, 
        {
            "cloudinary_id": "bwymkhyw0tvodd2n2zcq", 
            "height": 900, 
            "url": "//images.igdb.com/igdb/image/upload/t_thumb/bwymkhyw0tvodd2n2zcq.jpg", 
            "width": 1275
        }, 
        {
            "cloudinary_id": "tsssrmwtujqczrvmzg03", 
            "height": 900, 
            "url": "//images.igdb.com/igdb/image/upload/t_thumb/tsssrmwtujqczrvmzg03.jpg", 
            "width": 1275
        }, 
        {
            "cloudinary_id": "xxd8jiiwrcfkcxkrytro", 
            "height": 600, 
            "url": "//images.igdb.com/igdb/image/upload/t_thumb/xxd8jiiwrcfkcxkrytro.jpg", 
            "width": 800
        }, 
        {
            "cloudinary_id": "owayt9i7ntoeikqgccve", 
            "height": 600, 
            "url": "//images.igdb.com/igdb/image/upload/t_thumb/owayt9i7ntoeikqgccve.jpg", 
            "width": 800
        }, 
        {
            "cloudinary_id": "zjc21kkx2mc7nybndum4", 
            "height": 375, 
            "url": "//images.igdb.com/igdb/image/upload/t_thumb/zjc21kkx2mc7nybndum4.jpg", 
            "width": 500
        }, 
        {
            "cloudinary_id": "mbtbezuwdby4vf0rwkie", 
            "height": 373, 
            "url": "//images.igdb.com/igdb/image/upload/t_thumb/mbtbezuwdby4vf0rwkie.jpg", 
            "width": 500
        }, 
        {
            "cloudinary_id": "atuo0afwln76gb4hzcz7", 
            "height": 300, 
            "url": "//images.igdb.com/igdb/image/upload/t_thumb/atuo0afwln76gb4hzcz7.jpg", 
            "width": 400
        }, 
        {
            "cloudinary_id": "ld4uikhhwcygg2ltojev", 
            "height": 283, 
            "url": "//images.igdb.com/igdb/image/upload/t_thumb/ld4uikhhwcygg2ltojev.jpg", 
            "width": 500
        }, 
        {
            "cloudinary_id": "gfyar7tfkg5suexkz0iq", 
            "height": 341, 
            "url": "//images.igdb.com/igdb/image/upload/t_thumb/gfyar7tfkg5suexkz0iq.jpg", 
            "width": 455
        }
    ], 
    "slug": "007-from-russia-with-love", 
    "summary": "From Russia with Love is a video game featuring Ian Fleming's secret agent, James Bond. The game is based on the 1957 novel and the 1963 film of the same name, albeit adding in new scenes to make the game more action-oriented, as well as changing the affiliation of the main villains. Additionally, it features many elements of earlier Bond films to recreate the feel of the era such as the jet pack from Thunderball (1965) and the Aston Martin DB5 that debuted in Goldfinger (1964).\n\nFrom Russia with Love is also notable in that it is the first video game to use Sean Connery's likeness as James Bond and the first to include all new voice work by the actor. From Russia with Love is the last James Bond video game EA Games marketed before they lost the rights to Activision in 2006.",