{
    "alternative_names": [
        {
            "name": "\u30c0\u30fc\u30af\u30af\u30e9\u30a6\u30c9"
        }
    ], 
    "category": 0, 
    "collection": 270, 
    "cover": {
        "cloudinary_id": "pkja0q32ralvkap4nycw", 
        "height": 1947, 
        "url": "//images.igdb.com/igdb/image/upload/t_thumb/pkja0q32ralvkap4nycw.jpg", 
        "width": 1524
    }, 
    "created_at": 1341711821395, 
    "developers": [
        837
    ], 
    "esrb": {
        "rating": 5
    }, 
    "first_release_date": 976752000000, 
    "game_modes": [
        1
    ], 
    "games": [
        7202, 
        7346, 
        2909, 
        9927, 
        1942, 
        2368, 
        521, 
        6, 
        11567, 
        1911
    ], 
    "genres": [
        12, 
        31
    ], 
    "id": 1214, 
    "keywords": [
        60, 
        170, 
        223, 
        226, 
        227, 
        296, 
        301, 
        506, 
        509, 
        512, 
        697, 
        906, 
        1026, 
        1033, 
        1098, 
        1186, 
        1513, 
        1800, 
        2016, 
        2154, 
        2184, 
        2199, 
        2452, 
        2472, 
        2561, 
        3486, 
        3833, 
        4035, 
        4130, 
        4145, 
        4168, 
        4169, 
        4219, 
        4257, 
        4284, 
        4320, 
        4321, 
        4329, 
        4359, 
        4369, 
        4395, 
        4397, 
        4408, 
        4431, 
        4446, 
        4450, 
        4460, 
        4497, 
        4543, 
        4613, 
        4727, 
        4746, 
        4753, 
        4755, 
        4848, 
        4866, 
        4879, 
        4896, 
        4907, 
        4918, 
        4943, 
        4983, 
        5032, 
        5041, 
        5178, 
        5219, 
        5354, 
        5375, 
        5422, 
        5461, 
        5555, 
        5577, 
        5578, 
        5659, 
        5677, 
        5803, 
        5935, 
        5962, 
        5989, 
        6041, 
        6061, 
        6246, 
        6297, 
        6456, 
        6894, 
        6927, 
        7416, 
        8115, 
        8194, 
        8974, 
        9065, 
        11781, 
        12170, 
        12417, 
        13118, 
        13951, 
        15037, 
        16057
    ], 
    "name": "Dark Cloud", 
    "platforms": [
        8
    ], 
    "player_perspectives": [
        2
    ], 
    "popularity": 1.333333333333333, 
    "publishers": [
        45
    ], 
    "rating": 81.9021112525398, 
    "rating_count": 20, 
    "release_dates": [
        {
            "category": 0, 
            "date": 976752000000, 
            "human": "2000-Dec-14", 
            "m": 12, 
            "platform": 8, 
            "region": 5, 
            "y": 2000
        }, 
        {
            "category": 0, 
            "date": 991094400000, 
            "human": "2001-May-29", 
            "m": 5, 
            "platform": 8, 
            "region": 2, 
            "y": 2001
        }, 
        {
            "category": 0, 
            "date": 1001030400000, 
            "human": "2001-Sep-21", 
            "m": 9, 
            "platform": 8, 
            "region": 1, 
            "y": 2001
        }
    ], 
    "slug": "dark-cloud", 
    "summary": "One of the PS2's first RPGs, Dark Cloud is a title that challenges players to not only strategise, battle and solve puzzles, but also to create geographical landscapes using the new Georama system. Gamers assume the role of a young boy named Toran on an unforgettable journey of rebirth, revival and hope. Unfortunately an evil demon spirit has been released and has left destruction in its wake and Toran must harness the spirit of those destroyed to rebuild the lands in time for an epic confrontation. True to life graphics should mesmerise gamers as they create villages complete with houses, hills, churches, volcanoes, and streams; they'll even be able to control the weather!", 
    "tags": [
        1, 
        17, 
        268435468, 
        268435487, 
        536870972, 
        536871082, 
        536871135, 
        536871138, 
        536871139, 
        536871208, 
        536871213, 
        536871418, 
        536871421, 
        536871424, 
        536871609, 
        536871818, 
        536871938, 
        536871945, 
        536872010, 
        536872098, 
        536872425, 
        536872712, 
        536872928, 
        536873066, 
        536873096, 
        536873111, 
        536873364, 
        536873384, 
        536873473, 
        536874398, 
        536874745, 
        536874947, 
        536875042, 
        536875057, 
        536875080, 
        536875081, 
        536875131, 
        536875169, 
        536875196, 
        536875232, 
        536875233, 
        536875241, 
        536875271, 
        536875281, 
        536875307, 
        536875309, 
        536875320, 
        536875343, 
        536875358, 
        536875362, 
        536875372, 
        536875409, 
        536875455, 
        536875525, 
        536875639, 
        536875658, 
        536875665, 
        536875667, 
        536875760, 
        536875778, 
        536875791, 
        536875808, 
        536875819, 
        536875830, 
        536875855, 
        536875895, 
        536875944, 
        536875953, 
        536876090, 
        536876131, 
        536876266, 
        536876287, 
        536876334, 
        536876373, 
        536876467, 
        536876489, 
        536876490, 
        536876571, 
        536876589, 
        536876715, 
        536876847, 
        536876874, 
        536876901, 
        536876953, 
        536876973, 
        536877158, 
        536877209, 
        536877368, 
        536877806, 
        536877839, 
        536878328, 
        536879027, 
        536879106, 
        536879886, 
        536879977, 
        536882693, 
        536883082, 
        536883329, 
        536884030, 
        536884863, 
        536885949, 
        536886969, 
        1073741826
    ], 
    "themes": [
        1, 
        17
    ], 
    "total_rating": 81.9021112525398, 
    "total_rating_count": 20, 
    "updated_at": 1527541713560, 
    "url": "https://www.igdb.com/games/dark-cloud", 
    "videos": [
        {
            "name": "Trailer", 
            "video_id": "G0SWl6RWeP4"
        }, 
        {
            "name": "Gameplay video", 
            "video_id": "i63jtXe0j3Y"
        }
    ], 
    "websites": [
        {
            "category": 2, 
            "url": "http://darkcloud.wikia.com/"
        }
    ]
}