{
    "aggregated_rating": 88.0, 
    "aggregated_rating_count": 1, 
    "alternative_names": [
        {
            "comment": "Other", 
            "name": "DBZ:B3\nB3"
        }, 
        {
            "name": "Dragon Ball Z 3"
        }
    ], 
    "category": 0, 
    "collection": 458, 
    "cover": {
        "cloudinary_id": "vgohj6slaw0egzwvlurr", 
        "height": 432, 
        "url": "//images.igdb.com/igdb/image/upload/t_thumb/vgohj6slaw0egzwvlurr.jpg", 
        "width": 356
    }, 
    "created_at": 1373455684010, 
    "developers": [
        396
    ], 
    "esrb": {
        "rating": 5, 
        "synopsis": ""
    }, 
    "first_release_date": 1100563200000, 
    "franchise": 56, 
    "franchises": [
        56
    ], 
    "game_modes": [
        1, 
        2
    ], 
    "games": [
        2558, 
        36911, 
        2563, 
        2564, 
        2569, 
        2568, 
        2550, 
        2543, 
        2557, 
        2567
    ], 
    "genres": [
        4
    ], 
    "id": 2566, 
    "keywords": [
        14, 
        61, 
        78, 
        107, 
        296, 
        301, 
        588, 
        977, 
        1026, 
        1761, 
        2071, 
        2387, 
        4141, 
        4142, 
        4178, 
        4286, 
        4287, 
        4310, 
        4353, 
        4379, 
        4380, 
        4574, 
        4576, 
        4866, 
        4891, 
        4903, 
        4925, 
        4958, 
        4969, 
        4970, 
        4972, 
        5029, 
        5331, 
        5384, 
        5440, 
        5782, 
        5989, 
        6085, 
        6088, 
        6090, 
        6093, 
        6095, 
        6097, 
        6103, 
        6104, 
        6106, 
        6107, 
        6108, 
        6311, 
        6313, 
        6494, 
        6784, 
        6801, 
        6843, 
        7357, 
        7388, 
        7415, 
        7546, 
        8769, 
        8845, 
        9107, 
        9374, 
        9726, 
        9888, 
        9931, 
        10006, 
        10012, 
        10453, 
        10691, 
        10692, 
        10693, 
        10694, 
        11118, 
        11213, 
        11447, 
        11738, 
        11765, 
        12020, 
        12129, 
        13593, 
        14112
    ], 
    "name": "Dragon Ball Z: Budokai 3", 
    "platforms": [
        8
    ], 
    "player_perspectives": [
        4
    ], 
    "popularity": 1.333333333333333, 
    "publishers": [
        617, 
        82
    ], 
    "rating": 84.6066651223154, 
    "rating_count": 23, 
    "release_dates": [
        {
            "category": 0, 
            "date": 1100563200000, 
            "human": "2004-Nov-16", 
            "m": 11, 
            "platform": 8, 
            "y": 2004
        }
    ], 
    "slug": "dragon-ball-z-budokai-3", 
    "summary": "The third installment in the Dragon Ball Z: Budokai series begins another tournament of champions where only one fighter can prevail. As one of the characters from the Dragon Ball Z animated series, you can master an all-new fighting system that lets you teleport, juggle opponents, fly, and attack in a variety of ways. As you progress through the tournament, you can unlock up to 40 bonus characters from the DBZ universe. You can also post and retrieve character profiles from the Internet.", 
    "tags": [
        1, 
        268435460, 
        536870926, 
        536870973, 
        536870990, 
        536871019, 
        536871208, 
        536871213, 
        536871500, 
        536871889, 
        536871938, 
        536872673, 
        536872983, 
        536873299, 
        536875053, 
        536875054, 
        536875090, 
        536875198, 
        536875199, 
        536875222, 
        536875265, 
        536875291, 
        536875292, 
        536875486, 
        536875488, 
        536875778, 
        536875803, 
        536875815, 
        536875837, 
        536875870, 
        536875881, 
        536875882, 
        536875884, 
        536875941, 
        536876243, 
        536876296, 
        536876352, 
        536876694, 
        536876901, 
        536876997, 
        536877000, 
        536877002, 
        536877005, 
        536877007, 
        536877009, 
        536877015, 
        536877016, 
        536877018, 
        536877019, 
        536877020, 
        536877223, 
        536877225, 
        536877406, 
        536877696, 
        536877713, 
        536877755, 
        536878269, 
        536878300, 
        536878327, 
        536878458, 
        536879681, 
        536879757, 
        536880019, 
        536880286, 
        536880638, 
        536880800, 
        536880843, 
        536880918, 
        536880924, 
        536881365, 
        536881603, 
        536881604, 
        536881605, 
        536881606, 
        536882030, 
        536882125, 
        536882359, 
        536882650, 
        536882677, 
        536882932, 
        536883041, 
        536884505, 
        536885024, 
        1073741828
    ], 
    "themes": [
        1
    ], 
    "total_rating": 86.3033325611577, 
    "total_rating_count": 24, 
    "updated_at": 1527698971192, 
    "url": "https://www.igdb.com/games/dragon-ball-z-budokai-3"
}