{
    "aggregated_rating": 60.3333333333333, 
    "aggregated_rating_count": 7, 
    "category": 0, 
    "collection": 286, 
    "cover": {
        "cloudinary_id": "uny82sigpc33xhdhqg3h", 
        "height": 1978, 
        "url": "//images.igdb.com/igdb/image/upload/t_thumb/uny82sigpc33xhdhqg3h.jpg", 
        "width": 1559
    }, 
    "created_at": 1352557895894, 
    "esrb": {
        "rating": 4, 
        "synopsis": ""
    }, 
    "first_release_date": 1171324800000, 
    "game_modes": [
        1, 
        2
    ], 
    "games": [
        11065, 
        1289, 
        1792, 
        1773, 
        1790, 
        1528, 
        1794, 
        6958, 
        1529, 
        26401
    ], 
    "genres": [
        5, 
        8
    ], 
    "id": 1791, 
    "keywords": [
        25, 
        67, 
        72, 
        350, 
        394, 
        558, 
        575, 
        947, 
        970, 
        1025, 
        1033, 
        1289, 
        1330, 
        1333, 
        1403, 
        1440, 
        1986, 
        2049, 
        2155, 
        2242, 
        2280, 
        3061, 
        3627, 
        3831, 
        4134, 
        4161, 
        4162, 
        4169, 
        4183, 
        4239, 
        4261, 
        4287, 
        4297, 
        4350, 
        4359, 
        4386, 
        4390, 
        4397, 
        4418, 
        4446, 
        4460, 
        4484, 
        4525, 
        4543, 
        4777, 
        4831, 
        4884, 
        4885, 
        4907, 
        4984, 
        5300, 
        5328, 
        5441, 
        5445, 
        5453, 
        5672, 
        5753, 
        5939, 
        5949, 
        5952, 
        6142, 
        6145, 
        6191, 
        6318, 
        6487, 
        6495, 
        6647, 
        6648, 
        6691, 
        6894, 
        7237, 
        7305, 
        7309, 
        7421, 
        8108, 
        8784, 
        8894, 
        8958, 
        9171, 
        9441, 
        9529, 
        9661, 
        9843, 
        10032, 
        10211, 
        10416, 
        10417, 
        10419, 
        10421, 
        10422, 
        10423, 
        10425, 
        11841, 
        12077, 
        13106, 
        14526
    ], 
    "name": "Ratchet & Clank: Size Matters", 
    "platforms": [
        38, 
        8
    ], 
    "player_perspectives": [
        2
    ], 
    "popularity": 1.333333333333333, 
    "publishers": [
        45
    ], 
    "rating": 69.9818743381856, 
    "rating_count": 19, 
    "release_dates": [
        {
            "category": 0, 
            "date": 1171324800000, 
            "human": "2007-Feb-13", 
            "m": 2, 
            "platform": 38, 
            "region": 1, 
            "y": 2007
        }, 
        {
            "category": 0, 
            "date": 1178841600000, 
            "human": "2007-May-11", 
            "m": 5, 
            "platform": 38, 
            "region": 2, 
            "y": 2007
        }, 
        {
            "category": 0, 
            "date": 1171324800000, 
            "human": "2007-Feb-13", 
            "m": 2, 
            "platform": 38, 
            "y": 2007
        }, 
        {
            "category": 0, 
            "date": 1171324800000, 
            "human": "2007-Feb-13", 
            "m": 2, 
            "platform": 8, 
            "y": 2007
        }
    ], 
    "screenshots": [
        {
            "cloudinary_id": "xa75e22nyfzudtzxeqna", 
            "height": 303, 
            "url": "//images.igdb.com/igdb/image/upload/t_thumb/xa75e22nyfzudtzxeqna.jpg", 
            "width": 480
        }
    ], 
    "slug": "ratchet-clank-size-matters", 
    "summary": "Ratchet & Clank: Size Matters (known as Ratchet & Clank 5 in Japan) is a 2007 platformer video game developed by High Impact Games and published by Sony Computer Entertainment for the PlayStation Portable and PlayStation 2. The game is the first Ratchet & Clank title on the PSP handheld. Development company High Impact Games was spawned from the original Ratchet & Clank developer, Insomniac Games. The story is about Ratchet and Clank as they are interrupted from their vacation to search for a kidnapped girl and encounter a forgotten race known as the Technomites", 
    "tags": [
        1, 
        18, 
        27, 
        268435461, 
        268435464, 
        536870937, 
        536870979, 
        536870984, 
        536871262, 
        536871306, 
        536871470, 
        536871487, 
        536871859, 
        536871882, 
        536871937, 
        536871945, 
        536872201, 
        536872242, 
        536872245, 
        536872315, 
        536872352, 
        536872898, 
        536872961, 
        536873067, 
        536873154, 
        536873192, 
        536873973, 
        536874539, 
        536874743, 
        536875046, 
        536875073, 
        536875074, 
        536875081, 
        536875095, 
        536875151, 
        536875173, 
        536875199, 
        536875209, 
        536875262, 
        536875271, 
        536875298, 
        536875302, 
        536875309, 
        536875330, 
        536875358, 
        536875372, 
        536875396, 
        536875437, 
        536875455, 
        536875689, 
        536875743, 
        536875796, 
        536875797, 
        536875819, 
        536875896, 
        536876212, 
        536876240, 
        536876353, 
        536876357, 
        536876365, 
        536876584, 
        536876665, 
        536876851, 
        536876861, 
        536876864, 
        536877054, 
        536877057, 
        536877103, 
        536877230, 
        536877399, 
        536877407, 
        536877559, 
        536877560, 
        536877603, 
        536877806, 
        536878149, 
        536878217, 
        536878221, 
        536878333, 
        536879020, 
        536879696, 
        536879806, 
        536879870, 
        536880083, 
        536880353, 
        536880441, 
        536880573, 
        536880755, 
        536880944, 
        536881123, 
        536881328, 
        536881329, 
        536881331, 
        536881333, 
        536881334, 
        536881335, 
        536881337, 
        536882753, 
        536882989, 
        536884018, 
        536885438, 
        1073741826
    ], 
    "themes": [
        1, 
        18, 
        27
    ], 
    "total_rating": 65.15760383575946, 
    "total_rating_count": 26, 
    "updated_at": 1528347128090, 
    "url": "https://www.igdb.com/games/ratchet-clank-size-matters"
}