{
    "aggregated_rating": 71.6666666666667, 
    "aggregated_rating_count": 4, 
    "alternative_names": [
        {
            "comment": "Other", 
            "name": "S3"
        }
    ], 
    "category": 0, 
    "collection": 1005, 
    "cover": {
        "cloudinary_id": "yijlnhqg7jswftkyeqb6", 
        "height": 368, 
        "url": "//images.igdb.com/igdb/image/upload/t_thumb/yijlnhqg7jswftkyeqb6.jpg", 
        "width": 256
    }, 
    "created_at": 1417531359739, 
    "developers": [
        3062
    ], 
    "esrb": {
        "rating": 1
    }, 
    "first_release_date": 1128988800000, 
    "game_modes": [
        1, 
        2
    ], 
    "games": [
        8240, 
        8239, 
        8242, 
        26401, 
        24148, 
        277, 
        7460, 
        22530, 
        19431, 
        240
    ], 
    "genres": [
        5, 
        15, 
        24
    ], 
    "id": 8241, 
    "keywords": [
        1, 
        25, 
        132, 
        301, 
        558, 
        563, 
        1025, 
        1107, 
        1333, 
        1373, 
        1671, 
        1821, 
        1971, 
        3627, 
        3782, 
        3961, 
        4259, 
        4359, 
        4525, 
        4611, 
        4730, 
        4901, 
        4906, 
        4907, 
        4956, 
        5309, 
        5320, 
        5444, 
        5455, 
        5523, 
        5530, 
        5775, 
        5789, 
        5813, 
        5939, 
        5999, 
        6021, 
        6023, 
        6216, 
        6246, 
        6296, 
        6298, 
        6315, 
        6327, 
        6497, 
        6581, 
        6625, 
        6628, 
        6635, 
        6829, 
        6922, 
        7025, 
        7038, 
        7091, 
        7341, 
        7419, 
        7515, 
        7621, 
        8133, 
        8203, 
        8211, 
        8766, 
        8793, 
        8958, 
        8976, 
        9529, 
        9699, 
        9798, 
        9813, 
        9903, 
        9909, 
        10073, 
        10367, 
        10370, 
        10460, 
        10507, 
        10602, 
        10674, 
        11200, 
        11469, 
        12116, 
        12345, 
        13109, 
        13561, 
        13572, 
        14044, 
        14156, 
        14157, 
        14158, 
        14159, 
        14160
    ], 
    "name": "SOCOM 3: U.S. Navy SEALs", 
    "pegi": {
        "rating": 4
    }, 
    "platforms": [
        8
    ], 
    "player_perspectives": [
        2
    ], 
    "popularity": 1.333333333333333, 
    "publishers": [
        45
    ], 
    "rating": 70.0442617398718, 
    "rating_count": 3, 
    "release_dates": [
        {
            "category": 0, 
            "date": 1128988800000, 
            "human": "2005-Oct-11", 
            "m": 10, 
            "platform": 8, 
            "region": 2, 
            "y": 2005
        }, 
        {
            "category": 0, 
            "date": 1145577600000, 
            "human": "2006-Apr-21", 
            "m": 4, 
            "platform": 8, 
            "region": 1, 
            "y": 2006
        }
    ], 
    "slug": "socom-3-us-navy-seals", 
    "summary": "The Socom series continues with a single player campaign. 32 player capability is added to the online experience. The series is still about protecting America against urban and rural warfare. Three new AOs are included in this game: Morocco, Poland, and Bangladesh. Maps are 5 to 6 times larger than the last game. Multiple save points have been included. Vehicles can be driven by players and AI. The new weapon customization allows 30 different weapons and attachments. The new TCA system allows the player to quickly give a command.", 
    "tags": [
        1, 
        39, 
        268435461, 
        268435471, 
        268435480, 
        536870913, 
        536870937, 
        536871044, 
        536871213, 
        536871470, 
        536871475, 
        536871937, 
        536872019, 
        536872245, 
        536872285, 
        536872583, 
        536872733, 
        536872883, 
        536874539, 
        536874694, 
        536874873, 
        536875171, 
        536875271, 
        536875437, 
        536875523, 
        536875642, 
        536875813, 
        536875818, 
        536875819, 
        536875868, 
        536876221, 
        536876232, 
        536876356, 
        536876367, 
        536876435, 
        536876442, 
        536876687, 
        536876701, 
        536876725, 
        536876851, 
        536876911, 
        536876933, 
        536876935, 
        536877128, 
        536877158, 
        536877208, 
        536877210, 
        536877227, 
        536877239, 
        536877409, 
        536877493, 
        536877537, 
        536877540, 
        536877547, 
        536877741, 
        536877834, 
        536877937, 
        536877950, 
        536878003, 
        536878253, 
        536878331, 
        536878427, 
        536878533, 
        536879045, 
        536879115, 
        536879123, 
        536879678, 
        536879705, 
        536879870, 
        536879888, 
        536880441, 
        536880611, 
        536880710, 
        536880725, 
        536880815, 
        536880821, 
        536880985, 
        536881279, 
        536881282, 
        536881372, 
        536881419, 
        536881514, 
        536881586, 
        536882112, 
        536882381, 
        536883028, 
        536883257, 
        536884021, 
        536884473, 
        536884484, 
        536884956, 
        536885068, 
        536885069, 
        536885070, 
        536885071, 
        536885072, 
        1073741826
    ], 
    "themes": [
        1, 
        39
    ], 
    "total_rating": 70.85546420326925, 
    "total_rating_count": 7, 
    "updated_at": 1517271068187, 
    "url": "https://www.igdb.com/games/socom-3-us-navy-seals"
}