{
    "alternative_names": [
        {
            "comment": "Other", 
            "name": "S2"
        }
    ], 
    "category": 0, 
    "collection": 1005, 
    "cover": {
        "cloudinary_id": "unsdfksawhu9akxxpmbw", 
        "height": 363, 
        "url": "//images.igdb.com/igdb/image/upload/t_thumb/unsdfksawhu9akxxpmbw.jpg", 
        "width": 256
    }, 
    "created_at": 1417531308500, 
    "developers": [
        3062
    ], 
    "esrb": {
        "rating": 6
    }, 
    "first_release_date": 1067904000000, 
    "game_engines": [
        126
    ], 
    "game_modes": [
        1, 
        2
    ], 
    "games": [
        8239, 
        8241, 
        8242, 
        26401, 
        24148, 
        277, 
        19431, 
        7460, 
        241, 
        908
    ], 
    "genres": [
        5, 
        13, 
        15, 
        24
    ], 
    "id": 8240, 
    "keywords": [
        1, 
        132, 
        301, 
        558, 
        563, 
        1025, 
        1107, 
        1148, 
        1333, 
        1373, 
        1671, 
        1971, 
        2450, 
        3782, 
        3961, 
        4259, 
        4340, 
        4359, 
        4525, 
        4611, 
        4730, 
        4892, 
        4901, 
        4906, 
        4907, 
        4956, 
        5213, 
        5309, 
        5320, 
        5444, 
        5455, 
        5523, 
        5529, 
        5775, 
        5789, 
        5813, 
        5999, 
        6021, 
        6023, 
        6216, 
        6296, 
        6298, 
        6300, 
        6310, 
        6315, 
        6327, 
        6581, 
        6625, 
        6628, 
        6635, 
        6829, 
        6922, 
        7025, 
        7038, 
        7091, 
        7341, 
        7419, 
        7621, 
        8133, 
        8203, 
        8211, 
        8766, 
        8793, 
        8853, 
        8958, 
        8976, 
        9529, 
        9798, 
        9813, 
        9903, 
        9909, 
        10211, 
        10367, 
        10370, 
        10460, 
        10507, 
        10602, 
        10674, 
        11200, 
        11469, 
        12116, 
        12345, 
        13115, 
        13561, 
        14044, 
        14156
    ], 
    "name": "SOCOM II: U.S. Navy SEALs", 
    "pegi": {
        "rating": 4
    }, 
    "platforms": [
        8
    ], 
    "player_perspectives": [
        2
    ], 
    "popularity": 1.333333333333333, 
    "publishers": [
        45
    ], 
    "rating": 89.78727528226001, 
    "rating_count": 4, 
    "release_dates": [
        {
            "category": 0, 
            "date": 1067904000000, 
            "human": "2003-Nov-04", 
            "m": 11, 
            "platform": 8, 
            "region": 2, 
            "y": 2003
        }, 
        {
            "category": 0, 
            "date": 1078444800000, 
            "human": "2004-Mar-05", 
            "m": 3, 
            "platform": 8, 
            "region": 1, 
            "y": 2004
        }
    ], 
    "screenshots": [
        {
            "cloudinary_id": "c36orj2biwbiheauipvb", 
            "height": 194, 
            "url": "//images.igdb.com/igdb/image/upload/t_thumb/c36orj2biwbiheauipvb.jpg", 
            "width": 259
        }, 
        {
            "cloudinary_id": "dbbgscjugym0v2vrlfmu", 
            "height": 188, 
            "url": "//images.igdb.com/igdb/image/upload/t_thumb/dbbgscjugym0v2vrlfmu.jpg", 
            "width": 268
        }, 
        {
            "cloudinary_id": "s37yvszi4b9qetmk6uux", 
            "height": 180, 
            "url": "//images.igdb.com/igdb/image/upload/t_thumb/s37yvszi4b9qetmk6uux.jpg", 
            "width": 240
        }
    ], 
    "slug": "socom-ii-us-navy-seals", 
    "summary": "SOCOM II is a third-person tactical shooter. There are 12 different single-player missions: split equally between Albania, Algeria, Brazil and Russia. There are five different ranks that can be played in the game: Ensign, Lieutenant, Commander, Captain and Admiral. The player starts with the first three ranks unlocked, but must finish the single player game on Commander to unlock Captain, and on Captain to unlock Admiral. Players can unlock new models for multiplayer, as well as movies, music, concept art, and credits by completing certain objectives.", 
    "tags": [
        1, 
        39, 
        268435461, 
        268435469, 
        268435471, 
        268435480, 
        536870913, 
        536871044, 
        536871213, 
        536871470, 
        536871475, 
        536871937, 
        536872019, 
        536872060, 
        536872245, 
        536872285, 
        536872583, 
        536872883, 
        536873362, 
        536874694, 
        536874873, 
        536875171, 
        536875252, 
        536875271, 
        536875437, 
        536875523, 
        536875642, 
        536875804, 
        536875813, 
        536875818, 
        536875819, 
        536875868, 
        536876125, 
        536876221, 
        536876232, 
        536876356, 
        536876367, 
        536876435, 
        536876441, 
        536876687, 
        536876701, 
        536876725, 
        536876911, 
        536876933, 
        536876935, 
        536877128, 
        536877208, 
        536877210, 
        536877212, 
        536877222, 
        536877227, 
        536877239, 
        536877493, 
        536877537, 
        536877540, 
        536877547, 
        536877741, 
        536877834, 
        536877937, 
        536877950, 
        536878003, 
        536878253, 
        536878331, 
        536878533, 
        536879045, 
        536879115, 
        536879123, 
        536879678, 
        536879705, 
        536879765, 
        536879870, 
        536879888, 
        536880441, 
        536880710, 
        536880725, 
        536880815, 
        536880821, 
        536881123, 
        536881279, 
        536881282, 
        536881372, 
        536881419, 
        536881514, 
        536881586, 
        536882112, 
        536882381, 
        536883028, 
        536883257, 
        536884027, 
        536884473, 
        536884956, 
        536885068, 
        1073741826
    ], 
    "themes": [
        1, 
        39
    ], 
    "total_rating": 89.78727528226001, 
    "total_rating_count": 4, 
    "updated_at": 1517270795252, 
    "url": "https://www.igdb.com/games/socom-ii-us-navy-seals"
}