{
    "aggregated_rating": 64.3333333333333, 
    "aggregated_rating_count": 4, 
    "alternative_names": [
        {
            "comment": "Other", 
            "name": "Star Wars: Episode 3 - Revenge of the Sith"
        }, 
        {
            "name": "Star Wars Episode III: Revenge of the Sith"
        }, 
        {
            "comment": "German title", 
            "name": "Star Wars Episode III: Die Rache der Sith"
        }
    ], 
    "category": 0, 
    "collection": 2172, 
    "cover": {
        "cloudinary_id": "rnrdmdmlh1rlvoyjwobf", 
        "height": 1025, 
        "url": "//images.igdb.com/igdb/image/upload/t_thumb/rnrdmdmlh1rlvoyjwobf.jpg", 
        "width": 756
    }, 
    "created_at": 1397843626095, 
    "developers": [
        271, 
        38
    ], 
    "esrb": {
        "rating": 5
    }, 
    "first_release_date": 1115251200000, 
    "franchise": 1, 
    "franchises": [
        1
    ], 
    "game_modes": [
        1, 
        2
    ], 
    "games": [
        26401, 
        25300, 
        11567, 
        36950, 
        19577, 
        36856, 
        141, 
        27314, 
        19448, 
        12858
    ], 
    "genres": [
        25, 
        31
    ], 
    "id": 6159, 
    "keywords": [
        221, 
        472, 
        575, 
        947, 
        970, 
        1033, 
        1059, 
        1144, 
        1637, 
        1675, 
        2312, 
        4142, 
        4164, 
        4350, 
        4382, 
        4446, 
        4552, 
        4694, 
        4758, 
        4860, 
        4923, 
        4924, 
        4935, 
        4998, 
        5150, 
        5354, 
        5587, 
        5791, 
        6779, 
        7505, 
        7590, 
        7593, 
        7601, 
        8840, 
        8853, 
        8982, 
        9256, 
        9529, 
        10805, 
        11311, 
        11784, 
        12870, 
        12962, 
        13295, 
        13300, 
        13936, 
        14581, 
        16106
    ], 
    "name": "Star Wars: Episode III - Revenge of the Sith", 
    "pegi": {
        "rating": 3, 
        "synopsis": "The content of this game is suitable for persons aged 12 years and over only.\r\n\r\nIt contains: Non realistic looking violence towards fantasy characters - Realistic looking violence"
    }, 
    "platforms": [
        11, 
        24, 
        20, 
        55, 
        8
    ], 
    "player_perspectives": [
        2
    ], 
    "popularity": 1.333333333333333, 
    "publishers": [
        10, 
        104
    ], 
    "rating": 65.4243429449902, 
    "rating_count": 21, 
    "release_dates": [
        {
            "category": 0, 
            "date": 1115251200000, 
            "human": "2005-May-05", 
            "m": 5, 
            "platform": 11, 
            "y": 2005
        }, 
        {
            "category": 0, 
            "date": 1115251200000, 
            "human": "2005-May-05", 
            "m": 5, 
            "platform": 8, 
            "y": 2005
        }, 
        {
            "category": 0, 
            "date": 1115251200000, 
            "human": "2005-May-05", 
            "m": 5, 
            "platform": 24, 
            "y": 2005
        }, 
        {
            "category": 0, 
            "date": 1115251200000, 
            "human": "2005-May-05", 
            "m": 5, 
            "platform": 20, 
            "y": 2005
        }, 
        {
            "category": 0, 
            "date": 1115251200000, 
            "human": "2005-May-05", 
            "m": 5, 
            "platform": 55, 
            "y": 2005
        }
    ], 
    "screenshots": [
        {
            "cloudinary_id": "ihgybnzkmclvohwoldbb", 
            "height": 327, 
            "url": "//images.igdb.com/igdb/image/upload/t_thumb/ihgybnzkmclvohwoldbb.jpg", 
            "width": 480
        }, 
        {
            "cloudinary_id": "zs5m6sy1wbrbutstfjxl", 
            "height": 480, 
            "url": "//images.igdb.com/igdb/image/upload/t_thumb/zs5m6sy1wbrbutstfjxl.jpg", 
            "width": 640
        }, 
        {
            "cloudinary_id": "u8gs59ev0yiknxldvrml", 
            "height": 326, 
            "url": "//images.igdb.com/igdb/image/upload/t_thumb/u8gs59ev0yiknxldvrml.jpg", 
            "width": 479
        }
    ], 
    "slug": "star-wars-episode-iii-revenge-of-the-sith", 
    "summary": "Third-person action/adventure game, Star Wars: Episode III, delivers the ultimate Jedi action experience as Anakin Skywalker and Obi-Wan Kenobi join forces in fierce battles and heroic lightsaber duels until one's lust for power and the other's devotion to duty leads to a final confrontation between good and evil. \n \nIn Star Wars: Episode III, players control all the Jedi abilities of both Anakin Skywalker and Obi-Wan Kenobi, including devastating Force powers and advanced lightsaber techniques involving robust combo attacks and defensive maneuvers. As Anakin, unleash the power of the dark side in ruthless lightsaber and Force attacks. As Obi-Wan, struggle to save the galaxy from darkness by focusing the power of the light side into swift and precise lightsaber attacks and using the Force to control enemy actions.", 
    "tags": [
        1, 
        18, 
        268435481, 
        268435487, 
        536871133, 
        536871384, 
        536871487, 
        536871859, 
        536871882, 
        536871945, 
        536871971, 
        536872056, 
        536872549, 
        536872587, 
        536873224, 
        536875054, 
        536875076, 
        536875262, 
        536875294, 
        536875358, 
        536875464, 
        536875606, 
        536875670, 
        536875772, 
        536875835, 
        536875836, 
        536875847, 
        536875910, 
        536876062, 
        536876266, 
        536876499, 
        536876703, 
        536877691, 
        536878417, 
        536878502, 
        536878505, 
        536878513, 
        536879752, 
        536879765, 
        536879894, 
        536880168, 
        536880441, 
        536881717, 
        536882223, 
        536882696, 
        536883782, 
        536883874, 
        536884207, 
        536884212, 
        536884848, 
        536885493, 
        536887018, 
        1073741826
    ], 
    "themes": [
        1, 
        18
    ], 
    "total_rating": 64.87883813916176, 
    "total_rating_count": 25, 
    "updated_at": 1520943478881, 
    "url": "https://www.igdb.com/games/star-wars-episode-iii-revenge-of-the-sith", 
    "videos": [
        {
            "name": "Trailer", 
            "video_id": "nm30YEOthcs"
        }
    ], 
    "websites": [
        {
            "category": 3, 
            "url": "https://en.wikipedia.org/wiki/Star_Wars:_Episode_III_%E2%80%93_Revenge_of_the_Sith_(video_game)"
        }, 
        {
            "category": 2, 
            "url": "http://starwars.wikia.com/wiki/Star_Wars_Episode_III:_Revenge_of_the_Sith_(video_game)"
        }
    ]
}