{
    "aggregated_rating": 85.0, 
    "aggregated_rating_count": 2, 
    "alternative_names": [
        {
            "comment": "Other", 
            "name": "Suikoden 3"
        }, 
        {
            "comment": "Other", 
            "name": "Suikoden 1 2"
        }, 
        {
            "name": "\u5e7b\u60f3\u6c34\u6ef8\u4f1dIII"
        }
    ], 
    "category": 0, 
    "collection": 304, 
    "cover": {
        "cloudinary_id": "r2eces74htmfyaotbmhq", 
        "height": 681, 
        "url": "//images.igdb.com/igdb/image/upload/t_thumb/r2eces74htmfyaotbmhq.jpg", 
        "width": 480
    }, 
    "created_at": 1349604008173, 
    "esrb": {
        "rating": 5
    }, 
    "first_release_date": 1026345600000, 
    "games": [
        1443, 
        1454, 
        23198, 
        1819, 
        6, 
        26766, 
        7202, 
        1219, 
        1128, 
        26841
    ], 
    "genres": [
        12, 
        15
    ], 
    "hypes": 1, 
    "id": 1448, 
    "keywords": [
        61, 
        164, 
        226, 
        227, 
        296, 
        301, 
        497, 
        558, 
        960, 
        1026, 
        1186, 
        1313, 
        1735, 
        1986, 
        2071, 
        2154, 
        2199, 
        2561, 
        2978, 
        3037, 
        3433, 
        3486, 
        3776, 
        3782, 
        4134, 
        4145, 
        4162, 
        4284, 
        4331, 
        4359, 
        4388, 
        4392, 
        4395, 
        4471, 
        4477, 
        4507, 
        4543, 
        4544, 
        4584, 
        4611, 
        4613, 
        4709, 
        4780, 
        4862, 
        4891, 
        5040, 
        5307, 
        5320, 
        5400, 
        5595, 
        5610, 
        5820, 
        5935, 
        6048, 
        6064, 
        6084, 
        6091, 
        6211, 
        6212, 
        6667, 
        6854, 
        7010, 
        7122, 
        7166, 
        7296, 
        7411, 
        7423, 
        7470, 
        7474, 
        8853, 
        8983, 
        8987, 
        9025, 
        9293, 
        9339, 
        9663, 
        9931, 
        10435, 
        11281, 
        12815, 
        12924, 
        13117, 
        15796, 
        15842, 
        15843
    ], 
    "name": "Suikoden III", 
    "platforms": [
        45, 
        8
    ], 
    "player_perspectives": [
        2
    ], 
    "popularity": 1.333333333333333, 
    "rating": 81.71977998908339, 
    "rating_count": 4, 
    "release_dates": [
        {
            "category": 0, 
            "date": 1435017600000, 
            "human": "2015-Jun-23", 
            "m": 6, 
            "platform": 45, 
            "region": 2, 
            "y": 2015
        }, 
        {
            "category": 0, 
            "date": 1035244800000, 
            "human": "2002-Oct-22", 
            "m": 10, 
            "platform": 8, 
            "region": 2, 
            "y": 2002
        }, 
        {
            "category": 0, 
            "date": 1026345600000, 
            "human": "2002-Jul-11", 
            "m": 7, 
            "platform": 8, 
            "region": 5, 
            "y": 2002
        }, 
        {
            "category": 0, 
            "date": 1429056000000, 
            "human": "2015-Apr-15", 
            "m": 4, 
            "platform": 45, 
            "region": 5, 
            "y": 2015
        }, 
        {
            "category": 0, 
            "date": 1435104000000, 
            "human": "2015-Jun-24", 
            "m": 6, 
            "platform": 45, 
            "region": 1, 
            "y": 2015
        }
    ], 
    "screenshots": [
        {
            "cloudinary_id": "yshc4hmbs8jcj4lelmch", 
            "height": 440, 
            "url": "//images.igdb.com/igdb/image/upload/t_thumb/yshc4hmbs8jcj4lelmch.jpg", 
            "width": 640
        }, 
        {
            "cloudinary_id": "ius6ei92ehwf8z2xepem", 
            "height": 467, 
            "url": "//images.igdb.com/igdb/image/upload/t_thumb/ius6ei92ehwf8z2xepem.jpg", 
            "width": 640
        }
    ], 
    "slug": "suikoden-iii", 
    "summary": "Fifteen years after the events of Suikoden II, the stories of Hugo (the son of a village chief), Chris (the virtuous Knight of Zexen), and Geddoe (the rebellious unit commander) intertwine as they gather the 108 Stars of Destiny. Suikoden III features three different battle systems and three styles of combat in a 3D world. Customize each of your three character's skills, and then pair them together to unleash devastating combo attacks.", 
    "tags": [
        268435468, 
        268435471, 
        536870973, 
        536871076, 
        536871138, 
        536871139, 
        536871208, 
        536871213, 
        536871409, 
        536871470, 
        536871872, 
        536871938, 
        536872098, 
        536872225, 
        536872647, 
        536872898, 
        536872983, 
        536873066, 
        536873111, 
        536873473, 
        536873890, 
        536873949, 
        536874345, 
        536874398, 
        536874688, 
        536874694, 
        536875046, 
        536875057, 
        536875074, 
        536875196, 
        536875243, 
        536875271, 
        536875300, 
        536875304, 
        536875307, 
        536875383, 
        536875389, 
        536875419, 
        536875455, 
        536875456, 
        536875496, 
        536875523, 
        536875525, 
        536875621, 
        536875692, 
        536875774, 
        536875803, 
        536875952, 
        536876219, 
        536876232, 
        536876312, 
        536876507, 
        536876522, 
        536876732, 
        536876847, 
        536876960, 
        536876976, 
        536876996, 
        536877003, 
        536877123, 
        536877124, 
        536877579, 
        536877766, 
        536877922, 
        536878034, 
        536878078, 
        536878208, 
        536878323, 
        536878335, 
        536878382, 
        536878386, 
        536879765, 
        536879895, 
        536879899, 
        536879937, 
        536880205, 
        536880251, 
        536880575, 
        536880843, 
        536881347, 
        536882193, 
        536883727, 
        536883836, 
        536884029, 
        536886708, 
        536886754, 
        536886755, 
        1073741826
    ], 
    "total_rating": 83.3598899945417, 
    "total_rating_count": 6, 
    "updated_at": 1523856855147, 
    "url": "https://www.igdb.com/games/suikoden-iii", 
    "videos": [
        {
            "name": "Trailer", 
            "video_id": "VijYRD_KsQE"
        }, 
        {
            "name": "Game intro", 
            "video_id": "fA_gDnwcdZ8"
        }
    ]
}