{
    "aggregated_rating": 50.0, 
    "aggregated_rating_count": 2, 
    "category": 0, 
    "collection": 289, 
    "cover": {
        "cloudinary_id": "fiqizpixgg61juuo7zg9", 
        "height": 1932, 
        "url": "//images.igdb.com/igdb/image/upload/t_thumb/fiqizpixgg61juuo7zg9.jpg", 
        "width": 1524
    }, 
    "created_at": 1348394711483, 
    "developers": [
        2005, 
        1847
    ], 
    "esrb": {
        "rating": 6, 
        "synopsis": ""
    }, 
    "first_release_date": 1030320000000, 
    "game_modes": [
        1, 
        4
    ], 
    "games": [
        1321, 
        26401, 
        27314, 
        7351, 
        529, 
        7350, 
        25300, 
        141, 
        2413, 
        6958
    ], 
    "genres": [
        5, 
        31
    ], 
    "id": 1329, 
    "keywords": [
        25, 
        87, 
        129, 
        301, 
        453, 
        558, 
        970, 
        1027, 
        1322, 
        1440, 
        1478, 
        2841, 
        3270, 
        3486, 
        3626, 
        3627, 
        4210, 
        4310, 
        4330, 
        4359, 
        4391, 
        4392, 
        4397, 
        4446, 
        4534, 
        4552, 
        4571, 
        4572, 
        4573, 
        4660, 
        4661, 
        4731, 
        4891, 
        4892, 
        4927, 
        4990, 
        5029, 
        5116, 
        5350, 
        5443, 
        5444, 
        5500, 
        5775, 
        5820, 
        5941, 
        5964, 
        6248, 
        6318, 
        6340, 
        6370, 
        6395, 
        6651, 
        6655, 
        6801, 
        7038, 
        7040, 
        7405, 
        8771, 
        8969, 
        8991, 
        9158, 
        9311, 
        9312, 
        9529, 
        9727, 
        9925, 
        10047, 
        10321, 
        10602, 
        12119, 
        12175, 
        12381, 
        13117, 
        13118, 
        13295, 
        16054
    ], 
    "name": "Turok: Evolution", 
    "pegi": {
        "rating": 4, 
        "synopsis": "The content of this game is suitable for persons aged 16 years and over only.\r\nIt contains: Realistic looking violence"
    }, 
    "platforms": [
        6, 
        11, 
        24, 
        21, 
        8
    ], 
    "player_perspectives": [
        1
    ], 
    "popularity": 2.333333333333333, 
    "publishers": [
        287
    ], 
    "rating": 52.8811192012109, 
    "rating_count": 5, 
    "release_dates": [
        {
            "category": 0, 
            "date": 1031875200000, 
            "human": "2002-Sep-13", 
            "m": 9, 
            "platform": 24, 
            "region": 1, 
            "y": 2002
        }, 
        {
            "category": 0, 
            "date": 1031270400000, 
            "human": "2002-Sep-06", 
            "m": 9, 
            "platform": 11, 
            "region": 1, 
            "y": 2002
        }, 
        {
            "category": 0, 
            "date": 1031270400000, 
            "human": "2002-Sep-06", 
            "m": 9, 
            "platform": 8, 
            "region": 1, 
            "y": 2002
        }, 
        {
            "category": 0, 
            "date": 1033084800000, 
            "human": "2002-Sep-27", 
            "m": 9, 
            "platform": 21, 
            "region": 1, 
            "y": 2002
        }, 
        {
            "category": 0, 
            "date": 1030320000000, 
            "human": "2002-Aug-26", 
            "m": 8, 
            "platform": 24, 
            "region": 2, 
            "y": 2002
        }, 
        {
            "category": 0, 
            "date": 1030492800000, 
            "human": "2002-Aug-28", 
            "m": 8, 
            "platform": 11, 
            "region": 2, 
            "y": 2002
        }, 
        {
            "category": 0, 
            "date": 1030492800000, 
            "human": "2002-Aug-28", 
            "m": 8, 
            "platform": 8, 
            "region": 2, 
            "y": 2002
        }, 
        {
            "category": 0, 
            "date": 1035417600000, 
            "human": "2002-Oct-24", 
            "m": 10, 
            "platform": 6, 
            "region": 1, 
            "y": 2002
        }, 
        {
            "category": 0, 
            "date": 1030492800000, 
            "human": "2002-Aug-28", 
            "m": 8, 
            "platform": 21, 
            "region": 2, 
            "y": 2002
        }
    ], 
    "slug": "turok-evolution", 
    "summary": "Get locked and loaded in an exciting prequel to the Turok series. Turok: Evolution is an epic adventure set against the backdrop of living jungles, mysterious temples, and deadly dinosaurs. Battle over 32 types of dinosaurs as Tal'Set, a warrior caught in the midst of a brutal war in the Lost Land. Use your arsenal of all-new weapons including Variable Payload Cruise Missiles, Gravity Disruptor beams, and the Swarm Bore. Soar through the skies on a winged Quetzalcoatlus, or set out on foot on of the lush interactive environments. Experience an adventure before time.", 
    "tags": [
        1, 
        18, 
        21, 
        268435461, 
        268435487, 
        536870937, 
        536870999, 
        536871041, 
        536871213, 
        536871365, 
        536871470, 
        536871882, 
        536871939, 
        536872234, 
        536872352, 
        536872390, 
        536873753, 
        536874182, 
        536874398, 
        536874538, 
        536874539, 
        536875122, 
        536875222, 
        536875242, 
        536875271, 
        536875303, 
        536875304, 
        536875309, 
        536875358, 
        536875446, 
        536875464, 
        536875483, 
        536875484, 
        536875485, 
        536875572, 
        536875573, 
        536875643, 
        536875803, 
        536875804, 
        536875839, 
        536875902, 
        536875941, 
        536876028, 
        536876262, 
        536876355, 
        536876356, 
        536876412, 
        536876687, 
        536876732, 
        536876853, 
        536876876, 
        536877160, 
        536877230, 
        536877252, 
        536877282, 
        536877307, 
        536877563, 
        536877567, 
        536877713, 
        536877950, 
        536877952, 
        536878317, 
        536879683, 
        536879881, 
        536879903, 
        536880070, 
        536880223, 
        536880224, 
        536880441, 
        536880639, 
        536880837, 
        536880959, 
        536881233, 
        536881514, 
        536883031, 
        536883087, 
        536883293, 
        536884029, 
        536884030, 
        536884207, 
        536886966, 
        1073741825
    ], 
    "themes": [
        1, 
        18, 
        21
    ], 
    "total_rating": 51.44055960060545, 
    "total_rating_count": 7, 
    "updated_at": 1513086914672, 
    "url": "https://www.igdb.com/games/turok-evolution", 
    "videos": [
        {
            "name": "Trailer", 
            "video_id": "4zWib9AVJyU"
        }
    ], 
    "websites": [
        {
            "category": 3, 
            "url": "https://en.wikipedia.org/wiki/Turok:_Evolution"
        }, 
        {
            "category": 2, 
            "url": "http://turok.wikia.com/wiki/Turok:_Evolution"
        }
    ]
}