{
    "aggregated_rating": 70.7142857142857, 
    "aggregated_rating_count": 7, 
    "category": 0, 
    "cover": {
        "cloudinary_id": "cq6irukg6x3f0lixxh9j", 
        "height": 848, 
        "url": "//images.igdb.com/igdb/image/upload/t_thumb/cq6irukg6x3f0lixxh9j.jpg", 
        "width": 2048
    }, 
    "created_at": 1447508075984, 
    "developers": [
        5048, 
        8590
    ], 
    "esrb": {
        "rating": 3
    }, 
    "external": {
        "steam": "285820"
    }, 
    "first_release_date": 1431302400000, 
    "game_engines": [
        13
    ], 
    "game_modes": [
        1, 
        2
    ], 
    "games": [
        6732, 
        72373, 
        536, 
        55752, 
        16992, 
        3035, 
        18387, 
        7202, 
        19407, 
        7344
    ], 
    "genres": [
        8, 
        10, 
        14, 
        32
    ], 
    "id": 14550, 
    "keywords": [
        26, 
        27, 
        117, 
        296, 
        350, 
        488, 
        822, 
        1158, 
        1186, 
        1688, 
        1761, 
        2049, 
        2185, 
        3794, 
        3901, 
        4134, 
        4151, 
        4261, 
        4266, 
        4295, 
        4359, 
        4403, 
        4410, 
        4414, 
        4418, 
        4428, 
        4432, 
        4521, 
        4576, 
        4598, 
        4599, 
        4601, 
        4635, 
        4799, 
        5161, 
        5164, 
        5177, 
        5185, 
        5214, 
        5259, 
        5316, 
        5366, 
        5379, 
        5420, 
        5553, 
        5737, 
        6134, 
        6606, 
        7148, 
        8867, 
        9040
    ], 
    "multiplayer_modes": [
        {
            "campaigncoop": false, 
            "dropin": false, 
            "lancoop": false, 
            "offlinecoop": false, 
            "offlinecoopmax": 0, 
            "offlinemax": 4, 
            "onlinecoop": false, 
            "onlinecoopmax": 0, 
            "onlinemax": 0, 
            "platform": 49, 
            "splitscreen": false, 
            "splitscreenonline": false
        }
    ], 
    "name": "Action Henk", 
    "platforms": [
        45, 
        6, 
        92, 
        14, 
        41, 
        46, 
        9, 
        48, 
        49, 
        3
    ], 
    "player_perspectives": [
        4
    ], 
    "popularity": 1.333333333333333, 
    "publishers": [
        8590
    ], 
    "rating": 63.9590179779625, 
    "rating_count": 4, 
    "release_dates": [
        {
            "category": 0, 
            "date": 1457049600000, 
            "human": "2016-Mar-04", 
            "m": 3, 
            "platform": 49, 
            "region": 2, 
            "y": 2016
        }, 
        {
            "category": 0, 
            "date": 1457395200000, 
            "human": "2016-Mar-08", 
            "m": 3, 
            "platform": 45, 
            "region": 1, 
            "y": 2016
        }, 
        {
            "category": 0, 
            "date": 1457395200000, 
            "human": "2016-Mar-08", 
            "m": 3, 
            "platform": 45, 
            "region": 2, 
            "y": 2016
        }, 
        {
            "category": 0, 
            "date": 1431302400000, 
            "human": "2015-May-11", 
            "m": 5, 
            "platform": 6, 
            "region": 8, 
            "y": 2015
        }, 
        {
            "category": 0, 
            "date": 1431302400000, 
            "human": "2015-May-11", 
            "m": 5, 
            "platform": 14, 
            "region": 8, 
            "y": 2015
        }, 
        {
            "category": 0, 
            "date": 1431302400000, 
            "human": "2015-May-11", 
            "m": 5, 
            "platform": 3, 
            "region": 8, 
            "y": 2015
        }, 
        {
            "category": 0, 
            "date": 1431302400000, 
            "human": "2015-May-11", 
            "m": 5, 
            "platform": 92, 
            "region": 8, 
            "y": 2015
        }, 
        {
            "category": 4, 
            "date": 1467244800000, 
            "human": "2016-Q2", 
            "m": 6, 
            "platform": 9, 
            "region": 8, 
            "y": 2016
        }, 
        {
            "category": 5, 
            "date": 1475193600000, 
            "human": "2016-Q3", 
            "m": 9, 
            "platform": 48, 
            "region": 8, 
            "y": 2016
        }, 
        {
            "category": 5, 
            "date": 1475193600000, 
            "human": "2016-Q3", 
            "m": 9, 
            "platform": 46, 
            "region": 8, 
            "y": 2016
        }, 
        {
            "category": 5, 
            "date": 1475193600000, 
            "human": "2016-Q3", 
            "m": 9, 
            "platform": 41, 
            "region": 8, 
            "y": 2016
        }, 
        {
            "category": 4, 
            "date": 1467244800000, 
            "human": "2016-Q2", 
            "m": 6, 
            "platform": 49, 
            "region": 8, 
            "y": 2016
        }
    ], 
    "screenshots": [
        {
            "cloudinary_id": "xrxjce5kl2awftke5cew", 
            "height": 1080, 
            "url": "//images.igdb.com/igdb/image/upload/t_thumb/xrxjce5kl2awftke5cew.jpg", 
            "width": 1920
        }, 
        {
            "cloudinary_id": "ctkuc1p5yguenge3xcmf", 
            "height": 1080, 
            "url": "//images.igdb.com/igdb/image/upload/t_thumb/ctkuc1p5yguenge3xcmf.jpg", 
            "width": 1920
        }, 
        {
            "cloudinary_id": "uhejoazjvedok8whjew0", 
            "height": 1080, 
            "url": "//images.igdb.com/igdb/image/upload/t_thumb/uhejoazjvedok8whjew0.jpg", 
            "width": 1920
        }, 
        {
            "cloudinary_id": "ihxm3mr0yggdwglmpami", 
            "height": 1080, 
            "url": "//images.igdb.com/igdb/image/upload/t_thumb/ihxm3mr0yggdwglmpami.jpg", 
            "width": 1920
        }, 
        {
            "cloudinary_id": "iqlmewwajgcitjbdu8wg", 
            "height": 1080, 
            "url": "//images.igdb.com/igdb/image/upload/t_thumb/iqlmewwajgcitjbdu8wg.jpg", 
            "width": 1920
        }
    ], 
    "slug": "action-henk", 
    "summary": "Run, jump and butt-slide into the glorious toy-filled world of Action Henk! Become a master of momentum and defy physics as you race against a band of ragged 90s action figures to once and for all prove that Action Henk is the fastest of them all!", 
    "tags": [
        1, 
        27, 
        268435464, 
        268435466, 
        268435470, 
        268435488, 
        536870938, 
        536870939, 
        536871029, 
        536871208, 
        536871262, 
        536871400, 
        536871734, 
        536872070, 
        536872098, 
        536872600, 
        536872673, 
        536872961, 
        536873097, 
        536874706, 
        536874813, 
        536875046, 
        536875063, 
        536875173, 
        536875178, 
        536875207, 
        536875271, 
        536875315, 
        536875322, 
        536875326, 
        536875330, 
        536875340, 
        536875344, 
        536875433, 
        536875488, 
        536875510, 
        536875511, 
        536875513, 
        536875547, 
        536875711, 
        536876073, 
        536876076, 
        536876089, 
        536876097, 
        536876126, 
        536876171, 
        536876228, 
        536876278, 
        536876291, 
        536876332, 
        536876465, 
        536876649, 
        536877046, 
        536877518, 
        536878060, 
        536879779, 
        536879952, 
        1073741828
    ], 
    "themes": [
        1, 
        27
    ], 
    "total_rating": 67.3366518461241, 
    "total_rating_count": 11, 
    "updated_at": 1528350345022, 
    "url": "https://www.igdb.com/games/action-henk",