{
    "aggregated_rating": 83.3333333333333, 
    "aggregated_rating_count": 3, 
    "category": 0, 
    "collection": 2571, 
    "cover": {
        "cloudinary_id": "mkonypprzajatbdiv2bi", 
        "height": 1384, 
        "url": "//images.igdb.com/igdb/image/upload/t_thumb/mkonypprzajatbdiv2bi.jpg", 
        "width": 1024
    }, 
    "created_at": 1401347899081, 
    "developers": [
        4534
    ], 
    "esrb": {
        "rating": 4
    }, 
    "external": {
        "steam": "248310"
    }, 
    "first_release_date": 1404086400000, 
    "game_engines": [
        156
    ], 
    "game_modes": [
        1
    ], 
    "games": [
        6732, 
        7344, 
        23689, 
        6705, 
        16513, 
        14593, 
        7202, 
        26855, 
        55752, 
        3231
    ], 
    "genres": [
        8, 
        32
    ], 
    "hypes": 1, 
    "id": 7116, 
    "keywords": [
        3, 
        46, 
        57, 
        72, 
        78, 
        117, 
        126, 
        153, 
        163, 
        172, 
        185, 
        203, 
        241, 
        283, 
        296, 
        307, 
        382, 
        383, 
        386, 
        426, 
        436, 
        438, 
        481, 
        503, 
        513, 
        524, 
        535, 
        545, 
        575, 
        864, 
        894, 
        923, 
        957, 
        962, 
        968, 
        974, 
        1033, 
        1052, 
        1059, 
        1065, 
        1074, 
        1158, 
        1186, 
        1427, 
        1494, 
        2049, 
        2155, 
        2184, 
        2324, 
        2493, 
        3297, 
        4004, 
        4134, 
        4150, 
        4151, 
        4173, 
        4176, 
        4276, 
        4287, 
        4296, 
        4787, 
        4789, 
        4828, 
        4833, 
        4957, 
        5343, 
        5379, 
        5632, 
        5962, 
        6128, 
        6318, 
        7304, 
        10431, 
        11021
    ], 
    "name": "Freedom Planet", 
    "pegi": {
        "rating": 3, 
        "synopsis": "The content of this game is suitable for persons aged 12 years and over only.\r\nIt contains: Realistic looking violence towards non human looking characters - Non realistic looking violence towards human characters"
    }, 
    "platforms": [
        45, 
        6, 
        41, 
        130
    ], 
    "player_perspectives": [
        4, 
        5
    ], 
    "popularity": 1.333333333333333, 
    "publishers": [
        4534
    ], 
    "pulse_count": 6, 
    "rating": 80.2271327778281, 
    "rating_count": 8, 
    "release_dates": [
        {
            "category": 6, 
            "date": 1546214400000, 
            "human": "2018-Q4", 
            "m": 12, 
            "platform": 130, 
            "y": 2018
        }, 
        {
            "category": 0, 
            "date": 1446076800000, 
            "human": "2015-Oct-29", 
            "m": 10, 
            "platform": 41, 
            "region": 1, 
            "y": 2015
        }, 
        {
            "category": 0, 
            "date": 1443657600000, 
            "human": "2015-Oct-01", 
            "m": 10, 
            "platform": 41, 
            "region": 2, 
            "y": 2015
        }, 
        {
            "category": 0, 
            "date": 1490054400000, 
            "human": "2017-Mar-21", 
            "m": 3, 
            "platform": 45, 
            "region": 2, 
            "y": 2017
        }, 
        {
            "category": 0, 
            "date": 1404086400000, 
            "human": "2014-Jun-30", 
            "m": 6, 
            "platform": 6, 
            "region": 8, 
            "y": 2014
        }
    ], 
    "screenshots": [
        {
            "cloudinary_id": "b0hxytzeg2kajtzca5a0", 
            "height": 480, 
            "url": "//images.igdb.com/igdb/image/upload/t_thumb/b0hxytzeg2kajtzca5a0.jpg", 
            "width": 852
        }, 
        {
            "cloudinary_id": "ty8whwiqvg384rcfeowr", 
            "height": 480, 
            "url": "//images.igdb.com/igdb/image/upload/t_thumb/ty8whwiqvg384rcfeowr.jpg", 
            "width": 852
        }, 
        {
            "cloudinary_id": "jru36degcnd7rh0ahu39", 
            "height": 480, 
            "url": "//images.igdb.com/igdb/image/upload/t_thumb/jru36degcnd7rh0ahu39.jpg", 
            "width": 852
        }, 
        {
            "cloudinary_id": "kdkicpls8brd3e36mnsl", 
            "height": 480, 
            "url": "//images.igdb.com/igdb/image/upload/t_thumb/kdkicpls8brd3e36mnsl.jpg", 
            "width": 852
        }, 
        {
            "cloudinary_id": "atpmp90ip3wkkdsridk8", 
            "height": 480, 
            "url": "//images.igdb.com/igdb/image/upload/t_thumb/atpmp90ip3wkkdsridk8.jpg", 
            "width": 852
        }
    ], 
    "slug": "freedom-planet", 
    "summary": "Freedom Planet is a combat-based platform adventure that pits a spunky dragon girl and her friends against an alien attack force. There's trouble around every turn, from insects to giant robots to sheer explosive destruction, but you'll have a variety of special fighting abilities to blast your way through each stage. \n\nAs Lilac, you can use Dragon powers to whip enemies with your hair, spin like a cyclone, or fly through the air at high speed like a comet. \nAs Carol, you can bust through foes with a flurry of punches and kicks or summon motorcycles that let you ride up walls and ceilings.", 
    "tags": [
        1, 
        17, 
        18, 
        268435464, 
        268435488, 
        536870915, 
        536870958, 
        536870969, 
        536870984, 
        536870990, 
        536871029, 
        536871038, 
        536871065, 
        536871075, 
        536871084, 
        536871097, 
        536871115, 
        536871153, 
        536871195, 
        536871208, 
        536871219, 
        536871294, 
        536871295, 
        536871298, 
        536871338, 
        536871348, 
        536871350, 
        536871393, 
        536871415, 
        536871425, 
        536871436, 
        536871447, 
        536871457, 
        536871487, 
        536871776, 
        536871806, 
        536871835, 
        536871869, 
        536871874, 
        536871880, 
        536871886, 
        536871945, 
        536871964, 
        536871971, 
        536871977, 
        536871986, 
        536872070, 
        536872098, 
        536872339, 
        536872406, 
        536872961, 
        536873067, 
        536873096, 
        536873236, 
        536873405, 
        536874209, 
        536874916, 
        536875046, 
        536875062, 
        536875063, 
        536875085, 
        536875088, 
        536875188, 
        536875199, 
        536875208, 
        536875699, 
        536875701, 
        536875740, 
        536875745, 
        536875869, 
        536876255, 
        536876291, 
        536876544, 
        536876874, 
        536877040, 
        536877230, 
        536878216, 
        536881343, 
        536881933, 
        1073741828, 
        1073741829
    ], 
    "themes": [
        1, 
        17, 
        18
    ], 
    "time_to_beat": {
        "completely": 36600, 
        "hastly": 5400, 
        "normally": 5700
    }, 
    "total_rating": 81.78023305558071, 
    "total_rating_count": 11, 
    "updated_at": 1528357768916, 
    "url": "https://www.igdb.com/games/freedom-planet", 
    "videos": [
        {
            "name": "Trailer", 
            "video_id": "fMEmcVRNZvI"
        }
    ]
}