{
    "alternative_names": [
        {
            "comment": "Other", 
            "name": "Arcade Archives: Mario Bros."
        }, 
        {
            "comment": "Japanese title", 
            "name": "\u30de\u30ea\u30aa\u30d6\u30e9\u30b6\u30fc\u30ba"
        }
    ], 
    "category": 0, 
    "collection": 2960, 
    "cover": {
        "cloudinary_id": "k72rncu6357fmlevus3t", 
        "height": 312, 
        "url": "//images.igdb.com/igdb/image/upload/t_thumb/k72rncu6357fmlevus3t.jpg", 
        "width": 222
    }, 
    "created_at": 1383259606739, 
    "developers": [
        70
    ], 
    "esrb": {
        "rating": 3
    }, 
    "first_release_date": 426988800000, 
    "franchise": 24, 
    "franchises": [
        24
    ], 
    "game_modes": [
        1, 
        2, 
        3
    ], 
    "games": [
        358, 
        26758, 
        1068, 
        117, 
        1078, 
        1067, 
        55752, 
        1968, 
        4598, 
        6705
    ], 
    "genres": [
        8, 
        33
    ], 
    "id": 3105, 
    "keywords": [
        137, 
        1186, 
        1682, 
        1705, 
        2049, 
        2152, 
        2759, 
        4161, 
        4218, 
        4288, 
        4293, 
        4353, 
        4373, 
        4374, 
        4450, 
        4484, 
        4522, 
        4678, 
        4694, 
        4698, 
        4754, 
        4760, 
        4779, 
        4827, 
        4918, 
        4958, 
        4990, 
        5171, 
        5208, 
        5303, 
        5359, 
        5442, 
        5634, 
        5672, 
        5806, 
        6040, 
        6152, 
        6163, 
        6168, 
        6177, 
        6204, 
        6365, 
        6384, 
        6647, 
        7694, 
        7696, 
        8239, 
        8894, 
        9194, 
        9195, 
        10091, 
        10147, 
        10211, 
        10402, 
        11378, 
        11566, 
        11925, 
        14195
    ], 
    "name": "Mario Bros.", 
    "pegi": {
        "rating": 1
    }, 
    "platforms": [
        52, 
        60, 
        66, 
        59, 
        65, 
        41, 
        125, 
        15, 
        26, 
        24, 
        25, 
        37, 
        5, 
        18
    ], 
    "player_perspectives": [
        4
    ], 
    "popularity": 1.333333333333333, 
    "publishers": [
        13776, 
        190, 
        2406, 
        70, 
        1271
    ], 
    "pulse_count": 2, 
    "rating": 77.4219561317755, 
    "rating_count": 27, 
    "release_dates": [
        {
            "category": 0, 
            "date": 1371686400000, 
            "human": "2013-Jun-20", 
            "m": 6, 
            "platform": 41, 
            "region": 2, 
            "y": 2013
        }, 
        {
            "category": 0, 
            "date": 1371686400000, 
            "human": "2013-Jun-20", 
            "m": 6, 
            "platform": 41, 
            "region": 1, 
            "y": 2013
        }, 
        {
            "category": 0, 
            "date": 1391040000000, 
            "human": "2014-Jan-30", 
            "m": 1, 
            "platform": 37, 
            "region": 2, 
            "y": 2014
        }, 
        {
            "category": 0, 
            "date": 1389312000000, 
            "human": "2014-Jan-10", 
            "m": 1, 
            "platform": 37, 
            "region": 1, 
            "y": 2014
        }, 
        {
            "category": 0, 
            "date": 1165881600000, 
            "human": "2006-Dec-12", 
            "m": 12, 
            "platform": 5, 
            "region": 5, 
            "y": 2006
        }, 
        {
            "category": 0, 
            "date": 1165536000000, 
            "human": "2006-Dec-08", 
            "m": 12, 
            "platform": 5, 
            "region": 1, 
            "y": 2006
        }, 
        {
            "category": 0, 
            "date": 444441600000, 
            "human": "1984-Feb-01", 
            "m": 2, 
            "platform": 125, 
            "region": 5, 
            "y": 1984
        }, 
        {
            "category": 1, 
            "date": 517968000000, 
            "human": "1986-Jun", 
            "m": 6, 
            "platform": 18, 
            "region": 2, 
            "y": 1986
        }, 
        {
            "category": 0, 
            "date": 431913600000, 
            "human": "1983-Sep-09", 
            "m": 9, 
            "platform": 18, 
            "region": 5, 
            "y": 1983
        }, 
        {
            "category": 0, 
            "date": 525916800000, 
            "human": "1986-Sep-01", 
            "m": 9, 
            "platform": 18, 
            "region": 1, 
            "y": 1986
        }, 
        {
            "category": 0, 
            "date": 426988800000, 
            "human": "1983-Jul-14", 
            "m": 7, 
            "platform": 52, 
            "region": 2, 
            "y": 1983
        }, 
        {
            "category": 2, 
            "date": 599529600000, 
            "human": "1988", 
            "m": 12, 
            "platform": 60, 
            "region": 2, 
            "y": 1988
        }, 
        {
            "category": 2, 
            "date": 567907200000, 
            "human": "1987", 
            "m": 12, 
            "platform": 25, 
            "region": 1, 
            "y": 1987
        }, 
        {
            "category": 2, 
            "date": 441676800000, 
            "human": "1983", 
            "m": 12, 
            "platform": 59, 
            "region": 2, 
            "y": 1983
        }, 
        {
            "category": 2, 
            "date": 441676800000, 
            "human": "1983", 
            "m": 12, 
            "platform": 66, 
            "region": 2, 
            "y": 1983
        }, 
        {
            "category": 2, 
            "date": 599529600000, 
            "human": "1988", 
            "m": 12, 
            "platform": 65, 
            "region": 2, 
            "y": 1988
        }, 
        {
            "category": 2, 
            "date": 567907200000, 
            "human": "1987", 
            "m": 12, 
            "platform": 15, 
            "region": 1, 
            "y": 1987
        }, 
        {
            "category": 0, 
            "date": 1036972800000, 
            "human": "2002-Nov-11", 
            "m": 11, 
            "platform": 24, 
            "region": 2, 
            "y": 2002
        }, 
        {
            "category": 0, 
            "date": 1367971200000, 
            "human": "2013-May-08", 
            "m": 5, 
            "platform": 37, 
            "region": 5, 
            "y": 2013
        }, 
        {
            "category": 2, 
            "date": 567907200000, 
            "human": "1987", 
            "m": 12, 
            "platform": 26, 
            "region": 1, 
            "y": 1987
        }, 
        {
            "category": 0, 
            "date": 1163894400000, 
            "human": "2006-Nov-19", 
            "m": 11, 
            "platform": 5, 
            "region": 2, 
            "y": 2006
        }, 
        {
            "category": 0, 
            "date": 1369785600000, 
            "human": "2013-May-29", 
            "m": 5, 
            "platform": 41, 
            "region": 5, 
            "y": 2013
        }
    ], 
    "screenshots": [
        {
            "cloudinary_id": "tif4tqjhzmtrx25wrftv", 
            "height": 240, 
            "url": "//images.igdb.com/igdb/image/upload/t_thumb/tif4tqjhzmtrx25wrftv.jpg", 
            "width": 256
        }, 
        {
            "cloudinary_id": "a8mtgzilhj8vjxfbmghq", 
            "height": 240, 
            "url": "//images.igdb.com/igdb/image/upload/t_thumb/a8mtgzilhj8vjxfbmghq.jpg", 
            "width": 256
        }, 
        {
            "cloudinary_id": "la2qgat95mpepkvnsiiv", 
            "height": 240, 
            "url": "//images.igdb.com/igdb/image/upload/t_thumb/la2qgat95mpepkvnsiiv.jpg",