{
    "aggregated_rating": 69.1666666666667, 
    "aggregated_rating_count": 6, 
    "alternative_names": [
        {
            "comment": "Other", 
            "name": "Famicom Remix"
        }
    ], 
    "category": 0, 
    "collection": 902, 
    "cover": {
        "cloudinary_id": "gouo7djrzjhudxa1bdkj", 
        "height": 268, 
        "url": "//images.igdb.com/igdb/image/upload/t_thumb/gouo7djrzjhudxa1bdkj.jpg", 
        "width": 660
    }, 
    "created_at": 1398234430326, 
    "developers": [
        773, 
        2527
    ], 
    "esrb": {
        "rating": 3
    }, 
    "first_release_date": 1387324800000, 
    "game_modes": [
        1
    ], 
    "games": [
        358, 
        6402, 
        26758, 
        1068, 
        12597, 
        2909, 
        1968, 
        1078, 
        7768, 
        2180
    ], 
    "genres": [
        8, 
        9, 
        10, 
        14, 
        33
    ], 
    "id": 6401, 
    "keywords": [
        20, 
        126, 
        227, 
        274, 
        594, 
        1019, 
        1059, 
        1186, 
        1705, 
        2045, 
        2154, 
        2274, 
        3203, 
        3901, 
        3910, 
        4134, 
        4161, 
        4163, 
        4171, 
        4188, 
        4213, 
        4219, 
        4258, 
        4264, 
        4265, 
        4292, 
        4302, 
        4317, 
        4320, 
        4328, 
        4374, 
        4396, 
        4450, 
        4465, 
        4479, 
        4480, 
        4500, 
        4501, 
        4544, 
        4568, 
        4658, 
        4668, 
        4760, 
        4846, 
        4880, 
        4910, 
        4931, 
        4932, 
        4958, 
        5011, 
        5102, 
        5109, 
        5157, 
        5569, 
        5584, 
        5606, 
        5722, 
        6129, 
        6168, 
        6170, 
        6172, 
        6174, 
        6176, 
        6177, 
        6181, 
        6798, 
        6799, 
        7125, 
        7235, 
        7242, 
        7280, 
        7483, 
        8132, 
        9194, 
        9195, 
        9196, 
        9197, 
        9198
    ], 
    "name": "NES Remix", 
    "pegi": {
        "rating": 2
    }, 
    "platforms": [
        41
    ], 
    "player_perspectives": [
        2, 
        3, 
        4
    ], 
    "popularity": 1.333333333333333, 
    "publishers": [
        70
    ], 
    "rating": 80.09218994607761, 
    "rating_count": 3, 
    "release_dates": [
        {
            "category": 0, 
            "date": 1387324800000, 
            "human": "2013-Dec-18", 
            "m": 12, 
            "platform": 41, 
            "region": 5, 
            "y": 2013
        }, 
        {
            "category": 0, 
            "date": 1387324800000, 
            "human": "2013-Dec-18", 
            "m": 12, 
            "platform": 41, 
            "region": 1, 
            "y": 2013
        }, 
        {
            "category": 0, 
            "date": 1387324800000, 
            "human": "2013-Dec-18", 
            "m": 12, 
            "platform": 41, 
            "region": 2, 
            "y": 2013
        }, 
        {
            "category": 0, 
            "date": 1387324800000, 
            "human": "2013-Dec-18", 
            "m": 12, 
            "platform": 41, 
            "y": 2013
        }
    ], 
    "screenshots": [
        {
            "cloudinary_id": "u9y8ntu9xx5kbww6nivo", 
            "height": 470, 
            "url": "//images.igdb.com/igdb/image/upload/t_thumb/u9y8ntu9xx5kbww6nivo.jpg", 
            "width": 854
        }, 
        {
            "cloudinary_id": "krpyvaexh4iztnxq0art", 
            "height": 471, 
            "url": "//images.igdb.com/igdb/image/upload/t_thumb/krpyvaexh4iztnxq0art.jpg", 
            "width": 850
        }, 
        {
            "cloudinary_id": "e3zhctzzzodlnhenwfau", 
            "height": 471, 
            "url": "//images.igdb.com/igdb/image/upload/t_thumb/e3zhctzzzodlnhenwfau.jpg", 
            "width": 851
        }, 
        {
            "cloudinary_id": "o6abji1bqaoxfoz3cjx5", 
            "height": 469, 
            "url": "//images.igdb.com/igdb/image/upload/t_thumb/o6abji1bqaoxfoz3cjx5.jpg", 
            "width": 853
        }, 
        {
            "cloudinary_id": "cfuzxrcjckatkrtjsju0", 
            "height": 469, 
            "url": "//images.igdb.com/igdb/image/upload/t_thumb/cfuzxrcjckatkrtjsju0.jpg", 
            "width": 850
        }, 
        {
            "cloudinary_id": "ickdw3blbgut5xd0nfvn", 
            "height": 468, 
            "url": "//images.igdb.com/igdb/image/upload/t_thumb/ickdw3blbgut5xd0nfvn.jpg", 
            "width": 852
        }, 
        {
            "cloudinary_id": "ifak1f0o3gxxr98kydgf", 
            "height": 471, 
            "url": "//images.igdb.com/igdb/image/upload/t_thumb/ifak1f0o3gxxr98kydgf.jpg", 
            "width": 852
        }, 
        {
            "cloudinary_id": "auv7lgjqfef4mdt6nmko", 
            "height": 1080, 
            "url": "//images.igdb.com/igdb/image/upload/t_thumb/auv7lgjqfef4mdt6nmko.jpg", 
            "width": 1920
        }, 
        {
            "cloudinary_id": "bul2bkse3ivqbtuzfpw4", 
            "height": 1080, 
            "url": "//images.igdb.com/igdb/image/upload/t_thumb/bul2bkse3ivqbtuzfpw4.jpg", 
            "width": 1920
        }, 
        {
            "cloudinary_id": "gelzxhntcjjshxl66sds", 
            "height": 1080, 
            "url": "//images.igdb.com/igdb/image/upload/t_thumb/gelzxhntcjjshxl66sds.jpg", 
            "width": 1920
        }, 
        {
            "cloudinary_id": "nnfkju578bzxkuz0rsev", 
            "height": 1080, 
            "url": "//images.igdb.com/igdb/image/upload/t_thumb/nnfkju578bzxkuz0rsev.jpg", 
            "width": 1920
        }, 
        {
            "cloudinary_id": "sg02kxkeekqcpry2m4ej", 
            "height": 1080, 
            "url": "//images.igdb.com/igdb/image/upload/t_thumb/sg02kxkeekqcpry2m4ej.jpg", 
            "width": 1920
        }
    ], 
    "slug": "nes-remix", 
    "summary": "Take on lightning-fast challenges based on some of the most popular games of all time in the new NES\u2122 Remix game. \n \nWhether you grew up with games like The Legend of Zelda\u2122 and Super Mario Bros.\u2122, or you're playing them for the first time, this is your chance to see what made them legends.",