{
    "aggregated_rating": 88.0, 
    "aggregated_rating_count": 10, 
    "category": 0, 
    "cover": {
        "cloudinary_id": "a41akx87mvmpvklwktci", 
        "height": 1200, 
        "url": "//images.igdb.com/igdb/image/upload/t_thumb/a41akx87mvmpvklwktci.jpg", 
        "width": 950
    }, 
    "created_at": 1396620045310, 
    "developers": [
        2580, 
        4065
    ], 
    "esrb": {
        "rating": 4
    }, 
    "external": {
        "steam": "231160"
    }, 
    "first_release_date": 1369872000000, 
    "game_modes": [
        1
    ], 
    "games": [
        6732, 
        7342, 
        5601, 
        7386, 
        1331, 
        536, 
        16992, 
        17354, 
        19448, 
        7344
    ], 
    "genres": [
        8, 
        9, 
        31, 
        32
    ], 
    "id": 5892, 
    "keywords": [
        72, 
        117, 
        137, 
        197, 
        201, 
        203, 
        558, 
        560, 
        964, 
        966, 
        970, 
        1152, 
        1158, 
        1202, 
        1313, 
        1494, 
        1697, 
        1841, 
        1903, 
        1904, 
        1986, 
        2049, 
        2141, 
        2875, 
        4004, 
        4134, 
        4145, 
        4161, 
        4177, 
        4183, 
        4189, 
        4287, 
        4332, 
        4432, 
        4484, 
        4580, 
        4583, 
        4586, 
        4599, 
        4609, 
        4611, 
        4619, 
        4620, 
        4624, 
        4626, 
        4633, 
        4634, 
        4636, 
        4637, 
        4664, 
        4718, 
        4726, 
        4789, 
        4850, 
        4892, 
        4896, 
        4964, 
        4991, 
        5005, 
        5039, 
        5099, 
        5116, 
        5186, 
        5260, 
        5269, 
        5327, 
        5328, 
        5375, 
        5446, 
        5447, 
        5494, 
        5552, 
        5561, 
        5675, 
        5703, 
        5731, 
        5737, 
        6105, 
        6290, 
        6655, 
        6949, 
        7080, 
        7215, 
        7643
    ], 
    "name": "The Swapper", 
    "platforms": [
        45, 
        6, 
        14, 
        41, 
        46, 
        9, 
        48, 
        49, 
        3
    ], 
    "player_perspectives": [
        4
    ], 
    "popularity": 3.666666666666667, 
    "publishers": [
        2580
    ], 
    "rating": 79.9628209657, 
    "rating_count": 60, 
    "release_dates": [
        {
            "category": 0, 
            "date": 1415232000000, 
            "human": "2014-Nov-06", 
            "m": 11, 
            "platform": 41, 
            "region": 1, 
            "y": 2014
        }, 
        {
            "category": 0, 
            "date": 1433462400000, 
            "human": "2015-Jun-05", 
            "m": 6, 
            "platform": 49, 
            "region": 2, 
            "y": 2015
        }, 
        {
            "category": 0, 
            "date": 1407283200000, 
            "human": "2014-Aug-06", 
            "m": 8, 
            "platform": 45, 
            "region": 1, 
            "y": 2014
        }, 
        {
            "category": 0, 
            "date": 1407196800000, 
            "human": "2014-Aug-05", 
            "m": 8, 
            "platform": 45, 
            "region": 2, 
            "y": 2014
        }, 
        {
            "category": 0, 
            "date": 1369872000000, 
            "human": "2013-May-30", 
            "m": 5, 
            "platform": 6, 
            "y": 2013
        }, 
        {
            "category": 0, 
            "date": 1369872000000, 
            "human": "2013-May-30", 
            "m": 5, 
            "platform": 3, 
            "y": 2013
        }, 
        {
            "category": 0, 
            "date": 1392681600000, 
            "human": "2014-Feb-18", 
            "m": 2, 
            "platform": 14, 
            "y": 2014
        }, 
        {
            "category": 0, 
            "date": 1407196800000, 
            "human": "2014-Aug-05", 
            "m": 8, 
            "platform": 48, 
            "region": 2, 
            "y": 2014
        }, 
        {
            "category": 0, 
            "date": 1407196800000, 
            "human": "2014-Aug-05", 
            "m": 8, 
            "platform": 9, 
            "region": 2, 
            "y": 2014
        }, 
        {
            "category": 0, 
            "date": 1407196800000, 
            "human": "2014-Aug-05", 
            "m": 8, 
            "platform": 46, 
            "region": 2, 
            "y": 2014
        }, 
        {
            "category": 0, 
            "date": 1433462400000, 
            "human": "2015-Jun-05", 
            "m": 6, 
            "platform": 49, 
            "region": 8, 
            "y": 2015
        }, 
        {
            "category": 0, 
            "date": 1427932800000, 
            "human": "2015-Apr-02", 
            "m": 4, 
            "platform": 41, 
            "region": 5, 
            "y": 2015
        }, 
        {
            "category": 0, 
            "date": 1407283200000, 
            "human": "2014-Aug-06", 
            "m": 8, 
            "platform": 9, 
            "region": 1, 
            "y": 2014
        }, 
        {
            "category": 0, 
            "date": 1407283200000, 
            "human": "2014-Aug-06", 
            "m": 8, 
            "platform": 46, 
            "region": 1, 
            "y": 2014
        }, 
        {
            "category": 0, 
            "date": 1407283200000, 
            "human": "2014-Aug-06", 
            "m": 8, 
            "platform": 48, 
            "region": 1, 
            "y": 2014
        }, 
        {
            "category": 0, 
            "date": 1415232000000, 
            "human": "2014-Nov-06", 
            "m": 11, 
            "platform": 41, 
            "region": 2, 
            "y": 2014
        }
    ], 
    "screenshots": [
        {
            "cloudinary_id": "kouggbphddqvrv1jwa3d", 
            "height": 1080, 
            "url": "//images.igdb.com/igdb/image/upload/t_thumb/kouggbphddqvrv1jwa3d.jpg", 
            "width": 1920
        }, 
        {
            "cloudinary_id": "vslhhmsq2fx9p8vsiqml", 
            "height": 1080, 
            "url": "//images.igdb.com/igdb/image/upload/t_thumb/vslhhmsq2fx9p8vsiqml.jpg", 
            "width": 1920
        }, 
        {
            "cloudinary_id": "pcvjdwhikks9d1z6dbsb", 
            "height": 1080, 
            "url": "//images.igdb.com/igdb/image/upload/t_thumb/pcvjdwhikks9d1z6dbsb.jpg", 
            "width": 1920
        }, 
        {
            "cloudinary_id": "kfi73nbc8dncaheklytz", 
            "height": 1080, 
            "url": "//images.igdb.com/igdb/image/upload/t_thumb/kfi73nbc8dncaheklytz.jpg", 
            "width": 1920
        }, 
        {
            "cloudinary_id": "qsmcd1bfh644hjr5c1fr", 
            "height": 1080, 
            "url": "//images.igdb.com/igdb/image/upload/t_thumb/qsmcd1bfh644hjr5c1fr.jpg", 
            "width": 1920
        }, 
        {
            "cloudinary_id": "w5dmdq9nkkesjccp9ovw", 
            "height": 1080, 
            "url": "//images.igdb.com/igdb/image/upload/t_thumb/w5dmdq9nkkesjccp9ovw.jpg", 
            "width": 1920
        }, 
        {
            "cloudinary_id": "yfgpi0oskz4jnrus5qvo", 
            "height": 1080, 
            "url": "//images.igdb.com/igdb/image/upload/t_thumb/yfgpi0oskz4jnrus5qvo.jpg", 
            "width": 1920
        }, 
        {
            "cloudinary_id": "a82o1dptz36mkchyoetj", 
            "height": 900, 
            "url": "//images.igdb.com/igdb/image/upload/t_thumb/a82o1dptz36mkchyoetj.jpg", 
            "width": 1600
        }, 
        {
            "cloudinary_id": "s1elpn1bfzokqf6u9har", 
            "height": 720, 
            "url": "//images.igdb.com/igdb/image/upload/t_thumb/s1elpn1bfzokqf6u9har.jpg",