{
    "aggregated_rating": 75.0, 
    "aggregated_rating_count": 4, 
    "alternative_names": [
        {
            "comment": "Japanese title", 
            "name": "Contra: Dual Spirits"
        }
    ], 
    "category": 0, 
    "collection": 717, 
    "cover": {
        "cloudinary_id": "xlctwh5tbf7xsx5rb3cl", 
        "height": 229, 
        "url": "//images.igdb.com/igdb/image/upload/t_thumb/xlctwh5tbf7xsx5rb3cl.jpg", 
        "width": 256
    }, 
    "created_at": 1428762719781, 
    "developers": [
        1021
    ], 
    "esrb": {
        "rating": 5
    }, 
    "first_release_date": 1194912000000, 
    "game_modes": [
        1
    ], 
    "games": [
        4598, 
        11300, 
        68287, 
        6351, 
        7329, 
        36950, 
        55752, 
        11156, 
        26401, 
        21063
    ], 
    "genres": [
        5, 
        8
    ], 
    "hypes": 1, 
    "id": 9545, 
    "keywords": [
        3, 
        221, 
        558, 
        575, 
        970, 
        1025, 
        1059, 
        1313, 
        1705, 
        2049, 
        2152, 
        2962, 
        3486, 
        3831, 
        4144, 
        4161, 
        4169, 
        4246, 
        4286, 
        4289, 
        4446, 
        4544, 
        4678, 
        4698, 
        4903, 
        4990, 
        5029, 
        5116, 
        5208, 
        5371, 
        5436, 
        5437, 
        5479, 
        5699, 
        5842, 
        5844, 
        6021, 
        6078, 
        6223, 
        6523, 
        7091, 
        7092, 
        7405, 
        8308, 
        8991, 
        9165, 
        9167, 
        9168, 
        9994, 
        11739, 
        13009, 
        13083, 
        13302
    ], 
    "multiplayer_modes": [
        {
            "campaigncoop": true, 
            "dropin": false, 
            "lancoop": true, 
            "offlinecoop": false, 
            "offlinecoopmax": 0, 
            "offlinemax": 0, 
            "onlinecoop": false, 
            "onlinecoopmax": 0, 
            "onlinemax": 0, 
            "platform": 20, 
            "splitscreen": false, 
            "splitscreenonline": false
        }
    ], 
    "name": "Contra 4", 
    "platforms": [
        20
    ], 
    "player_perspectives": [
        4
    ], 
    "popularity": 1.333333333333333, 
    "publishers": [
        129
    ], 
    "pulse_count": 1, 
    "rating": 80.2636811175386, 
    "rating_count": 4, 
    "release_dates": [
        {
            "category": 0, 
            "date": 1194912000000, 
            "human": "2007-Nov-13", 
            "m": 11, 
            "platform": 20, 
            "region": 2, 
            "y": 2007
        }, 
        {
            "category": 0, 
            "date": 1205366400000, 
            "human": "2008-Mar-13", 
            "m": 3, 
            "platform": 20, 
            "region": 5, 
            "y": 2008
        }
    ], 
    "screenshots": [
        {
            "cloudinary_id": "bewcm6u4ocr1vp3qfgwm", 
            "height": 384, 
            "url": "//images.igdb.com/igdb/image/upload/t_thumb/bewcm6u4ocr1vp3qfgwm.jpg", 
            "width": 256
        }, 
        {
            "cloudinary_id": "cystjhot7fqf9g60hncs", 
            "height": 384, 
            "url": "//images.igdb.com/igdb/image/upload/t_thumb/cystjhot7fqf9g60hncs.jpg", 
            "width": 256
        }, 
        {
            "cloudinary_id": "wi5udf8cqjpfxfsh7s7o", 
            "height": 384, 
            "url": "//images.igdb.com/igdb/image/upload/t_thumb/wi5udf8cqjpfxfsh7s7o.jpg", 
            "width": 256
        }, 
        {
            "cloudinary_id": "jdp4fr7oi7ulewbdnq17", 
            "height": 384, 
            "url": "//images.igdb.com/igdb/image/upload/t_thumb/jdp4fr7oi7ulewbdnq17.jpg", 
            "width": 256
        }, 
        {
            "cloudinary_id": "dzwbcncwnteazaeexyz3", 
            "height": 384, 
            "url": "//images.igdb.com/igdb/image/upload/t_thumb/dzwbcncwnteazaeexyz3.jpg", 
            "width": 256
        }, 
        {
            "cloudinary_id": "vhcrip64gj7lofe2kbcl", 
            "height": 384, 
            "url": "//images.igdb.com/igdb/image/upload/t_thumb/vhcrip64gj7lofe2kbcl.jpg", 
            "width": 256
        }, 
        {
            "cloudinary_id": "rxa1cwo77k9whuvxirpz", 
            "height": 384, 
            "url": "//images.igdb.com/igdb/image/upload/t_thumb/rxa1cwo77k9whuvxirpz.jpg", 
            "width": 256
        }, 
        {
            "cloudinary_id": "ysb5hdo4mv74wlowl61p", 
            "height": 384, 
            "url": "//images.igdb.com/igdb/image/upload/t_thumb/ysb5hdo4mv74wlowl61p.jpg", 
            "width": 256
        }, 
        {
            "cloudinary_id": "i7yc2cjzwoevn4ussnbf", 
            "height": 384, 
            "url": "//images.igdb.com/igdb/image/upload/t_thumb/i7yc2cjzwoevn4ussnbf.jpg", 
            "width": 256
        }, 
        {
            "cloudinary_id": "amt0pwnzmctdjraoclju", 
            "height": 384, 
            "url": "//images.igdb.com/igdb/image/upload/t_thumb/amt0pwnzmctdjraoclju.jpg", 
            "width": 256
        }, 
        {
            "cloudinary_id": "ag57zocsjuwenmansjlf", 
            "height": 384, 
            "url": "//images.igdb.com/igdb/image/upload/t_thumb/ag57zocsjuwenmansjlf.jpg", 
            "width": 256
        }, 
        {
            "cloudinary_id": "ntzlqnkdevcbakutnsqj", 
            "height": 384, 
            "url": "//images.igdb.com/igdb/image/upload/t_thumb/ntzlqnkdevcbakutnsqj.jpg", 
            "width": 256
        }
    ], 
    "slug": "contra-4", 
    "summary": "The action franchise that started it all is celebrating its 20th anniversary with an all-new adventure on Nintendo DS! Set after the events of Contra III: Alien Wars, the game follows mercenaries Bill Rizer and Lance Bean as they battle to save the world from a new extraterrestrial threat. Contra 4 takes advantage of the dual screens of the Nintendo DS to deliver larger than life action, with massive enemies, detailed platforming and mind-blowing set pieces.", 
    "tags": [
        1, 
        18, 
        268435461, 
        268435464, 
        536870915, 
        536871133, 
        536871470, 
        536871487, 
        536871882, 
        536871937, 
        536871971, 
        536872225, 
        536872617, 
        536872961, 
        536873064, 
        536873874, 
        536874398, 
        536874743, 
        536875056, 
        536875073, 
        536875081, 
        536875158, 
        536875198, 
        536875201, 
        536875358, 
        536875456, 
        536875590, 
        536875610, 
        536875815, 
        536875902, 
        536875941, 
        536876028, 
        536876120, 
        536876283, 
        536876348, 
        536876349, 
        536876391, 
        536876611, 
        536876754, 
        536876756, 
        536876933, 
        536876990, 
        536877135, 
        536877435, 
        536878003, 
        536878004, 
        536878317, 
        536879220, 
        536879903, 
        536880077, 
        536880079, 
        536880080, 
        536880906, 
        536882651, 
        536883921, 
        536883995, 
        536884214, 
        1073741828
    ], 
    "themes": [
        1, 
        18
    ], 
    "total_rating": 77.6318405587693, 
    "total_rating_count": 8, 
    "updated_at": 1518053670822, 
    "url": "https://www.igdb.com/games/contra-4", 
    "videos": [
        {
            "name": "Gameplay video", 
            "video_id": "-O-u06cmmAg"
        }
    ], 
    "websites": [
        {
            "category": 1, 
            "url": "https://wayforward.com/games/contra-4/"
        }, 
        {
            "category": 2, 
            "url": "https://wayforward.com/gacom/games/contra-4/mes/contra-4/"
        }
    ]
}