{
    "aggregated_rating": 76.6666666666667, 
    "aggregated_rating_count": 5, 
    "alternative_names": [
        {
            "name": "C&C:KW"
        }, 
        {
            "comment": "Other", 
            "name": "C&C KW"
        }
    ], 
    "category": 0, 
    "collection": 38, 
    "cover": {
        "cloudinary_id": "o2xa5upcfrtnguo76bvb", 
        "height": 741, 
        "url": "//images.igdb.com/igdb/image/upload/t_thumb/o2xa5upcfrtnguo76bvb.jpg", 
        "width": 600
    }, 
    "created_at": 1317748901000, 
    "developers": [
        140, 
        635
    ], 
    "esrb": {
        "rating": 5
    }, 
    "external": {
        "steam": "24810"
    }, 
    "first_release_date": 1206316800000, 
    "franchise": 12, 
    "franchises": [
        12
    ], 
    "game_modes": [
        1, 
        2
    ], 
    "games": [
        321, 
        18797, 
        848, 
        302, 
        959, 
        647, 
        340, 
        26401, 
        230, 
        7046
    ], 
    "genres": [
        11, 
        15
    ], 
    "id": 707, 
    "keywords": [
        3, 
        67, 
        167, 
        301, 
        392, 
        970, 
        1107, 
        1158, 
        1162, 
        1293, 
        1322, 
        1440, 
        1471, 
        1746, 
        1821, 
        2910, 
        3270, 
        3831, 
        4346, 
        4359, 
        4514, 
        4520, 
        4611, 
        4613, 
        4767, 
        4869, 
        4910, 
        5116, 
        5285, 
        5453, 
        5455, 
        5500, 
        5587, 
        5671, 
        5800, 
        5939, 
        6019, 
        6092, 
        6730, 
        6828, 
        6887, 
        6908, 
        7065, 
        7638, 
        8141, 
        9209, 
        9853, 
        9862, 
        9894, 
        10031, 
        10032, 
        10054, 
        10288, 
        10630, 
        10729, 
        10745, 
        10746, 
        10747, 
        10919, 
        11175, 
        11179, 
        11182, 
        12123, 
        12465, 
        13134, 
        13595, 
        13600, 
        14987, 
        14988
    ], 
    "name": "Command & Conquer 3: Kane's Wrath", 
    "pegi": {
        "rating": 4
    }, 
    "platforms": [
        6, 
        12
    ], 
    "player_perspectives": [
        3
    ], 
    "popularity": 1.666666666666667, 
    "publishers": [
        1
    ], 
    "rating": 88.2056126015421, 
    "rating_count": 12, 
    "release_dates": [
        {
            "category": 0, 
            "date": 1206316800000, 
            "human": "2008-Mar-24", 
            "m": 3, 
            "platform": 6, 
            "y": 2008
        }, 
        {
            "category": 0, 
            "date": 1214179200000, 
            "human": "2008-Jun-23", 
            "m": 6, 
            "platform": 12, 
            "y": 2008
        }
    ], 
    "screenshots": [
        {
            "cloudinary_id": "ri6ccfc6tkkibuhyofqz", 
            "height": 1080, 
            "url": "//images.igdb.com/igdb/image/upload/t_thumb/ri6ccfc6tkkibuhyofqz.jpg", 
            "width": 1735
        }, 
        {
            "cloudinary_id": "jhhzsbbwuax0fwaqplh3", 
            "height": 1080, 
            "url": "//images.igdb.com/igdb/image/upload/t_thumb/jhhzsbbwuax0fwaqplh3.jpg", 
            "width": 1735
        }, 
        {
            "cloudinary_id": "odyytaufxh4oc1cqzinv", 
            "height": 1080, 
            "url": "//images.igdb.com/igdb/image/upload/t_thumb/odyytaufxh4oc1cqzinv.jpg", 
            "width": 1735
        }, 
        {
            "cloudinary_id": "dqihiotalp3h2sqqwb0x", 
            "height": 1080, 
            "url": "//images.igdb.com/igdb/image/upload/t_thumb/dqihiotalp3h2sqqwb0x.jpg", 
            "width": 1728
        }, 
        {
            "cloudinary_id": "thsvelilp6c2swdinqts", 
            "height": 180, 
            "url": "//images.igdb.com/igdb/image/upload/t_thumb/thsvelilp6c2swdinqts.jpg", 
            "width": 300
        }
    ], 
    "slug": "command-conquer-3-kane-s-wrath", 
    "summary": "In the name of Kane! The Command & Conquer series continues to thrive with Command & Conquer 3: Kane\u2019s Wrath. As the expansion pack to the critically-acclaimed and fan favorite, Command & Conquer 3 Tiberium Wars\u2122, this Real-time Strategy (RTS) game returns to the Tiberium Universe with Kane at the center of an epic new single player campaign spanning 20 years \u2013 from the rebirth of the Brotherhood of Nod after the Second Tiberium War through the dramatic events of the Third Tiberium War and beyond. \n \nThis story will be told through a new set of high-definition, live action video sequences starring a celebrity cast including Joe Kucan, playing the megalomaniac leader of the Brotherhood of Nod, alongside new talent Natasha Henstridge and Carl Lumbly. With your help, Commander, the Dark Messiah may rise again! \n \nUnprecedented Multi-decade Campaign \u2013 Kane returns as the centerpiece of an epic new single-player campaign. Experience a new story that spans 20 years \u2013 from the rebirth of the Brotherhood of Nod after the Second Tiberium War through the dramatic events of the Third Tiberium War and beyond. Facilitate the rise of the Brotherhood leading up to and beyond the events of Command & Conquer 3 Tiberium Wars", 
    "tags": [
        18, 
        268435467, 
        268435471, 
        536870915, 
        536870979, 
        536871079, 
        536871213, 
        536871304, 
        536871882, 
        536872019, 
        536872070, 
        536872074, 
        536872205, 
        536872234, 
        536872352, 
        536872383, 
        536872658, 
        536872733, 
        536873822, 
        536874182, 
        536874743, 
        536875258, 
        536875271, 
        536875426, 
        536875432, 
        536875523, 
        536875525, 
        536875679, 
        536875781, 
        536875822, 
        536876028, 
        536876197, 
        536876365, 
        536876367, 
        536876412, 
        536876499, 
        536876583, 
        536876712, 
        536876851, 
        536876931, 
        536877004, 
        536877642, 
        536877740, 
        536877799, 
        536877820, 
        536877977, 
        536878550, 
        536879053, 
        536880121, 
        536880765, 
        536880774, 
        536880806, 
        536880943, 
        536880944, 
        536880966, 
        536881200, 
        536881542, 
        536881641, 
        536881657, 
        536881658, 
        536881659, 
        536881831, 
        536882087, 
        536882091, 
        536882094, 
        536883035, 
        536883377, 
        536884046, 
        536884507, 
        536884512, 
        536885899, 
        536885900, 
        1073741827
    ], 
    "themes": [
        18
    ], 
    "total_rating": 82.43613963410439, 
    "total_rating_count": 17, 
    "updated_at": 1524460599568, 
    "url": "https://www.igdb.com/games/command-conquer-3-kane-s-wrath", 
    "websites": [
        {
            "category": 1, 
            "url": "http://www.commandandconquer.com/"
        }, 
        {
            "category": 13, 
            "url": "https://store.steampowered.com/app/24810"
        }
    ]
}