{
    "aggregated_rating": 71.4285714285714, 
    "aggregated_rating_count": 9, 
    "category": 0, 
    "cover": {
        "cloudinary_id": "ya1ytqdqjlwrsat1pzj1", 
        "height": 640, 
        "url": "//images.igdb.com/igdb/image/upload/t_thumb/ya1ytqdqjlwrsat1pzj1.jpg", 
        "width": 467
    }, 
    "created_at": 1372761693323, 
    "developers": [
        1113
    ], 
    "esrb": {
        "rating": 6, 
        "synopsis": ""
    }, 
    "external": {
        "steam": "211400"
    }, 
    "first_release_date": 1343779200000, 
    "game_engines": [
        6
    ], 
    "game_modes": [
        1
    ], 
    "games": [
        6732, 
        7344, 
        536, 
        9174, 
        7329, 
        18167, 
        7342, 
        1331, 
        16992, 
        11423
    ], 
    "genres": [
        8, 
        9, 
        31, 
        32
    ], 
    "id": 2354, 
    "keywords": [
        5, 
        69, 
        339, 
        589, 
        697, 
        966, 
        1059, 
        1120, 
        1272, 
        1293, 
        1317, 
        1320, 
        1494, 
        2049, 
        2155, 
        2875, 
        4134, 
        4150, 
        4155, 
        4161, 
        4177, 
        4178, 
        4258, 
        4287, 
        4311, 
        4317, 
        4381, 
        4418, 
        4419, 
        4484, 
        4527, 
        4571, 
        4609, 
        4611, 
        4623, 
        4662, 
        4681, 
        4712, 
        4777, 
        4784, 
        4890, 
        4928, 
        4973, 
        4975, 
        5025, 
        5156, 
        5257, 
        5443, 
        5523, 
        5533, 
        5542, 
        5663, 
        5850, 
        6036, 
        6380, 
        6382, 
        6407, 
        6457, 
        6497, 
        6517, 
        6692, 
        7038, 
        7095, 
        7112, 
        7309, 
        7402, 
        7503, 
        9045, 
        9551, 
        9976, 
        11210, 
        11479
    ], 
    "name": "Deadlight", 
    "pegi": {
        "rating": 5, 
        "synopsis": "The content of this game is suitable for persons aged 18 years and over only.\r\nIt contains: Extreme violence - Strong language"
    }, 
    "platforms": [
        6, 
        12
    ], 
    "player_perspectives": [
        4
    ], 
    "popularity": 1.333333333333333, 
    "publishers": [
        1010
    ], 
    "rating": 68.9775832802847, 
    "rating_count": 41, 
    "release_dates": [
        {
            "category": 0, 
            "date": 1351123200000, 
            "human": "2012-Oct-25", 
            "m": 10, 
            "platform": 6, 
            "region": 8, 
            "y": 2012
        }, 
        {
            "category": 0, 
            "date": 1343779200000, 
            "human": "2012-Aug-01", 
            "m": 8, 
            "platform": 12, 
            "region": 8, 
            "y": 2012
        }
    ], 
    "screenshots": [
        {
            "cloudinary_id": "bl2veh4grzwb6gwiqugj", 
            "height": 1080, 
            "url": "//images.igdb.com/igdb/image/upload/t_thumb/bl2veh4grzwb6gwiqugj.jpg", 
            "width": 1920
        }, 
        {
            "cloudinary_id": "m8ojnbrekjccljrpcee5", 
            "height": 1080, 
            "url": "//images.igdb.com/igdb/image/upload/t_thumb/m8ojnbrekjccljrpcee5.jpg", 
            "width": 1920
        }, 
        {
            "cloudinary_id": "souenwcceqwyllf47zbb", 
            "height": 1080, 
            "url": "//images.igdb.com/igdb/image/upload/t_thumb/souenwcceqwyllf47zbb.jpg", 
            "width": 1920
        }, 
        {
            "cloudinary_id": "vvp9la3msxj61jydcuxv", 
            "height": 1080, 
            "url": "//images.igdb.com/igdb/image/upload/t_thumb/vvp9la3msxj61jydcuxv.jpg", 
            "width": 1920
        }, 
        {
            "cloudinary_id": "safvdfdo9kro4d4up4om", 
            "height": 720, 
            "url": "//images.igdb.com/igdb/image/upload/t_thumb/safvdfdo9kro4d4up4om.jpg", 
            "width": 1280
        }
    ], 
    "slug": "deadlight", 
    "storyline": "The story of the game takes place in 1986 in Seattle after the decimation of society following the outbreak of a virus that reanimates the dead. Randall Wayne is a survivor of the event and has since been separated from his family of his wife, Shannon, and daughter Lydia. Randall had joined a pack of survivors formed of his friend Ben, an officer named Sam and two sisters, Stella and Karla. Randall is seen killing Karla in the beginning of the game due to her being bitten and infected. When the others return and confront him, \"Shadows\", the term for the undead, struggle to get inside their room. The others are able to get away through a vent but Randall gets stuck in the room and tells them to get to a safe area aptly called the \"Safe Point\". Randall is able to escape the area alive and begin traversing the dilapidated Seattle world.", 
    "summary": "The world has ended. There is no hope. No new beginning. Only the survivors. DEADLIGHT follows the journey of Randall Wayne, a man searching for his family across Seattle during the aftermath of a 1980s event that has decimated life on earth. This visually stunning Cinematic Survival Platformer will challenge you to run, jump, climb, and struggle for your life as you look for answers and the ones you love.", 
    "tags": [
        1, 
        17, 
        19, 
        21, 
        22, 
        268435464, 
        268435465, 
        268435487, 
        268435488, 
        536870917, 
        536870981, 
        536871251, 
        536871501, 
        536871609, 
        536871878, 
        536871971, 
        536872032, 
        536872184, 
        536872205, 
        536872229, 
        536872232, 
        536872406, 
        536872961, 
        536873067, 
        536873787, 
        536875046, 
        536875062, 
        536875067, 
        536875073, 
        536875089, 
        536875090, 
        536875170, 
        536875199, 
        536875223, 
        536875229, 
        536875293, 
        536875330, 
        536875331, 
        536875396, 
        536875439, 
        536875483, 
        536875521, 
        536875523, 
        536875535, 
        536875574, 
        536875593, 
        536875624, 
        536875689, 
        536875696, 
        536875802, 
        536875840, 
        536875885, 
        536875887, 
        536875937, 
        536876068, 
        536876169, 
        536876355, 
        536876435, 
        536876445, 
        536876454, 
        536876575, 
        536876762, 
        536876948, 
        536877292, 
        536877294, 
        536877319, 
        536877369, 
        536877409, 
        536877429, 
        536877604, 
        536877950, 
        536878007, 
        536878024, 
        536878221, 
        536878314, 
        536878415, 
        536879957, 
        536880463, 
        536880888, 
        536882122, 
        536882391, 
        1073741828
    ], 
    "themes": [
        1, 
        17, 
        19, 
        21, 
        22
    ], 
    "time_to_beat": {
        "completely": 23400, 
        "hastly": 7920, 
        "normally": 15300
    }, 
    "total_rating": 70.20307735442805, 
    "total_rating_count": 50, 
    "updated_at": 1528389565112, 
    "url": "https://www.igdb.com/games/deadlight", 
    "videos": [
        {
            "name": "Trailer", 
            "video_id": "QUlKEH8Kc3c"
        }, 
        {
            "name": "Trailer", 
            "video_id": "rnWx8o9DJ1w"
        }
    ], 
    "websites": [
        {
            "category": 1, 
            "url": "http://www.deadlightgame.com"
        }, 
        {
            "category": 3, 
            "url": "https://en.wikipedia.org/wiki/Deadlight"
        }, 
        {
            "category": 2, 
            "url": "http://deadlight.wikia.com/wiki/Deadlight_Wiki"
        }, 
        {
            "category": 13,