{
    "aggregated_rating": 41.0, 
    "aggregated_rating_count": 6, 
    "category": 0, 
    "collection": 1502, 
    "cover": {
        "cloudinary_id": "kulehftbowem1cc74z5w", 
        "height": 304, 
        "url": "//images.igdb.com/igdb/image/upload/t_thumb/kulehftbowem1cc74z5w.jpg", 
        "width": 246
    }, 
    "created_at": 1391564773820, 
    "developers": [
        2142
    ], 
    "esrb": {
        "rating": 5
    }, 
    "first_release_date": 1289865600000, 
    "franchise": 133, 
    "franchises": [
        133
    ], 
    "game_engines": [
        542
    ], 
    "game_modes": [
        1
    ], 
    "games": [
        27421, 
        3025, 
        19441, 
        6958, 
        536, 
        529, 
        26401, 
        1352, 
        1887, 
        7323
    ], 
    "genres": [
        5
    ], 
    "id": 4904, 
    "keywords": [
        147, 
        226, 
        296, 
        314, 
        558, 
        594, 
        1025, 
        1033, 
        1270, 
        1286, 
        1293, 
        1302, 
        1440, 
        1478, 
        1538, 
        1638, 
        1756, 
        1783, 
        1803, 
        1971, 
        3831, 
        4134, 
        4142, 
        4169, 
        4171, 
        4245, 
        4287, 
        4342, 
        4353, 
        4359, 
        4363, 
        4404, 
        4430, 
        4438, 
        4525, 
        4526, 
        4576, 
        4580, 
        4611, 
        4613, 
        4624, 
        4698, 
        4711, 
        4738, 
        4788, 
        4831, 
        4848, 
        4879, 
        4892, 
        4919, 
        5029, 
        5124, 
        5259, 
        5272, 
        5348, 
        5373, 
        5451, 
        5533, 
        5564, 
        5783, 
        5858, 
        5896, 
        5904, 
        6117, 
        6118, 
        6237, 
        6292, 
        6299, 
        6374, 
        7081, 
        7086, 
        7457, 
        7529, 
        7619, 
        8299, 
        8679, 
        8786, 
        8846, 
        8857, 
        9156, 
        9311, 
        9448, 
        9995, 
        11576, 
        12463, 
        12514
    ], 
    "name": "Harry Potter and the Deathly Hallows \u2013 Part 1", 
    "platforms": [
        6, 
        9, 
        12, 
        20, 
        5
    ], 
    "player_perspectives": [
        1, 
        2
    ], 
    "popularity": 1.333333333333333, 
    "publishers": [
        1
    ], 
    "rating": 58.34303800772371, 
    "rating_count": 14, 
    "release_dates": [
        {
            "category": 0, 
            "date": 1290124800000, 
            "human": "2010-Nov-19", 
            "m": 11, 
            "platform": 5, 
            "region": 1, 
            "y": 2010
        }, 
        {
            "category": 0, 
            "date": 1289865600000, 
            "human": "2010-Nov-16", 
            "m": 11, 
            "platform": 5, 
            "region": 2, 
            "y": 2010
        }, 
        {
            "category": 0, 
            "date": 1290124800000, 
            "human": "2010-Nov-19", 
            "m": 11, 
            "platform": 9, 
            "region": 1, 
            "y": 2010
        }, 
        {
            "category": 0, 
            "date": 1289865600000, 
            "human": "2010-Nov-16", 
            "m": 11, 
            "platform": 9, 
            "region": 2, 
            "y": 2010
        }, 
        {
            "category": 0, 
            "date": 1289865600000, 
            "human": "2010-Nov-16", 
            "m": 11, 
            "platform": 5, 
            "y": 2010
        }, 
        {
            "category": 0, 
            "date": 1289865600000, 
            "human": "2010-Nov-16", 
            "m": 11, 
            "platform": 6, 
            "y": 2010
        }, 
        {
            "category": 0, 
            "date": 1289865600000, 
            "human": "2010-Nov-16", 
            "m": 11, 
            "platform": 20, 
            "y": 2010
        }, 
        {
            "category": 0, 
            "date": 1289865600000, 
            "human": "2010-Nov-16", 
            "m": 11, 
            "platform": 9, 
            "y": 2010
        }, 
        {
            "category": 0, 
            "date": 1289865600000, 
            "human": "2010-Nov-16", 
            "m": 11, 
            "platform": 12, 
            "y": 2010
        }
    ], 
    "screenshots": [
        {
            "cloudinary_id": "ukmaz9ylwsx0j3ayx5lf", 
            "height": 720, 
            "url": "//images.igdb.com/igdb/image/upload/t_thumb/ukmaz9ylwsx0j3ayx5lf.jpg", 
            "width": 1280
        }, 
        {
            "cloudinary_id": "o6mvz9sualqnwpmoxcqu", 
            "height": 720, 
            "url": "//images.igdb.com/igdb/image/upload/t_thumb/o6mvz9sualqnwpmoxcqu.jpg", 
            "width": 1280
        }, 
        {
            "cloudinary_id": "bgsyo6wjmxiqdh5fhb92", 
            "height": 720, 
            "url": "//images.igdb.com/igdb/image/upload/t_thumb/bgsyo6wjmxiqdh5fhb92.jpg", 
            "width": 1280
        }, 
        {
            "cloudinary_id": "dy5wyfdokky8suqe7tmu", 
            "height": 720, 
            "url": "//images.igdb.com/igdb/image/upload/t_thumb/dy5wyfdokky8suqe7tmu.jpg", 
            "width": 1280
        }, 
        {
            "cloudinary_id": "k7ejy0uvhlk8xjj2lu6v", 
            "height": 720, 
            "url": "//images.igdb.com/igdb/image/upload/t_thumb/k7ejy0uvhlk8xjj2lu6v.jpg", 
            "width": 1280
        }, 
        {
            "cloudinary_id": "rrhganpisug3iliye3bb", 
            "height": 720, 
            "url": "//images.igdb.com/igdb/image/upload/t_thumb/rrhganpisug3iliye3bb.jpg", 
            "width": 1280
        }, 
        {
            "cloudinary_id": "nf0why3mtbsplrwsnpr2", 
            "height": 720, 
            "url": "//images.igdb.com/igdb/image/upload/t_thumb/nf0why3mtbsplrwsnpr2.jpg", 
            "width": 1280
        }, 
        {
            "cloudinary_id": "up6uhjmmsf5vuu2lbhsr", 
            "height": 720, 
            "url": "//images.igdb.com/igdb/image/upload/t_thumb/up6uhjmmsf5vuu2lbhsr.jpg", 
            "width": 1280
        }, 
        {
            "cloudinary_id": "im1uh3n9ytubdkm67pr7", 
            "height": 720, 
            "url": "//images.igdb.com/igdb/image/upload/t_thumb/im1uh3n9ytubdkm67pr7.jpg", 
            "width": 1280
        }
    ], 
    "slug": "harry-potter-and-the-deathly-hallows-part-1",