{
    "aggregated_rating": 70.5, 
    "aggregated_rating_count": 4, 
    "alternative_names": [
        {
            "comment": "French title", 
            "name": "Rayman contre les Lapins Cr\u00e9tins"
        }
    ], 
    "category": 0, 
    "collection": 757, 
    "cover": {
        "cloudinary_id": "m16xavfbrd3z00asclif", 
        "height": 899, 
        "url": "//images.igdb.com/igdb/image/upload/t_thumb/m16xavfbrd3z00asclif.jpg", 
        "width": 640
    }, 
    "created_at": 1372426973630, 
    "developers": [
        702, 
        840
    ], 
    "external": {
        "steam": "15080"
    }, 
    "first_release_date": 1163462400000, 
    "game_engines": [
        76
    ], 
    "game_modes": [
        1, 
        2
    ], 
    "games": [
        36868, 
        28113, 
        72, 
        6732, 
        19082, 
        16992, 
        27421, 
        1968, 
        18167, 
        21062
    ], 
    "genres": [
        8, 
        9, 
        31
    ], 
    "hypes": 1, 
    "id": 2277, 
    "keywords": [
        6, 
        164, 
        274, 
        350, 
        394, 
        902, 
        1158, 
        1228, 
        1293, 
        1440, 
        1478, 
        1699, 
        1898, 
        2049, 
        2052, 
        2109, 
        2152, 
        3630, 
        4134, 
        4161, 
        4162, 
        4177, 
        4211, 
        4247, 
        4266, 
        4272, 
        4297, 
        4304, 
        4312, 
        4327, 
        4328, 
        4345, 
        4381, 
        4403, 
        4418, 
        4438, 
        4523, 
        4611, 
        4619, 
        4698, 
        4709, 
        4744, 
        4788, 
        4877, 
        5193, 
        5194, 
        5441, 
        5523, 
        5657, 
        5783, 
        5929, 
        6137, 
        6422, 
        6494, 
        6619, 
        6666, 
        6801, 
        6916, 
        6925, 
        7593, 
        8862, 
        9075, 
        9382, 
        9494, 
        9513, 
        9599, 
        9768, 
        12123, 
        12903, 
        12987, 
        13102, 
        13106, 
        13595, 
        14235
    ], 
    "name": "Rayman: Raving Rabbids", 
    "pegi": {
        "rating": 1
    }, 
    "platforms": [
        6, 
        12, 
        24, 
        20, 
        5, 
        8
    ], 
    "popularity": 1.333333333333333, 
    "publishers": [
        104
    ], 
    "rating": 79.38174651054679, 
    "rating_count": 23, 
    "release_dates": [
        {
            "category": 0, 
            "date": 1166054400000, 
            "human": "2006-Dec-14", 
            "m": 12, 
            "platform": 5, 
            "region": 5, 
            "y": 2006
        }, 
        {
            "category": 0, 
            "date": 1165536000000, 
            "human": "2006-Dec-08", 
            "m": 12, 
            "platform": 5, 
            "region": 1, 
            "y": 2006
        }, 
        {
            "category": 0, 
            "date": 1163894400000, 
            "human": "2006-Nov-19", 
            "m": 11, 
            "platform": 5, 
            "region": 2, 
            "y": 2006
        }, 
        {
            "category": 0, 
            "date": 1163462400000, 
            "human": "2006-Nov-14", 
            "m": 11, 
            "platform": 24, 
            "y": 2006
        }, 
        {
            "category": 0, 
            "date": 1163894400000, 
            "human": "2006-Nov-19", 
            "m": 11, 
            "platform": 5, 
            "y": 2006
        }, 
        {
            "category": 0, 
            "date": 1165276800000, 
            "human": "2006-Dec-05", 
            "m": 12, 
            "platform": 8, 
            "y": 2006
        }, 
        {
            "category": 0, 
            "date": 1165449600000, 
            "human": "2006-Dec-07", 
            "m": 12, 
            "platform": 6, 
            "y": 2006
        }, 
        {
            "category": 0, 
            "date": 1173139200000, 
            "human": "2007-Mar-06", 
            "m": 3, 
            "platform": 20, 
            "y": 2007
        }, 
        {
            "category": 0, 
            "date": 1175817600000, 
            "human": "2007-Apr-06", 
            "m": 4, 
            "platform": 12, 
            "y": 2007
        }
    ], 
    "screenshots": [
        {
            "cloudinary_id": "kvskhiwnqzov6cf0mcbs", 
            "height": 450, 
            "url": "//images.igdb.com/igdb/image/upload/t_thumb/kvskhiwnqzov6cf0mcbs.jpg", 
            "width": 800
        }, 
        {
            "cloudinary_id": "gn6tca3rjglnedlyuug6", 
            "height": 450, 
            "url": "//images.igdb.com/igdb/image/upload/t_thumb/gn6tca3rjglnedlyuug6.jpg", 
            "width": 800
        }, 
        {
            "cloudinary_id": "uco875volvoasgsrig1v", 
            "height": 450, 
            "url": "//images.igdb.com/igdb/image/upload/t_thumb/uco875volvoasgsrig1v.jpg", 
            "width": 800
        }, 
        {
            "cloudinary_id": "kxsznpljbfizmqjpcqhd", 
            "height": 576, 
            "url": "//images.igdb.com/igdb/image/upload/t_thumb/kxsznpljbfizmqjpcqhd.jpg", 
            "width": 900
        }, 
        {
            "cloudinary_id": "yuzkodxezdtl5bl3fqua", 
            "height": 577, 
            "url": "//images.igdb.com/igdb/image/upload/t_thumb/yuzkodxezdtl5bl3fqua.jpg", 
            "width": 900
        }, 
        {
            "cloudinary_id": "vbq8fiegofzbcov7atke", 
            "height": 564, 
            "url": "//images.igdb.com/igdb/image/upload/t_thumb/vbq8fiegofzbcov7atke.jpg", 
            "width": 900
        }, 
        {
            "cloudinary_id": "lrxgsx7mbnho0ukwo9xl", 
            "height": 579, 
            "url": "//images.igdb.com/igdb/image/upload/t_thumb/lrxgsx7mbnho0ukwo9xl.jpg", 
            "width": 900
        }, 
        {
            "cloudinary_id": "ogpgpm01pknbawstbjou", 
            "height": 334, 
            "url": "//images.igdb.com/igdb/image/upload/t_thumb/ogpgpm01pknbawstbjou.jpg", 
            "width": 446
        }, 
        {
            "cloudinary_id": "pzldb1b5hbcxxwnvbq16", 
            "height": 334, 
            "url": "//images.igdb.com/igdb/image/upload/t_thumb/pzldb1b5hbcxxwnvbq16.jpg", 
            "width": 446
        }, 
        {
            "cloudinary_id": "nxqrtqdomixywvrs0feo", 
            "height": 334, 
            "url": "//images.igdb.com/igdb/image/upload/t_thumb/nxqrtqdomixywvrs0feo.jpg", 
            "width": 446
        }, 
        {
            "cloudinary_id": "ga9atcfk6il3fmz0pdvl", 
            "height": 334, 
            "url": "//images.igdb.com/igdb/image/upload/t_thumb/ga9atcfk6il3fmz0pdvl.jpg", 
            "width": 446
        }, 
        {
            "cloudinary_id": "veklokwbdlm85uynrfv0", 
            "height": 270, 
            "url": "//images.igdb.com/igdb/image/upload/t_thumb/veklokwbdlm85uynrfv0.jpg", 
            "width": 480
        }
    ], 
    "slug": "rayman-raving-rabbids", 
    "summary": "Rayman Raving Rabbids marks the return of the iconic video-game hero, Rayman, in his funniest and zaniest adventure ever. When the world of Rayman is threatened by a devastating invasion of crazed, out-of-control bunnies Rayman must rise up against his furry foes to foil their wicked plans. Utilizing an array of amazing new abilities, and with the help of magical creatures, Rayman must break out all the moves to save his world from these delirious bunnies and their hare-raising antics.",