{
    "aggregated_rating": 55.0, 
    "aggregated_rating_count": 4, 
    "alternative_names": [
        {
            "comment": "Other", 
            "name": "Tenchi o Kurau 2"
        }, 
        {
            "comment": "Japanese title", 
            "name": "\u5929\u8a85 \u5343\u4e71"
        }
    ], 
    "category": 0, 
    "collection": 666, 
    "cover": {
        "cloudinary_id": "a7rdcbopv4fsnzwt3uxn", 
        "height": 314, 
        "url": "//images.igdb.com/igdb/image/upload/t_thumb/a7rdcbopv4fsnzwt3uxn.jpg", 
        "width": 223
    }, 
    "created_at": 1401775677940, 
    "developers": [
        2325
    ], 
    "esrb": {
        "rating": 6
    }, 
    "first_release_date": 1160006400000, 
    "game_modes": [
        1, 
        3
    ], 
    "games": [
        26841, 
        11423, 
        19085, 
        7364, 
        6194, 
        12571, 
        18167, 
        4113, 
        44512, 
        4114
    ], 
    "genres": [
        15, 
        31
    ], 
    "id": 7213, 
    "keywords": [
        22, 
        61, 
        78, 
        94, 
        129, 
        132, 
        164, 
        226, 
        227, 
        558, 
        847, 
        872, 
        1026, 
        1027, 
        1219, 
        1293, 
        1640, 
        2458, 
        2679, 
        3486, 
        3776, 
        3782, 
        4134, 
        4155, 
        4272, 
        4389, 
        4560, 
        4903, 
        5328, 
        5354, 
        5444, 
        5565, 
        5843, 
        5849, 
        5902, 
        5999, 
        6737, 
        6827, 
        7097, 
        7498, 
        7511, 
        7624, 
        8868, 
        8874, 
        9750, 
        9931, 
        10325, 
        10792, 
        11110, 
        11111, 
        11112
    ], 
    "multiplayer_modes": [
        {
            "campaigncoop": true, 
            "dropin": true, 
            "lancoop": true, 
            "offlinecoop": false, 
            "offlinecoopmax": 0, 
            "offlinemax": 0, 
            "onlinecoop": true, 
            "onlinecoopmax": 4, 
            "onlinemax": 0, 
            "platform": 12, 
            "splitscreen": false, 
            "splitscreenonline": false
        }
    ], 
    "name": "Tenchu Z", 
    "platforms": [
        12
    ], 
    "player_perspectives": [
        2
    ], 
    "popularity": 10.33333333333333, 
    "publishers": [
        53, 
        1012
    ], 
    "rating": 67.25085099007, 
    "rating_count": 7, 
    "release_dates": [
        {
            "category": 0, 
            "date": 1160006400000, 
            "human": "2006-Oct-05", 
            "m": 10, 
            "platform": 12, 
            "region": 5, 
            "y": 2006
        }, 
        {
            "category": 0, 
            "date": 1181606400000, 
            "human": "2007-Jun-12", 
            "m": 6, 
            "platform": 12, 
            "region": 2, 
            "y": 2007
        }, 
        {
            "category": 0, 
            "date": 1182384000000, 
            "human": "2007-Jun-21", 
            "m": 6, 
            "platform": 12, 
            "region": 3, 
            "y": 2007
        }, 
        {
            "category": 0, 
            "date": 1183075200000, 
            "human": "2007-Jun-29", 
            "m": 6, 
            "platform": 12, 
            "region": 1, 
            "y": 2007
        }
    ], 
    "screenshots": [
        {
            "cloudinary_id": "ipqyio8tvk6go0ywl3wf", 
            "height": 719, 
            "url": "//images.igdb.com/igdb/image/upload/t_thumb/ipqyio8tvk6go0ywl3wf.jpg", 
            "width": 1024
        }, 
        {
            "cloudinary_id": "lmdjmpn3z9turzwfvxq5", 
            "height": 1080, 
            "url": "//images.igdb.com/igdb/image/upload/t_thumb/lmdjmpn3z9turzwfvxq5.jpg", 
            "width": 1920
        }, 
        {
            "cloudinary_id": "kqjeba38va9xvraksmmb", 
            "height": 720, 
            "url": "//images.igdb.com/igdb/image/upload/t_thumb/kqjeba38va9xvraksmmb.jpg", 
            "width": 1280
        }, 
        {
            "cloudinary_id": "u57cg9beol1vmpkr8d9h", 
            "height": 456, 
            "url": "//images.igdb.com/igdb/image/upload/t_thumb/u57cg9beol1vmpkr8d9h.jpg", 
            "width": 800
        }
    ], 
    "slug": "tenchu-z", 
    "summary": "Tenchu Z (\u5929\u8a85 \u5343\u4e71 Tenchu Senran?) is an action-adventure stealth video game developed by K2 LLC and published by From Software for the Xbox 360 in 2006. \n \nIt is different from previous games in the series in that the player creates their own ninja characters, then builds up their skills as they play through the game rather than choosing from a small selection of pre-made characters, as they take orders from the series' previous main male character, Rikimaru. It also features four-player cooperative play through Xbox Live.", 
    "tags": [
        1, 
        17, 
        22, 
        23, 
        268435471, 
        268435487, 
        536870934, 
        536870973, 
        536870990, 
        536871006, 
        536871041, 
        536871044, 
        536871076, 
        536871138, 
        536871139, 
        536871470, 
        536871759, 
        536871784, 
        536871938, 
        536871939, 
        536872131, 
        536872205, 
        536872552, 
        536873370, 
        536873591, 
        536874398, 
        536874688, 
        536874694, 
        536875046, 
        536875067, 
        536875184, 
        536875301, 
        536875472, 
        536875815, 
        536876240, 
        536876266, 
        536876356, 
        536876477, 
        536876755, 
        536876761, 
        536876814, 
        536876911, 
        536877649, 
        536877739, 
        536878009, 
        536878410, 
        536878423, 
        536878536, 
        536879780, 
        536879786, 
        536880662, 
        536880843, 
        536881237, 
        536881704, 
        536882022, 
        536882023, 
        536882024, 
        1073741826
    ], 
    "themes": [
        1, 
        17, 
        22, 
        23
    ], 
    "total_rating": 61.125425495035, 
    "total_rating_count": 11, 
    "updated_at": 1528606635818, 
    "url": "https://www.igdb.com/games/tenchu-z"
}