{
    "aggregated_rating": 55.5, 
    "aggregated_rating_count": 10, 
    "category": 0, 
    "collection": 2659, 
    "cover": {
        "cloudinary_id": "wyrfsyqpth0xvyaebto6", 
        "height": 4464, 
        "url": "//images.igdb.com/igdb/image/upload/t_thumb/wyrfsyqpth0xvyaebto6.jpg", 
        "width": 3175
    }, 
    "created_at": 1449606969363, 
    "developers": [
        163
    ], 
    "external": {
        "steam": "359600"
    }, 
    "first_release_date": 1454976000000, 
    "franchise": 571, 
    "franchises": [
        571
    ], 
    "game_modes": [
        1
    ], 
    "games": [
        127, 
        14902, 
        113, 
        8223, 
        128, 
        5606, 
        6958, 
        1266, 
        27421, 
        3025
    ], 
    "genres": [
        8, 
        31
    ], 
    "hypes": 1, 
    "id": 14903, 
    "keywords": [
        22, 
        129, 
        132, 
        221, 
        227, 
        301, 
        390, 
        558, 
        589, 
        1019, 
        1033, 
        1098, 
        1102, 
        1293, 
        1437, 
        2280, 
        2416, 
        2561, 
        3278, 
        3901, 
        4131, 
        4134, 
        4155, 
        4161, 
        4169, 
        4179, 
        4187, 
        4194, 
        4245, 
        4250, 
        4287, 
        4317, 
        4345, 
        4353, 
        4389, 
        4394, 
        4484, 
        4488, 
        4508, 
        4576, 
        4611, 
        4737, 
        4770, 
        4833, 
        4866, 
        4891, 
        4896, 
        4907, 
        4910, 
        4918, 
        4925, 
        4990, 
        5096, 
        5400, 
        5444, 
        5517, 
        5838, 
        5843, 
        5850, 
        5999, 
        6058, 
        6238, 
        6252, 
        6304, 
        6327, 
        6382, 
        6541, 
        6654, 
        7095, 
        7122, 
        7160, 
        7289, 
        7344, 
        7345, 
        7593, 
        7611, 
        8135, 
        8152, 
        8154, 
        8163, 
        8165, 
        8166, 
        8300, 
        8827, 
        8829, 
        8830, 
        8831, 
        8832, 
        8833
    ], 
    "name": "Assassin's Creed Chronicles: Russia", 
    "platforms": [
        6, 
        46, 
        48, 
        49
    ], 
    "player_perspectives": [
        4
    ], 
    "popularity": 2.333333333333333, 
    "publishers": [
        7041
    ], 
    "pulse_count": 3, 
    "rating": 64.3852664971655, 
    "rating_count": 13, 
    "release_dates": [
        {
            "category": 0, 
            "date": 1454976000000, 
            "human": "2016-Feb-09", 
            "m": 2, 
            "platform": 49, 
            "region": 2, 
            "y": 2016
        }, 
        {
            "category": 0, 
            "date": 1454976000000, 
            "human": "2016-Feb-09", 
            "m": 2, 
            "platform": 48, 
            "region": 2, 
            "y": 2016
        }, 
        {
            "category": 0, 
            "date": 1454976000000, 
            "human": "2016-Feb-09", 
            "m": 2, 
            "platform": 48, 
            "region": 8, 
            "y": 2016
        }, 
        {
            "category": 0, 
            "date": 1454976000000, 
            "human": "2016-Feb-09", 
            "m": 2, 
            "platform": 49, 
            "region": 8, 
            "y": 2016
        }, 
        {
            "category": 0, 
            "date": 1454976000000, 
            "human": "2016-Feb-09", 
            "m": 2, 
            "platform": 6, 
            "region": 8, 
            "y": 2016
        }, 
        {
            "category": 0, 
            "date": 1459814400000, 
            "human": "2016-Apr-05", 
            "m": 4, 
            "platform": 46, 
            "region": 8, 
            "y": 2016
        }
    ], 
    "screenshots": [
        {
            "cloudinary_id": "irmvzhdx9w1jhpekntdd", 
            "height": 1080, 
            "url": "//images.igdb.com/igdb/image/upload/t_thumb/irmvzhdx9w1jhpekntdd.jpg", 
            "width": 1920
        }, 
        {
            "cloudinary_id": "og3h5yxlofidw04qzbrw", 
            "height": 1080, 
            "url": "//images.igdb.com/igdb/image/upload/t_thumb/og3h5yxlofidw04qzbrw.jpg", 
            "width": 1920
        }, 
        {
            "cloudinary_id": "gxhxtmvksmoh1lyf3tgg", 
            "height": 1080, 
            "url": "//images.igdb.com/igdb/image/upload/t_thumb/gxhxtmvksmoh1lyf3tgg.jpg", 
            "width": 1920
        }, 
        {
            "cloudinary_id": "ltv3pmzbe7nf5tuwpws1", 
            "height": 1080, 
            "url": "//images.igdb.com/igdb/image/upload/t_thumb/ltv3pmzbe7nf5tuwpws1.jpg", 
            "width": 1920
        }, 
        {
            "cloudinary_id": "hgjfznlpypaxuyd6tuxx", 
            "height": 1080, 
            "url": "//images.igdb.com/igdb/image/upload/t_thumb/hgjfznlpypaxuyd6tuxx.jpg", 
            "width": 1920
        }
    ], 
    "slug": "assassins-creed-chronicles-russia", 
    "summary": "Chronicles: Russia will feature the Russian assassin Nikolai Orelov in 1918, during the aftermath of the October Revolution. Orelov wants to leave with his family, but is required to perform one last mission for the Assassin Order: infiltrate the house where the Tsar's family is being held by the Bolsheviks, and steal an artifact that has been fought over by Assassins and Templars for centuries. Along the way, he witnesses the massacre of the Tsar Nicholas II's children, but manages to save the princess, Anastasia. He must escape the Templars while protecting the artifact and Anastasia", 
    "tags": [
        1, 
        17, 
        22, 
        23, 
        268435464, 
        268435487, 
        536870934, 
        536871041, 
        536871044, 
        536871133, 
        536871139, 
        536871213, 
        536871302, 
        536871470, 
        536871501, 
        536871931, 
        536871945, 
        536872010, 
        536872014, 
        536872205, 
        536872349, 
        536873192, 
        536873328, 
        536873473, 
        536874190, 
        536874813, 
        536875043, 
        536875046, 
        536875067, 
        536875073, 
        536875081, 
        536875091, 
        536875099, 
        536875106, 
        536875157, 
        536875162, 
        536875199, 
        536875229, 
        536875257, 
        536875265, 
        536875301, 
        536875306, 
        536875396, 
        536875400, 
        536875420, 
        536875488, 
        536875523, 
        536875649, 
        536875682, 
        536875745, 
        536875778, 
        536875803, 
        536875808, 
        536875819, 
        536875822, 
        536875830, 
        536875837, 
        536875902, 
        536876008, 
        536876312, 
        536876356, 
        536876429, 
        536876750, 
        536876755, 
        536876762, 
        536876911, 
        536876970, 
        536877150, 
        536877164, 
        536877216, 
        536877239, 
        536877294, 
        536877453, 
        536877566, 
        536878007, 
        536878034, 
        536878072, 
        536878201, 
        536878256, 
        536878257, 
        536878505, 
        536878523, 
        536879047, 
        536879064, 
        536879066, 
        536879075, 
        536879077, 
        536879078, 
        536879212, 
        536879739, 
        536879741, 
        536879742, 
        536879743, 
        536879744, 
        536879745, 
        1073741828
    ], 
    "themes": [
        1, 
        17, 
        22, 
        23
    ], 
    "total_rating": 59.94263324858275, 
    "total_rating_count": 23, 
    "updated_at": 1524927744563, 
    "url": "https://www.igdb.com/games/assassins-creed-chronicles-russia", 
    "websites": [
        {
            "category": 3,