{
    "aggregated_rating": 81.4666666666667, 
    "aggregated_rating_count": 15, 
    "category": 0, 
    "collection": 91, 
    "cover": {
        "cloudinary_id": "kq2pbxsax0aufgpij41o", 
        "height": 353, 
        "url": "//images.igdb.com/igdb/image/upload/t_thumb/kq2pbxsax0aufgpij41o.jpg", 
        "width": 320
    }, 
    "created_at": 1407353485360, 
    "developers": [
        277
    ], 
    "first_release_date": 1411430400000, 
    "game_engines": [
        58, 
        59
    ], 
    "game_modes": [
        1, 
        2, 
        3
    ], 
    "games": [
        2920, 
        2153, 
        2946, 
        699, 
        4643, 
        10121, 
        27081, 
        19516, 
        31558, 
        503
    ], 
    "genres": [
        14
    ], 
    "hypes": 2, 
    "id": 7574, 
    "keywords": [
        26, 
        27, 
        434, 
        1166, 
        1293, 
        2362, 
        2543, 
        2803, 
        4142, 
        4226, 
        4245, 
        4274, 
        4282, 
        4287, 
        4400, 
        4444, 
        4518, 
        4519, 
        4520, 
        4521, 
        4650, 
        4890, 
        5029, 
        5315, 
        5317, 
        5347, 
        5663, 
        6036, 
        6199, 
        6467, 
        6520, 
        6576, 
        6577, 
        6579, 
        6758, 
        6762, 
        7178, 
        7197, 
        7198, 
        7199, 
        7200, 
        7201, 
        7202, 
        7203, 
        7204, 
        7206, 
        7207, 
        7208, 
        7209, 
        7211, 
        7212, 
        10445
    ], 
    "multiplayer_modes": [
        {
            "campaigncoop": false, 
            "dropin": true, 
            "lancoop": false, 
            "offlinecoop": true, 
            "offlinecoopmax": 4, 
            "offlinemax": 0, 
            "onlinecoop": false, 
            "onlinecoopmax": 0, 
            "onlinemax": 0, 
            "platform": 48, 
            "splitscreen": false, 
            "splitscreenonline": false
        }
    ], 
    "name": "FIFA 15", 
    "pegi": {
        "rating": 1
    }, 
    "platforms": [
        6, 
        46, 
        9, 
        48, 
        12, 
        49, 
        37, 
        5
    ], 
    "player_perspectives": [
        3
    ], 
    "popularity": 5.333333333333333, 
    "publishers": [
        454
    ], 
    "rating": 76.6786202655978, 
    "rating_count": 106, 
    "release_dates": [
        {
            "category": 0, 
            "date": 1411689600000, 
            "human": "2014-Sep-26", 
            "m": 9, 
            "platform": 5, 
            "region": 1, 
            "y": 2014
        }, 
        {
            "category": 0, 
            "date": 1411689600000, 
            "human": "2014-Sep-26", 
            "m": 9, 
            "platform": 37, 
            "region": 1, 
            "y": 2014
        }, 
        {
            "category": 0, 
            "date": 1411689600000, 
            "human": "2014-Sep-26", 
            "m": 9, 
            "platform": 48, 
            "region": 1, 
            "y": 2014
        }, 
        {
            "category": 0, 
            "date": 1411689600000, 
            "human": "2014-Sep-26", 
            "m": 9, 
            "platform": 9, 
            "region": 1, 
            "y": 2014
        }, 
        {
            "category": 0, 
            "date": 1411430400000, 
            "human": "2014-Sep-23", 
            "m": 9, 
            "platform": 9, 
            "region": 2, 
            "y": 2014
        }, 
        {
            "category": 0, 
            "date": 1411430400000, 
            "human": "2014-Sep-23", 
            "m": 9, 
            "platform": 6, 
            "region": 2, 
            "y": 2014
        }, 
        {
            "category": 0, 
            "date": 1411430400000, 
            "human": "2014-Sep-23", 
            "m": 9, 
            "platform": 37, 
            "region": 2, 
            "y": 2014
        }, 
        {
            "category": 0, 
            "date": 1411430400000, 
            "human": "2014-Sep-23", 
            "m": 9, 
            "platform": 48, 
            "region": 2, 
            "y": 2014
        }, 
        {
            "category": 0, 
            "date": 1411516800000, 
            "human": "2014-Sep-24", 
            "m": 9, 
            "platform": 49, 
            "region": 1, 
            "y": 2014
        }, 
        {
            "category": 0, 
            "date": 1411516800000, 
            "human": "2014-Sep-24", 
            "m": 9, 
            "platform": 12, 
            "region": 1, 
            "y": 2014
        }, 
        {
            "category": 0, 
            "date": 1411430400000, 
            "human": "2014-Sep-23", 
            "m": 9, 
            "platform": 46, 
            "region": 2, 
            "y": 2014
        }, 
        {
            "category": 0, 
            "date": 1411430400000, 
            "human": "2014-Sep-23", 
            "m": 9, 
            "platform": 5, 
            "region": 2, 
            "y": 2014
        }, 
        {
            "category": 0, 
            "date": 1411430400000, 
            "human": "2014-Sep-23", 
            "m": 9, 
            "platform": 49, 
            "region": 2, 
            "y": 2014
        }, 
        {
            "category": 0, 
            "date": 1411430400000, 
            "human": "2014-Sep-23", 
            "m": 9, 
            "platform": 12, 
            "region": 2, 
            "y": 2014
        }, 
        {
            "category": 0, 
            "date": 1411516800000, 
            "human": "2014-Sep-24", 
            "m": 9, 
            "platform": 6, 
            "region": 1, 
            "y": 2014
        }, 
        {
            "category": 0, 
            "date": 1411516800000, 
            "human": "2014-Sep-24", 
            "m": 9, 
            "platform": 46, 
            "region": 1, 
            "y": 2014
        }
    ], 
    "screenshots": [
        {
            "cloudinary_id": "cryg96vy9kzfgckzh0i1", 
            "height": 1080, 
            "url": "//images.igdb.com/igdb/image/upload/t_thumb/cryg96vy9kzfgckzh0i1.jpg", 
            "width": 1920
        }, 
        {
            "cloudinary_id": "oy514htrijlbi8qlt7he", 
            "height": 1080, 
            "url": "//images.igdb.com/igdb/image/upload/t_thumb/oy514htrijlbi8qlt7he.jpg", 
            "width": 1920
        }, 
        {
            "cloudinary_id": "hhi2hy9d6jmssxmh19ya", 
            "height": 1080, 
            "url": "//images.igdb.com/igdb/image/upload/t_thumb/hhi2hy9d6jmssxmh19ya.jpg", 
            "width": 1920
        }, 
        {
            "cloudinary_id": "f31laeafebpf9qkltsx1", 
            "height": 1080, 
            "url": "//images.igdb.com/igdb/image/upload/t_thumb/f31laeafebpf9qkltsx1.jpg", 
            "width": 1920
        }, 
        {
            "cloudinary_id": "nrtyeq8dfduiymrqpimm", 
            "height": 1080, 
            "url": "//images.igdb.com/igdb/image/upload/t_thumb/nrtyeq8dfduiymrqpimm.jpg", 
            "width": 1920
        }
    ], 
    "slug": "fifa-15", 
    "summary": "FIFA 15 is a football simulation game developed by EA Canada and published by Electronic Arts. FIFA 15 is the first of the series to be developed for next generation (Xbox One and PS4) consoles and also features the new Ignite game engine.",