{
    "aggregated_rating": 82.6, 
    "aggregated_rating_count": 5, 
    "category": 0, 
    "collection": 2125, 
    "cover": {
        "cloudinary_id": "zjhlzmitrqthghsj76ql", 
        "height": 696, 
        "url": "//images.igdb.com/igdb/image/upload/t_thumb/zjhlzmitrqthghsj76ql.jpg", 
        "width": 584
    }, 
    "created_at": 1424178435889, 
    "developers": [
        4824
    ], 
    "dlcs": [
        51823
    ], 
    "esrb": {
        "rating": 5, 
        "synopsis": "-"
    }, 
    "external": {
        "steam": "266510"
    }, 
    "first_release_date": 1424131200000, 
    "game_engines": [
        13
    ], 
    "game_modes": [
        1
    ], 
    "games": [
        6732, 
        7202, 
        7344, 
        18645, 
        18822, 
        11423, 
        17354, 
        3231, 
        8965, 
        26841
    ], 
    "genres": [
        12, 
        15, 
        16, 
        26, 
        31, 
        32
    ], 
    "id": 9101, 
    "keywords": [
        117, 
        151, 
        226, 
        227, 
        246, 
        296, 
        416, 
        426, 
        594, 
        872, 
        1026, 
        1027, 
        1033, 
        1158, 
        1293, 
        1358, 
        1361, 
        1494, 
        1507, 
        1735, 
        1967, 
        1982, 
        2154, 
        2601, 
        3171, 
        3297, 
        3782, 
        3794, 
        4134, 
        4135, 
        4139, 
        4148, 
        4150, 
        4235, 
        4353, 
        4363, 
        4407, 
        4412, 
        4419, 
        4430, 
        4460, 
        4548, 
        4609, 
        4628, 
        4674, 
        4676, 
        4756, 
        4759, 
        4765, 
        4787, 
        4882, 
        4957, 
        4979, 
        5025, 
        5316, 
        5325, 
        5327, 
        5342, 
        5365, 
        5799, 
        5818, 
        5819, 
        5820
    ], 
    "name": "Hand of Fate", 
    "pegi": {
        "rating": 4, 
        "synopsis": "The content of this game is suitable for persons aged 16 years and over only.\r\nIt contains: Realistic looking violence"
    }, 
    "platforms": [
        45, 
        6, 
        14, 
        48, 
        49, 
        3
    ], 
    "player_perspectives": [
        2
    ], 
    "popularity": 3.333333333333333, 
    "publishers": [
        4824
    ], 
    "rating": 65.3077105886805, 
    "rating_count": 17, 
    "release_dates": [
        {
            "category": 0, 
            "date": 1424217600000, 
            "human": "2015-Feb-18", 
            "m": 2, 
            "platform": 49, 
            "region": 2, 
            "y": 2015
        }, 
        {
            "category": 0, 
            "date": 1424217600000, 
            "human": "2015-Feb-18", 
            "m": 2, 
            "platform": 45, 
            "region": 1, 
            "y": 2015
        }, 
        {
            "category": 0, 
            "date": 1424131200000, 
            "human": "2015-Feb-17", 
            "m": 2, 
            "platform": 45, 
            "region": 2, 
            "y": 2015
        }, 
        {
            "category": 0, 
            "date": 1424131200000, 
            "human": "2015-Feb-17", 
            "m": 2, 
            "platform": 6, 
            "region": 8, 
            "y": 2015
        }, 
        {
            "category": 0, 
            "date": 1424131200000, 
            "human": "2015-Feb-17", 
            "m": 2, 
            "platform": 48, 
            "region": 8, 
            "y": 2015
        }, 
        {
            "category": 0, 
            "date": 1424131200000, 
            "human": "2015-Feb-17", 
            "m": 2, 
            "platform": 49, 
            "region": 8, 
            "y": 2015
        }, 
        {
            "category": 0, 
            "date": 1424131200000, 
            "human": "2015-Feb-17", 
            "m": 2, 
            "platform": 14, 
            "region": 8, 
            "y": 2015
        }, 
        {
            "category": 0, 
            "date": 1424131200000, 
            "human": "2015-Feb-17", 
            "m": 2, 
            "platform": 3, 
            "region": 8, 
            "y": 2015
        }
    ], 
    "screenshots": [
        {
            "cloudinary_id": "dydzwe05fkgqyi7qbq5i", 
            "height": 1080, 
            "url": "//images.igdb.com/igdb/image/upload/t_thumb/dydzwe05fkgqyi7qbq5i.jpg", 
            "width": 1920
        }, 
        {
            "cloudinary_id": "hatuomjr17nsjxjeqqcf", 
            "height": 1080, 
            "url": "//images.igdb.com/igdb/image/upload/t_thumb/hatuomjr17nsjxjeqqcf.jpg", 
            "width": 1920
        }, 
        {
            "cloudinary_id": "x7mihcee49e6mnvejrdo", 
            "height": 1080, 
            "url": "//images.igdb.com/igdb/image/upload/t_thumb/x7mihcee49e6mnvejrdo.jpg", 
            "width": 1920
        }, 
        {
            "cloudinary_id": "al9r1pejmlb6gcj0omkw", 
            "height": 1080, 
            "url": "//images.igdb.com/igdb/image/upload/t_thumb/al9r1pejmlb6gcj0omkw.jpg", 
            "width": 1920
        }, 
        {
            "cloudinary_id": "qiaofgfrprkfvqahtwx5", 
            "height": 1080, 
            "url": "//images.igdb.com/igdb/image/upload/t_thumb/qiaofgfrprkfvqahtwx5.jpg", 
            "width": 1920
        }
    ], 
    "slug": "hand-of-fate", 
    "summary": "Inspired by tarot and fantasy, all bets are off as you create your own journey by building a collection of cards used to deal out a boardgame-like dungeon teeming with enemies, treasure, and adventure. Upon entering combat, the cards come to life as the player is propelled into a beautiful 3D environment to brawl it out with foes. Draw your cards, play your hand, and discover your fate.", 
    "tags": [
        1, 
        17, 
        22, 
        268435468, 
        268435471, 
        268435472, 
        268435482, 
        268435487, 
        268435488, 
        536871029, 
        536871063, 
        536871138, 
        536871139, 
        536871158, 
        536871208, 
        536871328, 
        536871338, 
        536871506, 
        536871784, 
        536871938, 
        536871939, 
        536871945, 
        536872070, 
        536872205, 
        536872270, 
        536872273, 
        536872406, 
        536872419, 
        536872647, 
        536872879, 
        536872894, 
        536873066, 
        536873513, 
        536874083, 
        536874209, 
        536874694, 
        536874706, 
        536875046, 
        536875047, 
        536875051, 
        536875060, 
        536875062, 
        536875147, 
        536875265, 
        536875275, 
        536875319, 
        536875324, 
        536875331, 
        536875342, 
        536875372, 
        536875460, 
        536875521, 
        536875540, 
        536875586, 
        536875588, 
        536875668, 
        536875671, 
        536875677, 
        536875699, 
        536875794, 
        536875869, 
        536875891, 
        536875937, 
        536876228, 
        536876237, 
        536876239, 
        536876254, 
        536876277, 
        536876711, 
        536876730, 
        536876731, 
        536876732, 
        1073741826
    ], 
    "themes": [
        1, 
        17, 
        22
    ], 
    "total_rating": 73.95385529434024, 
    "total_rating_count": 22, 
    "updated_at": 1523262737830, 
    "url": "https://www.igdb.com/games/hand-of-fate", 
    "videos": [
        {
            "name": "Trailer", 
            "video_id": "smGzACyrVDE"
        }
    ], 
    "websites": [
        {
            "category": 1, 
            "url": "http://www.defiantdev.com/hof1.html"
        }, 
        {
            "category": 13, 
            "url": "https://store.steampowered.com/app/266510"
        }, 
        {
            "category": 4, 
            "url": "https://www.facebook.com/handoffategame"
        }, 
        {
            "category": 3,