{
    "aggregated_rating": 93.5217391304348, 
    "aggregated_rating_count": 24, 
    "category": 0, 
    "collection": 97, 
    "cover": {
        "cloudinary_id": "zvkdiv2dze8tcit6bzza", 
        "height": 960, 
        "url": "//images.igdb.com/igdb/image/upload/t_thumb/zvkdiv2dze8tcit6bzza.jpg", 
        "width": 800
    }, 
    "created_at": 1402370592432, 
    "developers": [
        401
    ], 
    "esrb": {
        "rating": 5
    }, 
    "first_release_date": 1462838400000, 
    "game_modes": [
        1, 
        2
    ], 
    "games": [
        565, 
        11156, 
        512, 
        431, 
        7333, 
        7323, 
        3048, 
        471, 
        11133, 
        8263
    ], 
    "genres": [
        5, 
        31
    ], 
    "hypes": 64, 
    "id": 7331, 
    "keywords": [
        57, 
        132, 
        227, 
        1025, 
        1033, 
        1186, 
        1333, 
        1403, 
        1454, 
        1971, 
        2071, 
        4155, 
        4169, 
        4221, 
        4239, 
        4261, 
        4266, 
        4282, 
        4287, 
        4288, 
        4336, 
        4359, 
        4400, 
        4473, 
        4525, 
        4541, 
        4578, 
        4698, 
        4768, 
        4783, 
        4796, 
        4869, 
        4871, 
        4896, 
        4903, 
        4907, 
        4918, 
        4925, 
        4927, 
        4974, 
        5026, 
        5160, 
        5171, 
        5175, 
        5215, 
        5254, 
        5315, 
        5323, 
        5343, 
        5410, 
        5564, 
        5999, 
        6012, 
        6131, 
        6137, 
        6165, 
        6216, 
        6239, 
        6245, 
        6497, 
        6527, 
        7073, 
        7075, 
        7576, 
        8153, 
        8265, 
        8963, 
        9362, 
        9363, 
        9364, 
        9365, 
        9366, 
        9369, 
        9370, 
        14051, 
        14052, 
        14062, 
        14063, 
        14064, 
        14065, 
        14066, 
        14067, 
        14068, 
        14069, 
        15077, 
        15078, 
        16854
    ], 
    "name": "Uncharted 4: A Thief's End", 
    "pegi": {
        "rating": 4
    }, 
    "platforms": [
        48
    ], 
    "player_perspectives": [
        2
    ], 
    "popularity": 46.66666666666666, 
    "publishers": [
        45
    ], 
    "pulse_count": 108, 
    "rating": 92.5773659774961, 
    "rating_count": 426, 
    "release_dates": [
        {
            "category": 0, 
            "date": 1462838400000, 
            "human": "2016-May-10", 
            "m": 5, 
            "platform": 48, 
            "region": 1, 
            "y": 2016
        }, 
        {
            "category": 0, 
            "date": 1462838400000, 
            "human": "2016-May-10", 
            "m": 5, 
            "platform": 48, 
            "region": 2, 
            "y": 2016
        }, 
        {
            "category": 0, 
            "date": 1462838400000, 
            "human": "2016-May-10", 
            "m": 5, 
            "platform": 48, 
            "region": 8, 
            "y": 2016
        }
    ], 
    "screenshots": [
        {
            "cloudinary_id": "fn1wbuvikoacxt4zvfxl", 
            "height": 1080, 
            "url": "//images.igdb.com/igdb/image/upload/t_thumb/fn1wbuvikoacxt4zvfxl.jpg", 
            "width": 1920
        }, 
        {
            "cloudinary_id": "b41umzxjcehm8fozl3gf", 
            "height": 1080, 
            "url": "//images.igdb.com/igdb/image/upload/t_thumb/b41umzxjcehm8fozl3gf.jpg", 
            "width": 1920
        }, 
        {
            "cloudinary_id": "qwytrspu8brvow9x9y15", 
            "height": 1080, 
            "url": "//images.igdb.com/igdb/image/upload/t_thumb/qwytrspu8brvow9x9y15.jpg", 
            "width": 1920
        }, 
        {
            "cloudinary_id": "rtu8k7vm5x4mw5hilh2z", 
            "height": 1080, 
            "url": "//images.igdb.com/igdb/image/upload/t_thumb/rtu8k7vm5x4mw5hilh2z.jpg", 
            "width": 1920
        }, 
        {
            "cloudinary_id": "tqt0sxjytiovh3g96cl0", 
            "height": 1080, 
            "url": "//images.igdb.com/igdb/image/upload/t_thumb/tqt0sxjytiovh3g96cl0.jpg", 
            "width": 1920
        }
    ], 
    "slug": "uncharted-4-a-thief-s-end", 
    "standalone_expansions": [
        26193
    ], 
    "summary": "Several years after his last adventure, retired fortune hunter, Nathan Drake, is forced back into the world of thieves. With the stakes much more personal, Drake embarks on a globe-trotting journey in pursuit of a historical conspiracy behind a fabled pirate treasure. His greatest adventure will test his physical limits, his resolve, and ultimately what he's willing to sacrifice to save the ones he loves.", 
    "tags": [
        1, 
        17, 
        22, 
        268435461, 
        268435487, 
        536870969, 
        536871044, 
        536871139, 
        536871937, 
        536871945, 
        536872098, 
        536872245, 
        536872315, 
        536872366, 
        536872883, 
        536872983, 
        536875067, 
        536875081, 
        536875133, 
        536875151, 
        536875173, 
        536875178, 
        536875194, 
        536875199, 
        536875200, 
        536875248, 
        536875271, 
        536875312, 
        536875385, 
        536875437, 
        536875453, 
        536875490, 
        536875610, 
        536875680, 
        536875695, 
        536875708, 
        536875781, 
        536875783, 
        536875808, 
        536875815, 
        536875819, 
        536875830, 
        536875837, 
        536875839, 
        536875886, 
        536875938, 
        536876072, 
        536876083, 
        536876087, 
        536876127, 
        536876166, 
        536876227, 
        536876235, 
        536876255, 
        536876322, 
        536876476, 
        536876911, 
        536876924, 
        536877043, 
        536877049, 
        536877077, 
        536877128, 
        536877151, 
        536877157, 
        536877409, 
        536877439, 
        536877985, 
        536877987, 
        536878488, 
        536879065, 
        536879177, 
        536879875, 
        536880274, 
        536880275, 
        536880276, 
        536880277, 
        536880278, 
        536880281, 
        536880282, 
        536884963, 
        536884964, 
        536884974, 
        536884975, 
        536884976, 
        536884977, 
        536884978, 
        536884979, 
        536884980, 
        536884981, 
        536885989, 
        536885990, 
        536887766, 
        1073741826
    ], 
    "themes": [
        1, 
        17, 
        22
    ], 
    "time_to_beat": {
        "completely": 61200, 
        "hastly": 50460, 
        "normally": 62268
    }, 
    "total_rating": 93.04955255396544, 
    "total_rating_count": 450, 
    "updated_at": 1528894411318, 
    "url": "https://www.igdb.com/games/uncharted-4-a-thief-s-end", 
    "videos": [
        {
            "name": "10 Years of Adventure Trailer", 
            "video_id": "oNDhSYeTiiI"
        }, 
        {
            "name": "E3 Gameplay video", 
            "video_id": "BcpbnNYh4Fg"
        }, 
        {
            "name": "E3 Trailer", 
            "video_id": "kzXpLtCJ2E0"
        }, 
        {
            "name": "Story Trailer", 
            "video_id": "G6ddhpgxMqQ"
        }, 
        {
            "name": "Trailer", 
            "video_id": "hh5HV4iic1Y"
        }, 
        {
            "name": "Paris Games Week 2015 Multiplayer Trailer", 
            "video_id": "M-OENu7VCbU"
        }, 
        {
            "name": "Drake Meets Nadine Trailer", 
            "video_id": "usIq3HaV9e4"
        }, 
        {
            "name": "Story Trailer", 
            "video_id": "mcC99eHpLoI"
        }, 
        {
            "name": "Behind the Scenes: In The End",