{
    "aggregated_rating": 50.0, 
    "aggregated_rating_count": 1, 
    "alternative_names": [
        {
            "name": "John Romero's Daikatana"
        }
    ], 
    "category": 0, 
    "collection": 4978, 
    "cover": {
        "cloudinary_id": "wy4dfn0ekpfchgnqgzhi", 
        "height": 500, 
        "url": "//images.igdb.com/igdb/image/upload/t_thumb/wy4dfn0ekpfchgnqgzhi.jpg", 
        "width": 410
    }, 
    "created_at": 1416207573701, 
    "developers": [
        25, 
        1281, 
        865
    ], 
    "esrb": {
        "rating": 6
    }, 
    "external": {
        "steam": "242980"
    }, 
    "first_release_date": 959040000000, 
    "game_engines": [
        97
    ], 
    "game_modes": [
        1, 
        2
    ], 
    "games": [
        231, 
        536, 
        26401, 
        7329, 
        27421, 
        7351, 
        2031, 
        80764, 
        11567, 
        7350
    ], 
    "genres": [
        5
    ], 
    "id": 8201, 
    "keywords": [
        21, 
        24, 
        61, 
        129, 
        170, 
        227, 
        296, 
        301, 
        453, 
        466, 
        558, 
        923, 
        966, 
        970, 
        1033, 
        1098, 
        1152, 
        1158, 
        1186, 
        1440, 
        1705, 
        1986, 
        3988, 
        3994, 
        4031, 
        4134, 
        4145, 
        4155, 
        4161, 
        4163, 
        4169, 
        4183, 
        4330, 
        4345, 
        4359, 
        4410, 
        4418, 
        4446, 
        4576, 
        4580, 
        4582, 
        4587, 
        4611, 
        4619, 
        4626, 
        4681, 
        4789, 
        4892, 
        4902, 
        4910, 
        4925, 
        4956, 
        4958, 
        5029, 
        5099, 
        5104, 
        5109, 
        5346, 
        5414, 
        5436, 
        5578, 
        5638, 
        5657, 
        6495, 
        6531, 
        7023, 
        7090, 
        7092, 
        8792, 
        8794, 
        8915, 
        8958, 
        9931, 
        10047, 
        10048, 
        12690, 
        13120, 
        13121, 
        14041
    ], 
    "name": "Daikatana", 
    "platforms": [
        4, 
        6, 
        22
    ], 
    "player_perspectives": [
        1
    ], 
    "popularity": 1.666666666666667, 
    "publishers": [
        26, 
        1281
    ], 
    "pulse_count": 1, 
    "rating": 56.1770343989804, 
    "rating_count": 6, 
    "release_dates": [
        {
            "category": 0, 
            "date": 959040000000, 
            "human": "2000-May-23", 
            "m": 5, 
            "platform": 6, 
            "region": 2, 
            "y": 2000
        }, 
        {
            "category": 0, 
            "date": 960508800000, 
            "human": "2000-Jun-09", 
            "m": 6, 
            "platform": 6, 
            "region": 1, 
            "y": 2000
        }, 
        {
            "category": 0, 
            "date": 962323200000, 
            "human": "2000-Jun-30", 
            "m": 6, 
            "platform": 22, 
            "region": 1, 
            "y": 2000
        }, 
        {
            "category": 0, 
            "date": 965001600000, 
            "human": "2000-Jul-31", 
            "m": 7, 
            "platform": 4, 
            "region": 2, 
            "y": 2000
        }, 
        {
            "category": 2, 
            "date": 978220800000, 
            "human": "2000", 
            "m": 12, 
            "platform": 4, 
            "region": 1, 
            "y": 2000
        }, 
        {
            "category": 2, 
            "date": 978220800000, 
            "human": "2000", 
            "m": 12, 
            "platform": 4, 
            "region": 5, 
            "y": 2000
        }
    ], 
    "screenshots": [
        {
            "cloudinary_id": "ucqqb6emia8csunlpdlo", 
            "height": 960, 
            "url": "//images.igdb.com/igdb/image/upload/t_thumb/ucqqb6emia8csunlpdlo.jpg", 
            "width": 1280
        }, 
        {
            "cloudinary_id": "i8gj652g33lr8150ylnk", 
            "height": 960, 
            "url": "//images.igdb.com/igdb/image/upload/t_thumb/i8gj652g33lr8150ylnk.jpg", 
            "width": 1280
        }, 
        {
            "cloudinary_id": "tsbplcqzvvdvla3vq44o", 
            "height": 960, 
            "url": "//images.igdb.com/igdb/image/upload/t_thumb/tsbplcqzvvdvla3vq44o.jpg", 
            "width": 1280
        }, 
        {
            "cloudinary_id": "booeuamdluu7gu5yftlp", 
            "height": 480, 
            "url": "//images.igdb.com/igdb/image/upload/t_thumb/booeuamdluu7gu5yftlp.jpg", 
            "width": 640
        }, 
        {
            "cloudinary_id": "oxhlz64zqevyv5huldgj", 
            "height": 480, 
            "url": "//images.igdb.com/igdb/image/upload/t_thumb/oxhlz64zqevyv5huldgj.jpg", 
            "width": 640
        }
    ], 
    "slug": "daikatana", 
    "summary": "In 2455 A.D. , Kage Hishima used the magical powers of the Daikatana, the most powerful sword ever forged, to alter time and establish himself as supreme ruler. You are Hiro Miyamoto, one of the few people on Earth who remembers what really happened. The burden of saving the world, your version of it, has fallen unto your shoulders. You\u2019re not alone as your friends, Superfly Johnson and Mikiko Ebihara, travel by your side. You must gather weapons, overcome all obstacles, discover deviously concealed secrets, and battle a bewildering array of foes. Use your resources wisely as you\u2019ll need all the help you can get.", 
    "tags": [
        1, 
        17, 
        18, 
        22, 
        268435461, 
        536870933, 
        536870936, 
        536870973, 
        536871041, 
        536871082, 
        536871139, 
        536871208, 
        536871213, 
        536871365, 
        536871378, 
        536871470, 
        536871835, 
        536871878, 
        536871882, 
        536871945, 
        536872010, 
        536872064, 
        536872070, 
        536872098, 
        536872352, 
        536872617, 
        536872898, 
        536874900, 
        536874906, 
        536874943, 
        536875046, 
        536875057, 
        536875067, 
        536875073, 
        536875075, 
        536875081, 
        536875095, 
        536875242, 
        536875257, 
        536875271, 
        536875322, 
        536875330, 
        536875358, 
        536875488, 
        536875492, 
        536875494, 
        536875499, 
        536875523, 
        536875531, 
        536875538, 
        536875593, 
        536875701, 
        536875804, 
        536875814, 
        536875822, 
        536875837, 
        536875868, 
        536875870, 
        536875941, 
        536876011, 
        536876016, 
        536876021, 
        536876258, 
        536876326, 
        536876348, 
        536876490, 
        536876550, 
        536876569, 
        536877407, 
        536877443, 
        536877935, 
        536878002, 
        536878004, 
        536879704, 
        536879706, 
        536879827, 
        536879870, 
        536880843, 
        536880959, 
        536880960, 
        536883602, 
        536884032, 
        536884033, 
        536884953, 
        1073741825
    ], 
    "themes": [
        1, 
        17, 
        18, 
        22
    ], 
    "total_rating": 53.0885171994902, 
    "total_rating_count": 7, 
    "updated_at": 1523267701210, 
    "url": "https://www.igdb.com/games/daikatana", 
    "videos": [
        {
            "name": "Trailer", 
            "video_id": "JECDQ0ykwus"
        }, 
        {
            "name": "E3 1997 Trailer", 
            "video_id": "sl1AewtrDMY"
        }
    ], 
    "websites": [
        {
            "category": 13, 
            "url": "https://store.steampowered.com/app/242980"
        }
    ]
}