{
    "alternative_names": [
        {
            "comment": "Other", 
            "name": "Super Probotector: Alien Rebels\nContra Spirits\nContra 3: The Alien Wars\nProbotector 2"
        }, 
        {
            "comment": "European title", 
            "name": "Super Probotector: Alien Rebels"
        }
    ], 
    "category": 0, 
    "collection": 717, 
    "cover": {
        "cloudinary_id": "tu3jucrawnyn2igkuzsb", 
        "height": 174, 
        "url": "//images.igdb.com/igdb/image/upload/t_thumb/tu3jucrawnyn2igkuzsb.jpg", 
        "width": 256
    }, 
    "created_at": 1398126117463, 
    "developers": [
        129
    ], 
    "esrb": {
        "rating": 4
    }, 
    "first_release_date": 699235200000, 
    "game_modes": [
        1, 
        3, 
        4
    ], 
    "games": [
        4598, 
        1103, 
        26401, 
        3075, 
        11300, 
        27789, 
        68287, 
        9545, 
        9061, 
        21063
    ], 
    "genres": [
        5
    ], 
    "id": 6351, 
    "keywords": [
        1, 
        3, 
        67, 
        69, 
        221, 
        558, 
        575, 
        660, 
        970, 
        1025, 
        1059, 
        1188, 
        1487, 
        1739, 
        1821, 
        1935, 
        2152, 
        3270, 
        3486, 
        3831, 
        3833, 
        4134, 
        4144, 
        4161, 
        4246, 
        4259, 
        4269, 
        4289, 
        4346, 
        4370, 
        4405, 
        4446, 
        4522, 
        4570, 
        4573, 
        4694, 
        4795, 
        4910, 
        4967, 
        4992, 
        5022, 
        5029, 
        5032, 
        5105, 
        5108, 
        5116, 
        5208, 
        5209, 
        5371, 
        5443, 
        5592, 
        5801, 
        5840, 
        6021, 
        6523, 
        6716, 
        7019, 
        7091, 
        7092, 
        7118, 
        7230, 
        7284, 
        7405, 
        8853, 
        8991, 
        9165, 
        9167, 
        9168, 
        9740, 
        10211, 
        11187, 
        11739, 
        13117, 
        13302, 
        14101, 
        14144
    ], 
    "name": "Contra III: The Alien Wars", 
    "platforms": [
        41, 
        24, 
        19, 
        37, 
        5
    ], 
    "player_perspectives": [
        2, 
        3, 
        4
    ], 
    "popularity": 2.333333333333333, 
    "publishers": [
        129
    ], 
    "pulse_count": 1, 
    "rating": 87.0337348219497, 
    "rating_count": 16, 
    "release_dates": [
        {
            "category": 0, 
            "date": 1463616000000, 
            "human": "2016-May-19", 
            "m": 5, 
            "platform": 37, 
            "region": 2, 
            "y": 2016
        }, 
        {
            "category": 0, 
            "date": 1463011200000, 
            "human": "2016-May-12", 
            "m": 5, 
            "platform": 37, 
            "region": 1, 
            "y": 2016
        }, 
        {
            "category": 0, 
            "date": 1389052800000, 
            "human": "2014-Jan-07", 
            "m": 1, 
            "platform": 41, 
            "region": 1, 
            "y": 2014
        }, 
        {
            "category": 0, 
            "date": 1385596800000, 
            "human": "2013-Nov-28", 
            "m": 11, 
            "platform": 41, 
            "region": 2, 
            "y": 2013
        }, 
        {
            "category": 0, 
            "date": 1385510400000, 
            "human": "2013-Nov-27", 
            "m": 11, 
            "platform": 41, 
            "region": 5, 
            "y": 2013
        }, 
        {
            "category": 0, 
            "date": 1168905600000, 
            "human": "2007-Jan-16", 
            "m": 1, 
            "platform": 5, 
            "region": 5, 
            "y": 2007
        }, 
        {
            "category": 0, 
            "date": 1169164800000, 
            "human": "2007-Jan-19", 
            "m": 1, 
            "platform": 5, 
            "region": 1, 
            "y": 2007
        }, 
        {
            "category": 0, 
            "date": 1170028800000, 
            "human": "2007-Jan-29", 
            "m": 1, 
            "platform": 5, 
            "region": 2, 
            "y": 2007
        }, 
        {
            "category": 0, 
            "date": 699235200000, 
            "human": "1992-Feb-28", 
            "m": 2, 
            "platform": 19, 
            "y": 1992
        }, 
        {
            "category": 0, 
            "date": 1036281600000, 
            "human": "2002-Nov-03", 
            "m": 11, 
            "platform": 24, 
            "y": 2002
        }
    ], 
    "screenshots": [
        {
            "cloudinary_id": "v3yacy1bv4zzjrglc4qo", 
            "height": 224, 
            "url": "//images.igdb.com/igdb/image/upload/t_thumb/v3yacy1bv4zzjrglc4qo.jpg", 
            "width": 256
        }, 
        {
            "cloudinary_id": "vwoecf87zxd4vqbpbl44", 
            "height": 224, 
            "url": "//images.igdb.com/igdb/image/upload/t_thumb/vwoecf87zxd4vqbpbl44.jpg", 
            "width": 256
        }, 
        {
            "cloudinary_id": "fx4kvvhy0p95fhmtxuk8", 
            "height": 224, 
            "url": "//images.igdb.com/igdb/image/upload/t_thumb/fx4kvvhy0p95fhmtxuk8.jpg", 
            "width": 256
        }, 
        {
            "cloudinary_id": "uyj4jcugdxolqb99jkm1", 
            "height": 224, 
            "url": "//images.igdb.com/igdb/image/upload/t_thumb/uyj4jcugdxolqb99jkm1.jpg", 
            "width": 256
        }, 
        {
            "cloudinary_id": "m0afnv9zmrf1smf67ufn", 
            "height": 224, 
            "url": "//images.igdb.com/igdb/image/upload/t_thumb/m0afnv9zmrf1smf67ufn.jpg", 
            "width": 256
        }, 
        {
            "cloudinary_id": "lezgdhjwronavpboaw26", 
            "height": 224, 
            "url": "//images.igdb.com/igdb/image/upload/t_thumb/lezgdhjwronavpboaw26.jpg", 
            "width": 256
        }, 
        {
            "cloudinary_id": "t5of04mrujsfrojwvziy", 
            "height": 224, 
            "url": "//images.igdb.com/igdb/image/upload/t_thumb/t5of04mrujsfrojwvziy.jpg", 
            "width": 256
        }, 
        {
            "cloudinary_id": "ccwn9f8ee4hy1id2puli", 
            "height": 224, 
            "url": "//images.igdb.com/igdb/image/upload/t_thumb/ccwn9f8ee4hy1id2puli.jpg", 
            "width": 256
        }, 
        {
            "cloudinary_id": "vlbnbhkxnqwu4stz3hwe", 
            "height": 232, 
            "url": "//images.igdb.com/igdb/image/upload/t_thumb/vlbnbhkxnqwu4stz3hwe.jpg", 
            "width": 604
        }, 
        {
            "cloudinary_id": "cwhvqwr0usamihowlija", 
            "height": 232, 
            "url": "//images.igdb.com/igdb/image/upload/t_thumb/cwhvqwr0usamihowlija.jpg", 
            "width": 604
        }, 
        {
            "cloudinary_id": "hslbzw40vrqvnkbitzl6", 
            "height": 232, 
            "url": "//images.igdb.com/igdb/image/upload/t_thumb/hslbzw40vrqvnkbitzl6.jpg", 
            "width": 604
        }, 
        {
            "cloudinary_id": "emgoiljb9gyasiamke4p", 
            "height": 232, 
            "url": "//images.igdb.com/igdb/image/upload/t_thumb/emgoiljb9gyasiamke4p.jpg", 
            "width": 604
        }
    ], 
    "slug": "contra-iii-the-alien-wars",