{
    "aggregated_rating": 79.0, 
    "aggregated_rating_count": 1, 
    "alternative_names": [
        {
            "comment": "Other", 
            "name": "Sonic N"
        }, 
        {
            "comment": "Japanese title", 
            "name": "Sonikku Adobansu \u30bd\u30cb\u30c3\u30af\u30a2\u30c9\u30d0\u30f3\u30b9"
        }
    ], 
    "category": 0, 
    "collection": 2156, 
    "cover": {
        "cloudinary_id": "gfrwra7xc7hdwr4q7ti3", 
        "height": 255, 
        "url": "//images.igdb.com/igdb/image/upload/t_thumb/gfrwra7xc7hdwr4q7ti3.jpg", 
        "width": 250
    }, 
    "created_at": 1398086323333, 
    "developers": [
        395, 
        396
    ], 
    "esrb": {
        "rating": 3
    }, 
    "first_release_date": 1008806400000, 
    "franchise": 814, 
    "franchises": [
        814
    ], 
    "game_modes": [
        1, 
        2
    ], 
    "games": [
        6599, 
        21062, 
        21063, 
        4438, 
        3192, 
        2933, 
        1078, 
        6797, 
        19258, 
        55752
    ], 
    "genres": [
        8
    ], 
    "id": 6283, 
    "keywords": [
        274, 
        296, 
        558, 
        575, 
        733, 
        1059, 
        1299, 
        1710, 
        2049, 
        2152, 
        2841, 
        3297, 
        3486, 
        3833, 
        3912, 
        4145, 
        4161, 
        4162, 
        4164, 
        4169, 
        4289, 
        4295, 
        4296, 
        4297, 
        4389, 
        4454, 
        4455, 
        4457, 
        4458, 
        4459, 
        4484, 
        4499, 
        4522, 
        4525, 
        4529, 
        4544, 
        4627, 
        4711, 
        4746, 
        4760, 
        4828, 
        4907, 
        4943, 
        4971, 
        5022, 
        5208, 
        5302, 
        5441, 
        5558, 
        5801, 
        6035, 
        6040, 
        6083, 
        6094, 
        6206, 
        6743, 
        6811, 
        6927, 
        7220, 
        7593, 
        7595, 
        9412, 
        10445, 
        10796, 
        11537, 
        13118
    ], 
    "name": "Sonic Advance", 
    "pegi": {
        "rating": 1
    }, 
    "platforms": [
        34, 
        42, 
        24
    ], 
    "player_perspectives": [
        2, 
        4
    ], 
    "popularity": 1.333333333333333, 
    "publishers": [
        112, 
        2421, 
        197, 
        213
    ], 
    "rating": 70.0754245112413, 
    "rating_count": 19, 
    "release_dates": [
        {
            "category": 0, 
            "date": 1015545600000, 
            "human": "2002-Mar-08", 
            "m": 3, 
            "platform": 24, 
            "region": 1, 
            "y": 2002
        }, 
        {
            "category": 0, 
            "date": 1012694400000, 
            "human": "2002-Feb-03", 
            "m": 2, 
            "platform": 24, 
            "region": 2, 
            "y": 2002
        }, 
        {
            "category": 0, 
            "date": 1322179200000, 
            "human": "2011-Nov-25", 
            "m": 11, 
            "platform": 34, 
            "region": 5, 
            "y": 2011
        }, 
        {
            "category": 0, 
            "date": 1008806400000, 
            "human": "2001-Dec-20", 
            "m": 12, 
            "platform": 24, 
            "region": 5, 
            "y": 2001
        }, 
        {
            "category": 0, 
            "date": 1065484800000, 
            "human": "2003-Oct-07", 
            "m": 10, 
            "platform": 42, 
            "y": 2003
        }
    ], 
    "screenshots": [
        {
            "cloudinary_id": "ayl2dmwjuhfbbja53scx", 
            "height": 160, 
            "url": "//images.igdb.com/igdb/image/upload/t_thumb/ayl2dmwjuhfbbja53scx.jpg", 
            "width": 240
        }, 
        {
            "cloudinary_id": "dct6ug5q8vrw6smbpqwr", 
            "height": 160, 
            "url": "//images.igdb.com/igdb/image/upload/t_thumb/dct6ug5q8vrw6smbpqwr.jpg", 
            "width": 240
        }, 
        {
            "cloudinary_id": "byzw2inbb21ugjwtts6s", 
            "height": 160, 
            "url": "//images.igdb.com/igdb/image/upload/t_thumb/byzw2inbb21ugjwtts6s.jpg", 
            "width": 240
        }, 
        {
            "cloudinary_id": "ig4b8irtsxe5u8om7qbz", 
            "height": 160, 
            "url": "//images.igdb.com/igdb/image/upload/t_thumb/ig4b8irtsxe5u8om7qbz.jpg", 
            "width": 240
        }, 
        {
            "cloudinary_id": "nvny4vzurh6g7pfpznyx", 
            "height": 160, 
            "url": "//images.igdb.com/igdb/image/upload/t_thumb/nvny4vzurh6g7pfpznyx.jpg", 
            "width": 240
        }, 
        {
            "cloudinary_id": "vl0beup2lpyrfebuefjj", 
            "height": 160, 
            "url": "//images.igdb.com/igdb/image/upload/t_thumb/vl0beup2lpyrfebuefjj.jpg", 
            "width": 240
        }, 
        {
            "cloudinary_id": "divy0fsg0std7ydkdpcw", 
            "height": 160, 
            "url": "//images.igdb.com/igdb/image/upload/t_thumb/divy0fsg0std7ydkdpcw.jpg", 
            "width": 240
        }, 
        {
            "cloudinary_id": "kucf4ia4zidypsnalksf", 
            "height": 160, 
            "url": "//images.igdb.com/igdb/image/upload/t_thumb/kucf4ia4zidypsnalksf.jpg", 
            "width": 240
        }, 
        {
            "cloudinary_id": "lqk1tikgl7dttpqa6skw", 
            "height": 160, 
            "url": "//images.igdb.com/igdb/image/upload/t_thumb/lqk1tikgl7dttpqa6skw.jpg", 
            "width": 240
        }, 
        {
            "cloudinary_id": "k5doj7u02ym1b6rpigla", 
            "height": 160, 
            "url": "//images.igdb.com/igdb/image/upload/t_thumb/k5doj7u02ym1b6rpigla.jpg", 
            "width": 240
        }, 
        {
            "cloudinary_id": "ejuymwruwq5smuvfxycf", 
            "height": 160, 
            "url": "//images.igdb.com/igdb/image/upload/t_thumb/ejuymwruwq5smuvfxycf.jpg", 
            "width": 240
        }, 
        {
            "cloudinary_id": "jgdzydpdyevg9nyt02hd", 
            "height": 399, 
            "url": "//images.igdb.com/igdb/image/upload/t_thumb/jgdzydpdyevg9nyt02hd.jpg", 
            "width": 600
        }
    ], 
    "slug": "sonic-advance", 
    "storyline": "The game follows Sonic and his friends as they travel through various zones in order to stop Dr. Eggman from taking over South Island. The game features four playable characters; Sonic, Tails, Knuckles and Amy. Each character has the same moveset as they did in Sonic the Hedgehog 3 and Sonic & Knuckles, with the addition of a melee attack. Each character has a special ability, such as Sonic's splice shield, Tails' flight and Knuckles' gliding and climbing abilities. In her playable 2D debut, Amy cannot perform the Spin Dash or get into ball form when jumping like the others, and must rely on her Piko Piko Hammer to defend herself, making her unique amongst the characters. Grind rails first introduced in Sonic Adventure 2 also make their first 2D appearance. Sonic and Tails can also be used at the same time during the story by inputting a cheat code at the character selection screen. When playing as both characters, the gameplay is similar to that of Sonic the Hedgehog 2: The player can only control Sonic and a CPU-controlled Tails follows him.", 
    "summary": "Sonic Advance is notable for being the first Sonic game released on a Nintendo console, despite both Sega and Nintendo being well-known rivals on the console market throught the 1990s. \n \nSonic Advance features four playable characters and marks the first playable appearance of Amy Rose on a 2D title. The game borrows elements from the original Sonic the Hedgehog titles for the Sega Genesis, but with the post-Dreamcast artstyle for the characters which was introduced in Sonic Adventure. The game also includes multiplayer features and mini-games.",