{
    "aggregated_rating": 75.5, 
    "aggregated_rating_count": 4, 
    "alternative_names": [
        {
            "comment": "Other", 
            "name": "LOTR: TTA\nLOTR"
        }
    ], 
    "category": 0, 
    "collection": 235, 
    "cover": {
        "cloudinary_id": "cmhwshphgdjexfulz7fu", 
        "height": 754, 
        "url": "//images.igdb.com/igdb/image/upload/t_thumb/cmhwshphgdjexfulz7fu.jpg", 
        "width": 528
    }, 
    "created_at": 1398719773944, 
    "developers": [
        11
    ], 
    "esrb": {
        "rating": 5
    }, 
    "first_release_date": 1099353600000, 
    "franchise": 11, 
    "franchises": [
        11
    ], 
    "game_modes": [
        1, 
        2
    ], 
    "games": [
        27421, 
        26841, 
        17583, 
        7202, 
        1593, 
        7056, 
        3025, 
        6, 
        1942, 
        36926
    ], 
    "genres": [
        12, 
        15, 
        16, 
        24
    ], 
    "id": 6500, 
    "keywords": [
        147, 
        226, 
        227, 
        296, 
        415, 
        490, 
        497, 
        558, 
        592, 
        701, 
        1026, 
        2066, 
        2154, 
        2414, 
        2472, 
        2561, 
        3222, 
        3486, 
        3782, 
        4138, 
        4142, 
        4194, 
        4287, 
        4354, 
        4382, 
        4392, 
        4425, 
        4460, 
        4544, 
        4552, 
        4765, 
        4787, 
        4843, 
        4866, 
        4891, 
        4943, 
        4958, 
        5580, 
        5619, 
        5700, 
        5782, 
        5792, 
        6028, 
        6363, 
        6516, 
        6683, 
        7061, 
        7166, 
        7435, 
        7447, 
        7609, 
        9086, 
        9294, 
        9377, 
        10110, 
        10210, 
        10512, 
        12247, 
        13110, 
        13295, 
        15359, 
        15360
    ], 
    "name": "The Lord of the Rings: The Third Age", 
    "pegi": {
        "rating": 3, 
        "synopsis": "The content of this game is suitable for persons aged 12 years and over only.\r\n\r\nIt contains: Non realistic looking violence towards fantasy characters - Realistic looking violence"
    }, 
    "platforms": [
        11, 
        24, 
        21, 
        8
    ], 
    "player_perspectives": [
        2, 
        3
    ], 
    "popularity": 1.333333333333333, 
    "publishers": [
        1
    ], 
    "rating": 69.84475017063201, 
    "rating_count": 11, 
    "release_dates": [
        {
            "category": 0, 
            "date": 1100217600000, 
            "human": "2004-Nov-12", 
            "m": 11, 
            "platform": 21, 
            "region": 1, 
            "y": 2004
        }, 
        {
            "category": 0, 
            "date": 1099612800000, 
            "human": "2004-Nov-05", 
            "m": 11, 
            "platform": 8, 
            "region": 1, 
            "y": 2004
        }, 
        {
            "category": 0, 
            "date": 1099612800000, 
            "human": "2004-Nov-05", 
            "m": 11, 
            "platform": 11, 
            "region": 1, 
            "y": 2004
        }, 
        {
            "category": 0, 
            "date": 1099353600000, 
            "human": "2004-Nov-02", 
            "m": 11, 
            "platform": 21, 
            "region": 2, 
            "y": 2004
        }, 
        {
            "category": 0, 
            "date": 1099353600000, 
            "human": "2004-Nov-02", 
            "m": 11, 
            "platform": 8, 
            "region": 2, 
            "y": 2004
        }, 
        {
            "category": 0, 
            "date": 1099353600000, 
            "human": "2004-Nov-02", 
            "m": 11, 
            "platform": 11, 
            "region": 2, 
            "y": 2004
        }, 
        {
            "category": 0, 
            "date": 1099353600000, 
            "human": "2004-Nov-02", 
            "m": 11, 
            "platform": 24, 
            "y": 2004
        }
    ], 
    "screenshots": [
        {
            "cloudinary_id": "mn2l46t3dfbhmr2vbnkj", 
            "height": 480, 
            "url": "//images.igdb.com/igdb/image/upload/t_thumb/mn2l46t3dfbhmr2vbnkj.jpg", 
            "width": 640
        }, 
        {
            "cloudinary_id": "kv6brl0nnmr9hn9wn9sf", 
            "height": 504, 
            "url": "//images.igdb.com/igdb/image/upload/t_thumb/kv6brl0nnmr9hn9wn9sf.jpg", 
            "width": 640
        }, 
        {
            "cloudinary_id": "a3ncvuc1nxekdvrbe0hs", 
            "height": 472, 
            "url": "//images.igdb.com/igdb/image/upload/t_thumb/a3ncvuc1nxekdvrbe0hs.jpg", 
            "width": 600
        }, 
        {
            "cloudinary_id": "hjl1ztextnewbylza7mp", 
            "height": 768, 
            "url": "//images.igdb.com/igdb/image/upload/t_thumb/hjl1ztextnewbylza7mp.jpg", 
            "width": 1024
        }, 
        {
            "cloudinary_id": "oerhrrot2sksm2hi2x2s", 
            "height": 807, 
            "url": "//images.igdb.com/igdb/image/upload/t_thumb/oerhrrot2sksm2hi2x2s.jpg", 
            "width": 1024
        }
    ], 
    "slug": "the-lord-of-the-rings-the-third-age", 
    "storyline": "As you fight to destroy the one ring, you will interact with the different characters on your team, take individual assignments, and travel through familiar and little-seen lands -- utilizing the unique turn-based fight system all the while.", 
    "summary": "The Lord of the Rings:The Third Age introduces entirely new characters which aren't mentioned in the books or movies. The game does relate to the movies by including scenes from all three movies, with new background speech by Ian McKellen (Gandalf). \n \nThere are seven playable characters in the game which have been created specifically for it, as well a small appearances by characters such as Gandalf, Aragorn, Eowyn, Faramir, and Gothmog. \n \nThe game covers events in all three movies/books, mostly with references to major events shown through cut scenes, or the scenes from the movies with Ian McKellan's narration. \n \nA classic RPG game, The Lord of the Rings: The Third Age has gameplay elements similar to Final Fantasy, where you have a party of characters, each with a different set of skills and attributes, who gain levels, making them stronger as the game progresses. Battles are turn-based, and let the gamer make different decisions on what they want to do to change the outcome of the battle. The game travels through many areas throughout Tolkien's Middle Earth, including The Pelennor Fields and Moria.",