{
    "aggregated_rating": 86.6666666666667, 
    "aggregated_rating_count": 1, 
    "alternative_names": [
        {
            "comment": "Other", 
            "name": "Tony Hawk 2"
        }, 
        {
            "comment": "Other", 
            "name": "THPS2"
        }
    ], 
    "category": 0, 
    "collection": 5187, 
    "cover": {
        "cloudinary_id": "eksrjpbmz4kdlz6yxoqc", 
        "height": 637, 
        "url": "//images.igdb.com/igdb/image/upload/t_thumb/eksrjpbmz4kdlz6yxoqc.jpg", 
        "width": 547
    }, 
    "created_at": 1317749477000, 
    "developers": [
        90
    ], 
    "esrb": {
        "rating": 3
    }, 
    "first_release_date": 969408000000, 
    "game_modes": [
        1, 
        2
    ], 
    "games": [
        7768, 
        914, 
        536, 
        915, 
        47325, 
        2587, 
        2700, 
        6204, 
        7599, 
        2698
    ], 
    "genres": [
        14
    ], 
    "id": 913, 
    "keywords": [
        50, 
        129, 
        137, 
        1075, 
        1098, 
        1299, 
        1783, 
        2071, 
        2152, 
        2440, 
        2450, 
        2913, 
        3794, 
        3901, 
        4161, 
        4177, 
        4178, 
        4210, 
        4213, 
        4215, 
        4227, 
        4345, 
        4359, 
        4418, 
        4444, 
        4449, 
        4450, 
        4477, 
        4484, 
        4501, 
        4510, 
        4514, 
        4523, 
        4544, 
        4557, 
        4576, 
        4592, 
        4737, 
        4823, 
        4831, 
        4833, 
        4910, 
        4920, 
        4944, 
        4958, 
        4989, 
        5045, 
        5117, 
        5156, 
        5222, 
        5279, 
        5287, 
        5330, 
        5354, 
        5436, 
        5437, 
        5561, 
        5634, 
        5645, 
        5658, 
        6056, 
        6061, 
        6187, 
        6261, 
        6487, 
        7283, 
        7284, 
        7288, 
        8258, 
        8887, 
        9441, 
        9507, 
        9529, 
        9799, 
        10539, 
        11602, 
        13063, 
        13065, 
        13534, 
        14114, 
        14718, 
        15611
    ], 
    "name": "Tony Hawk's Pro Skater 2", 
    "platforms": [
        4, 
        6, 
        39, 
        14, 
        22, 
        11, 
        7, 
        24, 
        23
    ], 
    "player_perspectives": [
        2
    ], 
    "popularity": 2.333333333333333, 
    "publishers": [
        66
    ], 
    "rating": 82.00349707047019, 
    "rating_count": 91, 
    "release_dates": [
        {
            "category": 0, 
            "date": 969408000000, 
            "human": "2000-Sep-20", 
            "m": 9, 
            "platform": 6, 
            "y": 2000
        }, 
        {
            "category": 0, 
            "date": 972950400000, 
            "human": "2000-Oct-31", 
            "m": 10, 
            "platform": 7, 
            "y": 2000
        }, 
        {
            "category": 2, 
            "date": 978307200000, 
            "human": "2001", 
            "m": 1, 
            "platform": 14, 
            "y": 2001
        }, 
        {
            "category": 1, 
            "date": 973036800000, 
            "human": "2000-Nov", 
            "m": 11, 
            "platform": 22, 
            "y": 2000
        }, 
        {
            "category": 0, 
            "date": 973468800000, 
            "human": "2000-Nov-06", 
            "m": 11, 
            "platform": 23, 
            "y": 2000
        }, 
        {
            "category": 0, 
            "date": 998352000000, 
            "human": "2001-Aug-21", 
            "m": 8, 
            "platform": 4, 
            "y": 2001
        }, 
        {
            "category": 0, 
            "date": 998352000000, 
            "human": "2001-Aug-21", 
            "m": 8, 
            "platform": 24, 
            "y": 2001
        }, 
        {
            "category": 0, 
            "date": 1005696000000, 
            "human": "2001-Nov-14", 
            "m": 11, 
            "platform": 11, 
            "y": 2001
        }, 
        {
            "category": 1, 
            "date": 1270080000000, 
            "human": "2010-Apr", 
            "m": 4, 
            "platform": 39, 
            "y": 2010
        }
    ], 
    "screenshots": [
        {
            "cloudinary_id": "hvmunwh0xeynzbvplzaw", 
            "height": 375, 
            "url": "//images.igdb.com/igdb/image/upload/t_thumb/hvmunwh0xeynzbvplzaw.jpg", 
            "width": 500
        }, 
        {
            "cloudinary_id": "nyexau23yzazgvjwhr0x", 
            "height": 375, 
            "url": "//images.igdb.com/igdb/image/upload/t_thumb/nyexau23yzazgvjwhr0x.jpg", 
            "width": 500
        }, 
        {
            "cloudinary_id": "hasmcapfgsqa4xj6tch0", 
            "height": 337, 
            "url": "//images.igdb.com/igdb/image/upload/t_thumb/hasmcapfgsqa4xj6tch0.jpg", 
            "width": 450
        }
    ], 
    "slug": "tony-hawk-s-pro-skater-2", 
    "summary": "Tony Hawk's Pro Skater 2 redefined an already great game. Its addition of stellar new features (like Create-A-Park), and great game-play tweaks (the manual maneuver will be copied for years to come) made it the best installment in a killer series of games. Anyone who has ever skated the Philadelphia level will agree -- this game is a masterpiece of level design. Hell, it's a masterpiece all around. There isn't a bad park or dull moment, just pure gaming nirvana!", 
    "tags": [
        1, 
        268435470, 
        536870962, 
        536871041, 
        536871049, 
        536871987, 
        536872010, 
        536872211, 
        536872695, 
        536872983, 
        536873064, 
        536873352, 
        536873362, 
        536873825, 
        536874706, 
        536874813, 
        536875073, 
        536875089, 
        536875090, 
        536875122, 
        536875125, 
        536875127, 
        536875139, 
        536875257, 
        536875271, 
        536875330, 
        536875356, 
        536875361, 
        536875362, 
        536875389, 
        536875396, 
        536875413, 
        536875422, 
        536875426, 
        536875435, 
        536875456, 
        536875469, 
        536875488, 
        536875504, 
        536875649, 
        536875735, 
        536875743, 
        536875745, 
        536875822, 
        536875832, 
        536875856, 
        536875870, 
        536875901, 
        536875957, 
        536876029, 
        536876068, 
        536876134, 
        536876191, 
        536876199, 
        536876242, 
        536876266, 
        536876348, 
        536876349, 
        536876473, 
        536876546, 
        536876557, 
        536876570, 
        536876968, 
        536876973, 
        536877099, 
        536877173, 
        536877399, 
        536878195, 
        536878196, 
        536878200, 
        536879170, 
        536879799, 
        536880353, 
        536880419, 
        536880441, 
        536880711, 
        536881451, 
        536882514, 
        536883975, 
        536883977, 
        536884446, 
        536885026, 
        536885630, 
        536886523, 
        1073741826
    ], 
    "themes": [
        1
    ], 
    "total_rating": 84.33508186856844, 
    "total_rating_count": 92, 
    "updated_at": 1528388853052, 
    "url": "https://www.igdb.com/games/tony-hawk-s-pro-skater-2", 
    "videos": [
        {
            "name": "Game intro", 
            "video_id": "ADFhiXzBeRg"
        }, 
        {
            "name": "Gameplay video", 
            "video_id": "L7Q4lr4312o"
        }
    ], 
    "websites": [
        {
            "category": 3, 
            "url": "https://en.wikipedia.org/wiki/Tony_Hawk%27s_Pro_Skater_2"
        }
    ]
}