{
    "aggregated_rating": 80.0, 
    "aggregated_rating_count": 1, 
    "category": 0, 
    "collection": 212, 
    "cover": {
        "cloudinary_id": "arzrnvc5aagxnfp7ximf", 
        "height": 364, 
        "url": "//images.igdb.com/igdb/image/upload/t_thumb/arzrnvc5aagxnfp7ximf.jpg", 
        "width": 256
    }, 
    "created_at": 1398093401740, 
    "developers": [
        614, 
        1122, 
        2749, 
        2750
    ], 
    "esrb": {
        "rating": 3
    }, 
    "first_release_date": 986515200000, 
    "game_modes": [
        1, 
        2, 
        4
    ], 
    "games": [
        948, 
        9331, 
        1047, 
        20480, 
        8967, 
        6244, 
        1017, 
        9332, 
        947, 
        18314
    ], 
    "genres": [
        15
    ], 
    "id": 6294, 
    "keywords": [
        55, 
        350, 
        415, 
        598, 
        1299, 
        1757, 
        1986, 
        2184, 
        3270, 
        3630, 
        3741, 
        3782, 
        3831, 
        4035, 
        4161, 
        4183, 
        4185, 
        4211, 
        4248, 
        4287, 
        4324, 
        4392, 
        4393, 
        4419, 
        4446, 
        4476, 
        4496, 
        4571, 
        4658, 
        4660, 
        4716, 
        4748, 
        4797, 
        4903, 
        4914, 
        5120, 
        5338, 
        5349, 
        5406, 
        5444, 
        5500, 
        5618, 
        5644, 
        5652, 
        5658, 
        5681, 
        5694, 
        5749, 
        5775, 
        5894, 
        5940, 
        5943, 
        6303, 
        6326, 
        6389, 
        6691, 
        6730, 
        6850, 
        6889, 
        7026, 
        7125, 
        7405, 
        7655, 
        8130, 
        8278, 
        9053, 
        9054, 
        9075, 
        9313, 
        9342, 
        9494, 
        9505, 
        9630, 
        9713, 
        9968, 
        9974, 
        10032, 
        10460, 
        10757, 
        10758, 
        11173, 
        11452, 
        11890, 
        12460, 
        13132, 
        13259, 
        15082
    ], 
    "name": "Worms World Party", 
    "platforms": [
        6, 
        42, 
        7, 
        24, 
        23
    ], 
    "player_perspectives": [
        2, 
        4
    ], 
    "popularity": 1.666666666666667, 
    "publishers": [
        1404, 
        141, 
        2421, 
        104
    ], 
    "rating": 88.5188628117899, 
    "rating_count": 46, 
    "release_dates": [
        {
            "category": 0, 
            "date": 986515200000, 
            "human": "2001-Apr-06", 
            "m": 4, 
            "platform": 6, 
            "y": 2001
        }, 
        {
            "category": 0, 
            "date": 988329600000, 
            "human": "2001-Apr-27", 
            "m": 4, 
            "platform": 23, 
            "y": 2001
        }, 
        {
            "category": 0, 
            "date": 1008288000000, 
            "human": "2001-Dec-14", 
            "m": 12, 
            "platform": 7, 
            "y": 2001
        }, 
        {
            "category": 0, 
            "date": 1033689600000, 
            "human": "2002-Oct-04", 
            "m": 10, 
            "platform": 24, 
            "y": 2002
        }, 
        {
            "category": 0, 
            "date": 1113523200000, 
            "human": "2005-Apr-15", 
            "m": 4, 
            "platform": 42, 
            "y": 2005
        }
    ], 
    "screenshots": [
        {
            "cloudinary_id": "m49lmdn0p9ogonpzmpx7", 
            "height": 768, 
            "url": "//images.igdb.com/igdb/image/upload/t_thumb/m49lmdn0p9ogonpzmpx7.jpg", 
            "width": 1024
        }, 
        {
            "cloudinary_id": "tpezq4hcguwvzxyva75f", 
            "height": 1080, 
            "url": "//images.igdb.com/igdb/image/upload/t_thumb/tpezq4hcguwvzxyva75f.jpg", 
            "width": 1920
        }
    ], 
    "slug": "worms-world-party", 
    "summary": "Worms World Party is an artillery game, which is a type of Turn-based strategy game. Like its predecessors, Worms World Party involves controlling a team of worms and using a collection of weaponry to eliminate the opposing team(s). The worms can walk and jump around and use tools such as the ninja rope and parachute to move to otherwise unreachable locations. The worms have an arsenal of dozens of weapons, ranging from longbows to bazookas and from fireball to Holy Hand Grenades.", 
    "tags": [
        1, 
        27, 
        268435471, 
        536870967, 
        536871262, 
        536871327, 
        536871510, 
        536872211, 
        536872669, 
        536872898, 
        536873096, 
        536874182, 
        536874542, 
        536874653, 
        536874694, 
        536874743, 
        536874947, 
        536875073, 
        536875095, 
        536875097, 
        536875123, 
        536875160, 
        536875199, 
        536875236, 
        536875304, 
        536875305, 
        536875331, 
        536875358, 
        536875388, 
        536875408, 
        536875483, 
        536875570, 
        536875572, 
        536875628, 
        536875660, 
        536875709, 
        536875815, 
        536875826, 
        536876032, 
        536876250, 
        536876261, 
        536876318, 
        536876356, 
        536876412, 
        536876530, 
        536876556, 
        536876564, 
        536876570, 
        536876593, 
        536876606, 
        536876661, 
        536876687, 
        536876806, 
        536876852, 
        536876855, 
        536877215, 
        536877238, 
        536877301, 
        536877603, 
        536877642, 
        536877762, 
        536877801, 
        536877938, 
        536878037, 
        536878317, 
        536878567, 
        536879042, 
        536879190, 
        536879965, 
        536879966, 
        536879987, 
        536880225, 
        536880254, 
        536880406, 
        536880417, 
        536880542, 
        536880625, 
        536880880, 
        536880886, 
        536880944, 
        536881372, 
        536881669, 
        536881670, 
        536882085, 
        536882364, 
        536882802, 
        536883372, 
        536884044, 
        536884171, 
        536885994, 
        1073741828, 
        1073741826
    ], 
    "themes": [
        1, 
        27
    ], 
    "total_rating": 84.25943140589496, 
    "total_rating_count": 47, 
    "updated_at": 1527963424944, 
    "url": "https://www.igdb.com/games/worms-world-party"
}