{
    "aggregated_rating": 69.8571428571429, 
    "aggregated_rating_count": 9, 
    "category": 0, 
    "cover": {
        "cloudinary_id": "hgluvsi8djwgjo1ncipq", 
        "height": 250, 
        "url": "//images.igdb.com/igdb/image/upload/t_thumb/hgluvsi8djwgjo1ncipq.jpg", 
        "width": 250
    }, 
    "created_at": 1446684313871, 
    "developers": [
        954
    ], 
    "esrb": {
        "rating": 5
    }, 
    "external": {
        "steam": "255070"
    }, 
    "first_release_date": 1405382400000, 
    "game_modes": [
        1, 
        3
    ], 
    "games": [
        6732, 
        7202, 
        55752, 
        26855, 
        7344, 
        11423, 
        27421, 
        14593, 
        17354, 
        6705
    ], 
    "genres": [
        8, 
        31, 
        32
    ], 
    "id": 14414, 
    "keywords": [
        16, 
        117, 
        227, 
        296, 
        301, 
        594, 
        1158, 
        1186, 
        1293, 
        1345, 
        1494, 
        2049, 
        2112, 
        2154, 
        2414, 
        2561, 
        3486, 
        4004, 
        4134, 
        4145, 
        4161, 
        4169, 
        4183, 
        4284, 
        4286, 
        4287, 
        4317, 
        4386, 
        4388, 
        4390, 
        4419, 
        4543, 
        4548, 
        4624, 
        4628, 
        4698, 
        4699, 
        4787, 
        4896, 
        4897, 
        4973, 
        4975, 
        4977, 
        5354, 
        5361, 
        5364, 
        5369, 
        5497, 
        5575, 
        5799, 
        5818, 
        6074, 
        6077, 
        7133, 
        7234, 
        7664
    ], 
    "multiplayer_modes": [
        {
            "campaigncoop": true, 
            "dropin": true, 
            "lancoop": false, 
            "offlinecoop": true, 
            "offlinecoopmax": 2, 
            "offlinemax": 0, 
            "onlinecoop": true, 
            "onlinecoopmax": 2, 
            "onlinemax": 0, 
            "platform": 9, 
            "splitscreen": false, 
            "splitscreenonline": false
        }
    ], 
    "name": "Abyss Odyssey", 
    "platforms": [
        6, 
        36, 
        9, 
        48
    ], 
    "player_perspectives": [
        4
    ], 
    "popularity": 1.333333333333333, 
    "publishers": [
        818
    ], 
    "pulse_count": 1, 
    "rating": 50.0, 
    "rating_count": 3, 
    "release_dates": [
        {
            "category": 0, 
            "date": 1405382400000, 
            "human": "2014-Jul-15", 
            "m": 7, 
            "platform": 36, 
            "region": 2, 
            "y": 2014
        }, 
        {
            "category": 0, 
            "date": 1405382400000, 
            "human": "2014-Jul-15", 
            "m": 7, 
            "platform": 6, 
            "region": 2, 
            "y": 2014
        }, 
        {
            "category": 0, 
            "date": 1405382400000, 
            "human": "2014-Jul-15", 
            "m": 7, 
            "platform": 9, 
            "region": 2, 
            "y": 2014
        }, 
        {
            "category": 0, 
            "date": 1405382400000, 
            "human": "2014-Jul-15", 
            "m": 7, 
            "platform": 36, 
            "region": 1, 
            "y": 2014
        }, 
        {
            "category": 0, 
            "date": 1405382400000, 
            "human": "2014-Jul-15", 
            "m": 7, 
            "platform": 9, 
            "region": 1, 
            "y": 2014
        }, 
        {
            "category": 0, 
            "date": 1405382400000, 
            "human": "2014-Jul-15", 
            "m": 7, 
            "platform": 6, 
            "region": 1, 
            "y": 2014
        }, 
        {
            "category": 0, 
            "date": 1438041600000, 
            "human": "2015-Jul-28", 
            "m": 7, 
            "platform": 48, 
            "region": 2, 
            "y": 2015
        }
    ], 
    "screenshots": [
        {
            "cloudinary_id": "unaovw6osfqr0qohocvo", 
            "height": 563, 
            "url": "//images.igdb.com/igdb/image/upload/t_thumb/unaovw6osfqr0qohocvo.jpg", 
            "width": 1000
        }, 
        {
            "cloudinary_id": "wtlvs6ph5drjufw5mpqe", 
            "height": 563, 
            "url": "//images.igdb.com/igdb/image/upload/t_thumb/wtlvs6ph5drjufw5mpqe.jpg", 
            "width": 1000
        }, 
        {
            "cloudinary_id": "iqipvtjio86qklnf8drw", 
            "height": 563, 
            "url": "//images.igdb.com/igdb/image/upload/t_thumb/iqipvtjio86qklnf8drw.jpg", 
            "width": 1000
        }, 
        {
            "cloudinary_id": "w1x0yjbcjykphlapbxo5", 
            "height": 563, 
            "url": "//images.igdb.com/igdb/image/upload/t_thumb/w1x0yjbcjykphlapbxo5.jpg", 
            "width": 1000
        }, 
        {
            "cloudinary_id": "myxpvssghzcu5ibbaruc", 
            "height": 563, 
            "url": "//images.igdb.com/igdb/image/upload/t_thumb/myxpvssghzcu5ibbaruc.jpg", 
            "width": 1000
        }
    ], 
    "slug": "abyss-odyssey", 
    "summary": "There are only two constants in Abyss Odyssey: a great evil awaits at the bottom of the pit, and you must succeed or die. \n\nFrom indie Chilean developer ACE Team comes a new side-scrolling action adventure game featuring a complex fighting engine in procedurally generated levels that destines its three warriors to battle for an eternity. Enter the bold Katrien, the tortured specter Ghost Monk, and the ethereal Pincoya. Use the characters to perform combos, chaining attacks and releasing a flurry of blows in order to survive what lies beneath. Your path into the unknown may start out with three fierce warriors, but when you learn to possess your enemies, you can challenge the abyss with their skills and combat abilities. Each foe is as technically complex as the main warriors, so use all the options available to you and attempt to figure out the infinite abyss.", 
    "tags": [
        1, 
        17, 
        268435464, 
        268435487, 
        268435488, 
        536870928, 
        536871029, 
        536871139, 
        536871208, 
        536871213, 
        536871506, 
        536872070, 
        536872098, 
        536872205, 
        536872257, 
        536872406, 
        536872961, 
        536873024, 
        536873066, 
        536873326, 
        536873473, 
        536874398, 
        536874916, 
        536875046, 
        536875057, 
        536875073, 
        536875081, 
        536875095, 
        536875196, 
        536875198, 
        536875199, 
        536875229, 
        536875298, 
        536875300, 
        536875302, 
        536875331, 
        536875455, 
        536875460, 
        536875536, 
        536875540, 
        536875610, 
        536875611, 
        536875699, 
        536875808, 
        536875809, 
        536875885, 
        536875887, 
        536875889, 
        536876266, 
        536876273, 
        536876276, 
        536876281, 
        536876409, 
        536876487, 
        536876711, 
        536876730, 
        536876986, 
        536876989, 
        536878045, 
        536878146, 
        536878576, 
        1073741828
    ], 
    "themes": [
        1, 
        17
    ], 
    "total_rating": 59.92857142857145, 
    "total_rating_count": 12, 
    "updated_at": 1523265235009, 
    "url": "https://www.igdb.com/games/abyss-odyssey", 
    "videos": [
        {
            "name": "E3 2014 Trailer", 
            "video_id": "cNVUK3qiNRU"
        }, 
        {
            "name": "Features Trailer", 
            "video_id": "r-wSO-UtsR0"
        }, 
        {
            "name": "Gameplay Trailer", 
            "video_id": "rck9hEniKBg"
        }
    ], 
    "websites": [
        {
            "category": 13,