{
    "aggregated_rating": 72.6666666666667, 
    "aggregated_rating_count": 4, 
    "category": 0, 
    "collection": 456, 
    "cover": {
        "cloudinary_id": "xa21uxvvhcfiyjozcl9q", 
        "height": 621, 
        "url": "//images.igdb.com/igdb/image/upload/t_thumb/xa21uxvvhcfiyjozcl9q.jpg", 
        "width": 447
    }, 
    "created_at": 1372405004003, 
    "developers": [
        1051
    ], 
    "external": {
        "steam": "18050"
    }, 
    "first_release_date": 1284940800000, 
    "game_modes": [
        1, 
        2, 
        3
    ], 
    "games": [
        19407, 
        21429, 
        18822, 
        7329, 
        1907, 
        6732, 
        7202, 
        47823, 
        848, 
        26841
    ], 
    "genres": [
        12, 
        25, 
        32
    ], 
    "id": 2250, 
    "keywords": [
        1, 
        3, 
        4, 
        19, 
        164, 
        227, 
        231, 
        296, 
        350, 
        413, 
        575, 
        1026, 
        1128, 
        1293, 
        1523, 
        2154, 
        2806, 
        3182, 
        4004, 
        4035, 
        4134, 
        4150, 
        4155, 
        4225, 
        4259, 
        4284, 
        4297, 
        4399, 
        4425, 
        4446, 
        4460, 
        4496, 
        4552, 
        4571, 
        4698, 
        4713, 
        4879, 
        5175, 
        5195, 
        5262, 
        5616, 
        5633, 
        5700, 
        5791, 
        6352, 
        6637, 
        6684, 
        6935, 
        7080, 
        10006, 
        11122, 
        11208, 
        12003, 
        12458, 
        12459
    ], 
    "multiplayer_modes": [
        {
            "campaigncoop": true, 
            "dropin": true, 
            "lancoop": false, 
            "offlinecoop": true, 
            "offlinecoopmax": 2, 
            "offlinemax": 0, 
            "onlinecoop": false, 
            "onlinecoopmax": 0, 
            "onlinemax": 0, 
            "platform": 12, 
            "splitscreen": false, 
            "splitscreenonline": false
        }
    ], 
    "name": "DeathSpank: Thongs of Virtue", 
    "pegi": {
        "rating": 3
    }, 
    "platforms": [
        45, 
        6, 
        92, 
        36, 
        14, 
        9
    ], 
    "player_perspectives": [
        2
    ], 
    "popularity": 1.333333333333333, 
    "publishers": [
        1
    ], 
    "rating": 83.88920616790409, 
    "rating_count": 4, 
    "release_dates": [
        {
            "category": 0, 
            "date": 1285113600000, 
            "human": "2010-Sep-22", 
            "m": 9, 
            "platform": 9, 
            "region": 1, 
            "y": 2010
        }, 
        {
            "category": 0, 
            "date": 1284940800000, 
            "human": "2010-Sep-20", 
            "m": 9, 
            "platform": 9, 
            "region": 2, 
            "y": 2010
        }, 
        {
            "category": 0, 
            "date": 1291075200000, 
            "human": "2010-Nov-30", 
            "m": 11, 
            "platform": 92, 
            "y": 2010
        }, 
        {
            "category": 0, 
            "date": 1285027200000, 
            "human": "2010-Sep-21", 
            "m": 9, 
            "platform": 45, 
            "y": 2010
        }, 
        {
            "category": 0, 
            "date": 1285113600000, 
            "human": "2010-Sep-22", 
            "m": 9, 
            "platform": 36, 
            "y": 2010
        }, 
        {
            "category": 0, 
            "date": 1291075200000, 
            "human": "2010-Nov-30", 
            "m": 11, 
            "platform": 6, 
            "y": 2010
        }, 
        {
            "category": 0, 
            "date": 1292284800000, 
            "human": "2010-Dec-14", 
            "m": 12, 
            "platform": 14, 
            "y": 2010
        }
    ], 
    "screenshots": [
        {
            "cloudinary_id": "wxmwazohbcxpjvih2yxq", 
            "height": 900, 
            "url": "//images.igdb.com/igdb/image/upload/t_thumb/wxmwazohbcxpjvih2yxq.jpg", 
            "width": 1600
        }, 
        {
            "cloudinary_id": "tbqdbjpy7flxcv5eoe7x", 
            "height": 900, 
            "url": "//images.igdb.com/igdb/image/upload/t_thumb/tbqdbjpy7flxcv5eoe7x.jpg", 
            "width": 1600
        }, 
        {
            "cloudinary_id": "relpdvwjbtgwyc1sdijh", 
            "height": 900, 
            "url": "//images.igdb.com/igdb/image/upload/t_thumb/relpdvwjbtgwyc1sdijh.jpg", 
            "width": 1600
        }, 
        {
            "cloudinary_id": "d1wcvjvokn5ai7crl8vo", 
            "height": 900, 
            "url": "//images.igdb.com/igdb/image/upload/t_thumb/d1wcvjvokn5ai7crl8vo.jpg", 
            "width": 1600
        }, 
        {
            "cloudinary_id": "g0fgxm0ipu8pk9yccvy8", 
            "height": 385, 
            "url": "//images.igdb.com/igdb/image/upload/t_thumb/g0fgxm0ipu8pk9yccvy8.jpg", 
            "width": 620
        }
    ], 
    "slug": "deathspank-thongs-of-virtue", 
    "summary": "In his travels DeathSpank has brought justice to the downtrodden, faced the riddle of bacon and defeated evils so horrible they would make just plain evil lose its lunch. DeathSpank: Thongs of Virtue is a hilarious adventure full of violence, sorcery and war-metaphors! And it\u2019s fun! Remember fun? You hit things with swords, blow things up with magical bazookas, zap foes with Tesla Rods or chuck Fire hand grenades at their big stupid dumb heads . \n \nFeaturing the trademark humor found in the original, Thongs of Virtue centers on DeathSpank\u2019s journey through a massive war-torn land; explore the North Pole and the high seas to locate the mystical thongs to bring peace and harmony to the universe.", 
    "tags": [
        1, 
        17, 
        22, 
        27, 
        268435468, 
        268435481, 
        268435488, 
        536870913, 
        536870915, 
        536870916, 
        536870931, 
        536871076, 
        536871139, 
        536871143, 
        536871208, 
        536871262, 
        536871325, 
        536871487, 
        536871938, 
        536872040, 
        536872205, 
        536872435, 
        536873066, 
        536873718, 
        536874094, 
        536874916, 
        536874947, 
        536875046, 
        536875062, 
        536875067, 
        536875137, 
        536875171, 
        536875196, 
        536875209, 
        536875311, 
        536875337, 
        536875358, 
        536875372, 
        536875408, 
        536875464, 
        536875483, 
        536875610, 
        536875625, 
        536875791, 
        536876087, 
        536876107, 
        536876174, 
        536876528, 
        536876545, 
        536876612, 
        536876703, 
        536877264, 
        536877549, 
        536877596, 
        536877847, 
        536877992, 
        536880918, 
        536882034, 
        536882120, 
        536882915, 
        536883370, 
        536883371, 
        1073741826
    ], 
    "themes": [
        1, 
        17, 
        22, 
        27
    ], 
    "total_rating": 78.27793641728539, 
    "total_rating_count": 8, 
    "updated_at": 1527682464102, 
    "url": "https://www.igdb.com/games/deathspank-thongs-of-virtue", 
    "videos": [
        {
            "name": "Trailer", 
            "video_id": "pjJTTqNcKd0"
        }
    ], 
    "websites": [
        {
            "category": 1, 
            "url": "http://www.deathspank.com/"
        }, 
        {
            "category": 13, 
            "url": "https://store.steampowered.com/app/18050"
        }
    ]
}