{
    "aggregated_rating": 77.5, 
    "aggregated_rating_count": 5, 
    "category": 0, 
    "collection": 580, 
    "cover": {
        "cloudinary_id": "xeo7j52s69bzdqm8jeux", 
        "height": 1369, 
        "url": "//images.igdb.com/igdb/image/upload/t_thumb/xeo7j52s69bzdqm8jeux.jpg", 
        "width": 1000
    }, 
    "created_at": 1382217501874, 
    "developers": [
        1428
    ], 
    "esrb": {
        "rating": 4, 
        "synopsis": "This is a tower-defense role-playing game in which players protect a variety of castle environments from waves of cartoon-like fantasy creatures. Players can use missile launchers, magic barriers, fireball towers, and harpoon turrets to repel a variety of enemies (e.g., goblins, trolls, and dragons). Injured enemies grunt and sometimes emit spurts of green or pink fluid. Battles are sometimes highlighted by hand-to-hand combat in which characters use swords, bows, or spells against each other. One tavern setting depicts frothy mugs and pitchers."
    }, 
    "external": {
        "steam": "65800"
    }, 
    "first_release_date": 1292371200000, 
    "game_modes": [
        1, 
        2, 
        3, 
        4
    ], 
    "games": [
        11423, 
        7202, 
        6732, 
        3277, 
        36926, 
        19407, 
        18822, 
        1907, 
        21429, 
        18167
    ], 
    "genres": [
        12, 
        15, 
        31, 
        32
    ], 
    "id": 3043, 
    "keywords": [
        77, 
        151, 
        226, 
        227, 
        236, 
        296, 
        816, 
        1026, 
        1027, 
        1158, 
        1293, 
        1333, 
        2180, 
        2543, 
        2561, 
        4004, 
        4134, 
        4135, 
        4150, 
        4210, 
        4257, 
        4275, 
        4284, 
        4391, 
        4399, 
        4437, 
        4609, 
        4698, 
        4726, 
        4826, 
        4866, 
        4973, 
        5023, 
        5025, 
        5262, 
        5304, 
        5308, 
        5373, 
        5523, 
        5790, 
        5794, 
        7402, 
        7417, 
        8168, 
        11023, 
        11523, 
        11782
    ], 
    "name": "Dungeon Defenders", 
    "platforms": [
        34, 
        45, 
        6, 
        39, 
        36, 
        14, 
        9, 
        3
    ], 
    "player_perspectives": [
        2, 
        3
    ], 
    "popularity": 1.333333333333333, 
    "publishers": [
        1429
    ], 
    "rating": 75.9742495738145, 
    "rating_count": 19, 
    "release_dates": [
        {
            "category": 0, 
            "date": 1324425600000, 
            "human": "2011-Dec-21", 
            "m": 12, 
            "platform": 9, 
            "region": 1, 
            "y": 2011
        }, 
        {
            "category": 0, 
            "date": 1318896000000, 
            "human": "2011-Oct-18", 
            "m": 10, 
            "platform": 9, 
            "region": 2, 
            "y": 2011
        }, 
        {
            "category": 0, 
            "date": 1324425600000, 
            "human": "2011-Dec-21", 
            "m": 12, 
            "platform": 9, 
            "y": 2011
        }, 
        {
            "category": 0, 
            "date": 1292371200000, 
            "human": "2010-Dec-15", 
            "m": 12, 
            "platform": 39, 
            "y": 2010
        }, 
        {
            "category": 0, 
            "date": 1293062400000, 
            "human": "2010-Dec-23", 
            "m": 12, 
            "platform": 34, 
            "y": 2010
        }, 
        {
            "category": 0, 
            "date": 1318982400000, 
            "human": "2011-Oct-19", 
            "m": 10, 
            "platform": 45, 
            "y": 2011
        }, 
        {
            "category": 0, 
            "date": 1318982400000, 
            "human": "2011-Oct-19", 
            "m": 10, 
            "platform": 36, 
            "y": 2011
        }, 
        {
            "category": 0, 
            "date": 1318982400000, 
            "human": "2011-Oct-19", 
            "m": 10, 
            "platform": 6, 
            "y": 2011
        }, 
        {
            "category": 0, 
            "date": 1331769600000, 
            "human": "2012-Mar-15", 
            "m": 3, 
            "platform": 14, 
            "y": 2012
        }, 
        {
            "category": 0, 
            "date": 1355875200000, 
            "human": "2012-Dec-19", 
            "m": 12, 
            "platform": 3, 
            "y": 2012
        }
    ], 
    "screenshots": [
        {
            "cloudinary_id": "mmnrnr4dvahljacrz2mj", 
            "height": 576, 
            "url": "//images.igdb.com/igdb/image/upload/t_thumb/mmnrnr4dvahljacrz2mj.jpg", 
            "width": 1024
        }, 
        {
            "cloudinary_id": "w0lditevrzj4jogcjfft", 
            "height": 576, 
            "url": "//images.igdb.com/igdb/image/upload/t_thumb/w0lditevrzj4jogcjfft.jpg", 
            "width": 1024
        }, 
        {
            "cloudinary_id": "krkxuwemie11bpi3ilfd", 
            "height": 576, 
            "url": "//images.igdb.com/igdb/image/upload/t_thumb/krkxuwemie11bpi3ilfd.jpg", 
            "width": 1024
        }, 
        {
            "cloudinary_id": "skldggtcyj0ev0jrblsu", 
            "height": 576, 
            "url": "//images.igdb.com/igdb/image/upload/t_thumb/skldggtcyj0ev0jrblsu.jpg", 
            "width": 1024
        }, 
        {
            "cloudinary_id": "orobjh7we1x5v5s77vfi", 
            "height": 576, 
            "url": "//images.igdb.com/igdb/image/upload/t_thumb/orobjh7we1x5v5s77vfi.jpg", 
            "width": 1024
        }
    ], 
    "slug": "dungeon-defenders", 
    "storyline": "Long Ago, Etheria was once a land of living legends\u2026 Throughout the ages, brave warriors across the realm stood together against the forces of evil, led by immortal beings known as the Old Ones\u2026 After a titanic struggle, these champions locked away the power of the Old Ones, inside Eternia Crystals\u2026 These legendary heroes have recently left their younger kin in charge of the common castle chores\u2026 Bored with their dreary duties, the inexperienced pupils decide to play\u2026 And accidentally unleash an ancient force that has long been dormant!", 
    "summary": "Dungeon Defenders is a Tower Defense Action-RPG where you must save the land of Etheria from an Ancient Evil! Create a hero from one of four distinct classes to fight back wave after wave of enemies by summoning defenses and directly participating in the action-packed combat! \n \nCustomize and level your character, forge equipment, gather loot, collect pets and more! Take your hero through multiple difficulty modes and challenge/survival missions to earn more experience & even better treasure. Join your friends with 4-player online and local (splitscreen) co-op to plan your strategies together or compete in PvP Deathmatch.",