{
    "aggregated_rating": 81.5, 
    "aggregated_rating_count": 6, 
    "alternative_names": [
        {
            "comment": "Other", 
            "name": "gt5, gt5p"
        }, 
        {
            "comment": "Japanese title", 
            "name": "\u30b0\u30e9\u30f3\u30c4\u30fc\u30ea\u30b9\u30e25 \u30d7\u30ed\u30ed\u30fc\u30b0"
        }, 
        {
            "name": "Gran Turismo 5 Prologue Spec III"
        }
    ], 
    "category": 0, 
    "collection": 323, 
    "cover": {
        "cloudinary_id": "vk3yoz0iajbwp2zv8mnc", 
        "height": 590, 
        "url": "//images.igdb.com/igdb/image/upload/t_thumb/vk3yoz0iajbwp2zv8mnc.jpg", 
        "width": 478
    }, 
    "created_at": 1350737781780, 
    "developers": [
        884
    ], 
    "esrb": {
        "rating": 3
    }, 
    "first_release_date": 1197504000000, 
    "game_modes": [
        1, 
        2, 
        4
    ], 
    "games": [
        1594, 
        26948, 
        98, 
        97, 
        43027, 
        1601, 
        1600, 
        1597, 
        3073, 
        3072
    ], 
    "genres": [
        10, 
        13
    ], 
    "id": 1599, 
    "keywords": [
        1148, 
        1409, 
        1440, 
        1678, 
        1783, 
        2362, 
        2478, 
        2543, 
        3425, 
        3910, 
        4149, 
        4157, 
        4205, 
        4216, 
        4239, 
        4245, 
        4282, 
        4330, 
        4359, 
        4444, 
        4552, 
        4576, 
        4647, 
        4869, 
        5029, 
        5196, 
        5300, 
        5402, 
        5553, 
        5572, 
        5789, 
        5850, 
        5875, 
        5878, 
        5879, 
        5883, 
        6137, 
        6311, 
        6406, 
        6832, 
        7407, 
        8157, 
        8255, 
        8281, 
        9963, 
        10436, 
        10437, 
        10495, 
        11267, 
        11392, 
        12185, 
        13083, 
        13518, 
        13519, 
        14179, 
        14180, 
        14191, 
        14907
    ], 
    "name": "Gran Turismo 5 Prologue", 
    "pegi": {
        "rating": 1, 
        "synopsis": "The content of this game is suitable for all persons.\nIt contains: This game allows the player to interact with other players ONLINE"
    }, 
    "platforms": [
        45, 
        9
    ], 
    "player_perspectives": [
        1, 
        2
    ], 
    "popularity": 1.333333333333333, 
    "publishers": [
        45
    ], 
    "rating": 79.4879603805469, 
    "rating_count": 6, 
    "release_dates": [
        {
            "category": 0, 
            "date": 1208390400000, 
            "human": "2008-Apr-17", 
            "m": 4, 
            "platform": 9, 
            "region": 2, 
            "y": 2008
        }, 
        {
            "category": 0, 
            "date": 1206662400000, 
            "human": "2008-Mar-28", 
            "m": 3, 
            "platform": 9, 
            "region": 1, 
            "y": 2008
        }, 
        {
            "category": 0, 
            "date": 1197504000000, 
            "human": "2007-Dec-13", 
            "m": 12, 
            "platform": 9, 
            "region": 5, 
            "y": 2007
        }, 
        {
            "category": 0, 
            "date": 1197504000000, 
            "human": "2007-Dec-13", 
            "m": 12, 
            "platform": 45, 
            "region": 5, 
            "y": 2007
        }, 
        {
            "category": 0, 
            "date": 1206576000000, 
            "human": "2008-Mar-27", 
            "m": 3, 
            "platform": 9, 
            "region": 3, 
            "y": 2008
        }, 
        {
            "category": 0, 
            "date": 1206576000000, 
            "human": "2008-Mar-27", 
            "m": 3, 
            "platform": 45, 
            "region": 3, 
            "y": 2008
        }, 
        {
            "category": 0, 
            "date": 1206662400000, 
            "human": "2008-Mar-28", 
            "m": 3, 
            "platform": 45, 
            "region": 1, 
            "y": 2008
        }, 
        {
            "category": 0, 
            "date": 1208390400000, 
            "human": "2008-Apr-17", 
            "m": 4, 
            "platform": 45, 
            "region": 2, 
            "y": 2008
        }
    ], 
    "screenshots": [
        {
            "cloudinary_id": "mbelj6hktqidgrpmbt6o", 
            "height": 450, 
            "url": "//images.igdb.com/igdb/image/upload/t_thumb/mbelj6hktqidgrpmbt6o.jpg", 
            "width": 800
        }, 
        {
            "cloudinary_id": "cfqjisszuac9wp0wru0w", 
            "height": 450, 
            "url": "//images.igdb.com/igdb/image/upload/t_thumb/cfqjisszuac9wp0wru0w.jpg", 
            "width": 800
        }, 
        {
            "cloudinary_id": "iphppg7pjpcppren1elz", 
            "height": 450, 
            "url": "//images.igdb.com/igdb/image/upload/t_thumb/iphppg7pjpcppren1elz.jpg", 
            "width": 800
        }, 
        {
            "cloudinary_id": "p7l0ro8rqvu6tafns5mx", 
            "height": 450, 
            "url": "//images.igdb.com/igdb/image/upload/t_thumb/p7l0ro8rqvu6tafns5mx.jpg", 
            "width": 800
        }, 
        {
            "cloudinary_id": "mvmcil0cpp2a1k1clcb1", 
            "height": 450, 
            "url": "//images.igdb.com/igdb/image/upload/t_thumb/mvmcil0cpp2a1k1clcb1.jpg", 
            "width": 800
        }
    ], 
    "slug": "gran-turismo-5-prologue", 
    "summary": "Gran Turismo 5 Prologue is a precursor and sampling of Gran Turismo 5 and replaced Gran Turismo HD Concept. The \"Prologue\" suffix is a self-reference to Gran Turismo 4 Prologue which was released one year before the full version of Gran Turismo 4. Since October 3, 2008, the game is now referred to as Gran Turismo 5 Prologue Spec III which is the software's version 3.0 title. Gran Turismo 5 Prologue Spec III features 16-player online races, over 70 cars (including tuned cars), 6 tracks, 12 layouts, a 60 frames per second frame rate (during races, replays are displayed at 30 frames per second) and LPCM 7.1ch high definition sound.", 
    "tags": [
        268435466, 
        268435469, 
        536872060, 
        536872321, 
        536872352, 
        536872590, 
        536872695, 
        536873274, 
        536873390, 
        536873455, 
        536874337, 
        536874822, 
        536875061, 
        536875069, 
        536875117, 
        536875128, 
        536875151, 
        536875157, 
        536875194, 
        536875242, 
        536875271, 
        536875356, 
        536875464, 
        536875488, 
        536875559, 
        536875781, 
        536875941, 
        536876108, 
        536876212, 
        536876314, 
        536876465, 
        536876484, 
        536876701, 
        536876762, 
        536876787, 
        536876790, 
        536876791, 
        536876795, 
        536877049, 
        536877223, 
        536877318, 
        536877744, 
        536878319, 
        536879069, 
        536879167, 
        536879193, 
        536880875, 
        536881348, 
        536881349, 
        536881407, 
        536882179, 
        536882304, 
        536883097, 
        536883995, 
        536884430, 
        536884431, 
        536885091, 
        536885092, 
        536885103, 
        536885819, 
        1073741825, 
        1073741826
    ], 
    "total_rating": 80.49398019027345, 
    "total_rating_count": 12, 
    "updated_at": 1516070363273, 
    "url": "https://www.igdb.com/games/gran-turismo-5-prologue", 
    "videos": [
        {
            "name": "Trailer", 
            "video_id": "6bxJnlNpYVg"
        }
    ], 
    "websites": [
        {
            "category": 1, 
            "url": "http://us.gran-turismo.com/us/products/gt5p/"
        }
    ]
}