{
    "aggregated_rating": 78.3333333333333, 
    "aggregated_rating_count": 3, 
    "category": 0, 
    "collection": 2329, 
    "cover": {
        "cloudinary_id": "kzppn3y8ze1hhhiiqx2f", 
        "height": 240, 
        "url": "//images.igdb.com/igdb/image/upload/t_thumb/kzppn3y8ze1hhhiiqx2f.jpg", 
        "width": 240
    }, 
    "created_at": 1402627804649, 
    "developers": [
        1900
    ], 
    "esrb": {
        "rating": 5
    }, 
    "expansions": [
        21612, 
        21685
    ], 
    "first_release_date": 1196294400000, 
    "game_modes": [
        1, 
        2
    ], 
    "games": [
        1905, 
        11198, 
        9061, 
        19441, 
        1352, 
        16992, 
        26758, 
        7768, 
        9498, 
        493
    ], 
    "genres": [
        14
    ], 
    "id": 7387, 
    "keywords": [
        4, 
        26, 
        27, 
        58, 
        121, 
        137, 
        274, 
        287, 
        350, 
        566, 
        697, 
        1503, 
        1783, 
        2109, 
        2152, 
        2312, 
        2362, 
        2440, 
        2543, 
        3831, 
        4146, 
        4147, 
        4162, 
        4183, 
        4239, 
        4242, 
        4245, 
        4286, 
        4287, 
        4317, 
        4328, 
        4332, 
        4359, 
        4393, 
        4398, 
        4400, 
        4419, 
        4437, 
        4438, 
        4443, 
        4477, 
        4481, 
        4521, 
        4525, 
        4541, 
        4544, 
        4576, 
        4625, 
        4667, 
        4715, 
        4726, 
        4770, 
        4825, 
        4869, 
        4880, 
        4892, 
        4991, 
        5011, 
        5045, 
        5156, 
        5219, 
        5264, 
        5266, 
        5300, 
        5439, 
        5453, 
        5523, 
        5554, 
        5669, 
        5734, 
        5754, 
        5850, 
        5921, 
        6114, 
        6187, 
        6363, 
        6368, 
        6401, 
        6411, 
        6498, 
        6691, 
        7041, 
        7120, 
        7159, 
        7392, 
        7600, 
        7640, 
        8969, 
        8979, 
        9045, 
        9172, 
        9222, 
        9578, 
        9799, 
        11247, 
        12825, 
        12953, 
        13083
    ], 
    "name": "Pain", 
    "platforms": [
        9
    ], 
    "player_perspectives": [
        2
    ], 
    "popularity": 1.666666666666667, 
    "publishers": [
        45
    ], 
    "rating": 70.0, 
    "rating_count": 4, 
    "release_dates": [
        {
            "category": 0, 
            "date": 1235606400000, 
            "human": "2009-Feb-26", 
            "m": 2, 
            "platform": 9, 
            "region": 5, 
            "y": 2009
        }, 
        {
            "category": 0, 
            "date": 1196294400000, 
            "human": "2007-Nov-29", 
            "m": 11, 
            "platform": 9, 
            "region": 2, 
            "y": 2007
        }, 
        {
            "category": 0, 
            "date": 1205971200000, 
            "human": "2008-Mar-20", 
            "m": 3, 
            "platform": 9, 
            "y": 2008
        }, 
        {
            "category": 0, 
            "date": 1205971200000, 
            "human": "2008-Mar-20", 
            "m": 3, 
            "platform": 9, 
            "region": 1, 
            "y": 2008
        }
    ], 
    "screenshots": [
        {
            "cloudinary_id": "kwjiakgtydxh4yjp24ff", 
            "height": 347, 
            "url": "//images.igdb.com/igdb/image/upload/t_thumb/kwjiakgtydxh4yjp24ff.jpg", 
            "width": 616
        }, 
        {
            "cloudinary_id": "ylae27bh6xbrznjzaayv", 
            "height": 347, 
            "url": "//images.igdb.com/igdb/image/upload/t_thumb/ylae27bh6xbrznjzaayv.jpg", 
            "width": 616
        }, 
        {
            "cloudinary_id": "h06awgcs4t8qjyei7vw4", 
            "height": 347, 
            "url": "//images.igdb.com/igdb/image/upload/t_thumb/h06awgcs4t8qjyei7vw4.jpg", 
            "width": 616
        }, 
        {
            "cloudinary_id": "cvedf9fid8rbipumg0m0", 
            "height": 347, 
            "url": "//images.igdb.com/igdb/image/upload/t_thumb/cvedf9fid8rbipumg0m0.jpg", 
            "width": 616
        }, 
        {
            "cloudinary_id": "csyq1tkn2q1nag6djtpl", 
            "height": 347, 
            "url": "//images.igdb.com/igdb/image/upload/t_thumb/csyq1tkn2q1nag6djtpl.jpg", 
            "width": 616
        }
    ], 
    "slug": "pain", 
    "summary": "It\u2019s the funniest game in town! Load characters into a super-sized, ultra-powerful slingshot and launch them into an active, physics-controlled environment filled with precarious and humorous situations. Score points by stringing together PAINful collisions and unleashing chaos on the downtown environment. Join the PAIN online community to keep up with PAIN\u2019s ever evolving gameplay. Compete with other players worldwide on the Global Leaderboards. See you in PAIN!", 
    "tags": [
        1, 
        27, 
        33, 
        268435470, 
        536870916, 
        536870938, 
        536870939, 
        536870970, 
        536871033, 
        536871049, 
        536871186, 
        536871199, 
        536871262, 
        536871478, 
        536871609, 
        536872415, 
        536872695, 
        536873021, 
        536873064, 
        536873224, 
        536873274, 
        536873352, 
        536873455, 
        536874743, 
        536875058, 
        536875059, 
        536875074, 
        536875095, 
        536875151, 
        536875154, 
        536875157, 
        536875198, 
        536875199, 
        536875229, 
        536875240, 
        536875244, 
        536875271, 
        536875305, 
        536875310, 
        536875312, 
        536875331, 
        536875349, 
        536875350, 
        536875355, 
        536875389, 
        536875393, 
        536875433, 
        536875437, 
        536875453, 
        536875456, 
        536875488, 
        536875537, 
        536875579, 
        536875627, 
        536875638, 
        536875682, 
        536875737, 
        536875781, 
        536875792, 
        536875804, 
        536875903, 
        536875923, 
        536875957, 
        536876068, 
        536876131, 
        536876176, 
        536876178, 
        536876212, 
        536876351, 
        536876365, 
        536876435, 
        536876466, 
        536876581, 
        536876646, 
        536876666, 
        536876762, 
        536876833, 
        536877026, 
        536877099, 
        536877275, 
        536877280, 
        536877313, 
        536877323, 
        536877410, 
        536877603, 
        536877953, 
        536878032, 
        536878071, 
        536878304, 
        536878512, 
        536878552, 
        536879881, 
        536879891, 
        536879957, 
        536880084, 
        536880134, 
        536880490, 
        536880711, 
        536882159, 
        536883737, 
        536883865, 
        536883995, 
        1073741826
    ], 
    "themes": [
        1, 
        27, 
        33
    ], 
    "total_rating": 74.16666666666666, 
    "total_rating_count": 7, 
    "updated_at": 1523624243322, 
    "url": "https://www.igdb.com/games/pain", 
    "websites": [
        {
            "category": 1, 
            "url": "http://www.painthegame.com/"
        }
    ]
}