{
    "aggregated_rating": 65.3333333333333, 
    "aggregated_rating_count": 8, 
    "category": 0, 
    "collection": 231, 
    "cover": {
        "cloudinary_id": "wczeh7uaqi2gnumik86y", 
        "height": 1482, 
        "url": "//images.igdb.com/igdb/image/upload/t_thumb/wczeh7uaqi2gnumik86y.jpg", 
        "width": 1200
    }, 
    "created_at": 1326749897428, 
    "developers": [
        373
    ], 
    "esrb": {
        "rating": 6
    }, 
    "expansions": [
        8891
    ], 
    "first_release_date": 1226016000000, 
    "game_modes": [
        1, 
        2, 
        3
    ], 
    "games": [
        1081, 
        26766, 
        2368, 
        6452, 
        11214, 
        1887, 
        11567, 
        3025, 
        27421, 
        36926
    ], 
    "genres": [
        12, 
        31
    ], 
    "id": 1043, 
    "keywords": [
        226, 
        227, 
        296, 
        332, 
        623, 
        816, 
        953, 
        1019, 
        1026, 
        1158, 
        1293, 
        1320, 
        1459, 
        1513, 
        1716, 
        2154, 
        2242, 
        2472, 
        3919, 
        4166, 
        4183, 
        4235, 
        4251, 
        4257, 
        4285, 
        4345, 
        4392, 
        4399, 
        4404, 
        4411, 
        4460, 
        4543, 
        4552, 
        4584, 
        4609, 
        4698, 
        4759, 
        4872, 
        4880, 
        4891, 
        4918, 
        4975, 
        4977, 
        4983, 
        5017, 
        5095, 
        5374, 
        5456, 
        5625, 
        5639, 
        5691, 
        5939, 
        5970, 
        6055, 
        6120, 
        6304, 
        6526, 
        6716, 
        9306, 
        9352, 
        9382, 
        9529, 
        9900, 
        10210, 
        10544, 
        12123, 
        12533, 
        13076
    ], 
    "multiplayer_modes": [
        {
            "campaigncoop": true, 
            "dropin": false, 
            "lancoop": true, 
            "offlinecoop": false, 
            "offlinecoopmax": 0, 
            "offlinemax": 0, 
            "onlinecoop": true, 
            "onlinecoopmax": 4, 
            "onlinemax": 0, 
            "platform": 6, 
            "splitscreen": false, 
            "splitscreenonline": false
        }
    ], 
    "name": "Sacred 2: Fallen Angel", 
    "platforms": [
        6, 
        9, 
        12
    ], 
    "player_perspectives": [
        3
    ], 
    "popularity": 1.333333333333333, 
    "publishers": [
        145, 
        423
    ], 
    "rating": 65.2357582073759, 
    "rating_count": 18, 
    "release_dates": [
        {
            "category": 0, 
            "date": 1244160000000, 
            "human": "2009-Jun-05", 
            "m": 6, 
            "platform": 9, 
            "region": 1, 
            "y": 2009
        }, 
        {
            "category": 0, 
            "date": 1242086400000, 
            "human": "2009-May-12", 
            "m": 5, 
            "platform": 9, 
            "region": 2, 
            "y": 2009
        }, 
        {
            "category": 0, 
            "date": 1226016000000, 
            "human": "2008-Nov-07", 
            "m": 11, 
            "platform": 6, 
            "y": 2008
        }, 
        {
            "category": 0, 
            "date": 1242086400000, 
            "human": "2009-May-12", 
            "m": 5, 
            "platform": 12, 
            "y": 2009
        }, 
        {
            "category": 0, 
            "date": 1242086400000, 
            "human": "2009-May-12", 
            "m": 5, 
            "platform": 9, 
            "y": 2009
        }
    ], 
    "screenshots": [
        {
            "cloudinary_id": "hypj9bvgijobhkxud1mr", 
            "height": 494, 
            "url": "//images.igdb.com/igdb/image/upload/t_thumb/hypj9bvgijobhkxud1mr.jpg", 
            "width": 800
        }, 
        {
            "cloudinary_id": "u5oz0rmvyyut0xwurjna", 
            "height": 494, 
            "url": "//images.igdb.com/igdb/image/upload/t_thumb/u5oz0rmvyyut0xwurjna.jpg", 
            "width": 800
        }, 
        {
            "cloudinary_id": "p0vw5heoyn8t4j3bmuo3", 
            "height": 494, 
            "url": "//images.igdb.com/igdb/image/upload/t_thumb/p0vw5heoyn8t4j3bmuo3.jpg", 
            "width": 800
        }, 
        {
            "cloudinary_id": "desrghdjdrfgkssednkm", 
            "height": 494, 
            "url": "//images.igdb.com/igdb/image/upload/t_thumb/desrghdjdrfgkssednkm.jpg", 
            "width": 800
        }, 
        {
            "cloudinary_id": "xi3cd5wkjcumshzggslq", 
            "height": 494, 
            "url": "//images.igdb.com/igdb/image/upload/t_thumb/xi3cd5wkjcumshzggslq.jpg", 
            "width": 800
        }
    ], 
    "slug": "sacred-2-fallen-angel", 
    "summary": "Poised on the brink of destruction and threatened by overwhelming chaos, a mysterious energy source is spreading across the world of Ancaria. Leaving mutation and terror in its wake, this living energy has become the razors edge on which all else is balanced. The powers of Light and Shadow are destined to collide in an ill fated battle that could tear apart the fabric of life itself.", 
    "tags": [
        1, 
        17, 
        268435468, 
        268435487, 
        536871138, 
        536871139, 
        536871208, 
        536871244, 
        536871535, 
        536871728, 
        536871865, 
        536871931, 
        536871938, 
        536872070, 
        536872205, 
        536872232, 
        536872371, 
        536872425, 
        536872628, 
        536873066, 
        536873154, 
        536873384, 
        536874831, 
        536875078, 
        536875095, 
        536875147, 
        536875163, 
        536875169, 
        536875197, 
        536875257, 
        536875304, 
        536875311, 
        536875316, 
        536875323, 
        536875372, 
        536875455, 
        536875464, 
        536875496, 
        536875521, 
        536875610, 
        536875671, 
        536875784, 
        536875792, 
        536875803, 
        536875830, 
        536875887, 
        536875889, 
        536875895, 
        536875929, 
        536876007, 
        536876286, 
        536876368, 
        536876537, 
        536876551, 
        536876603, 
        536876851, 
        536876882, 
        536876967, 
        536877032, 
        536877216, 
        536877438, 
        536877628, 
        536880218, 
        536880264, 
        536880294, 
        536880441, 
        536880812, 
        536881122, 
        536881456, 
        536883035, 
        536883445, 
        536883988, 
        1073741827
    ], 
    "themes": [
        1, 
        17
    ], 
    "total_rating": 65.2845457703546, 
    "total_rating_count": 26, 
    "updated_at": 1520783912363, 
    "url": "https://www.igdb.com/games/sacred-2-fallen-angel", 
    "videos": [
        {
            "name": "Trailer", 
            "video_id": "v2csyIVLmUo"
        }
    ], 
    "websites": [
        {
            "category": 1, 
            "url": "http://www.sacred2.com/"
        }
    ]
}