{
    "aggregated_rating": 80.0, 
    "aggregated_rating_count": 4, 
    "alternative_names": [
        {
            "comment": "Other", 
            "name": "Toki Tori 3D"
        }
    ], 
    "category": 0, 
    "collection": 1557, 
    "cover": {
        "cloudinary_id": "guokxzcf8upowyj1rozb", 
        "height": 256, 
        "url": "//images.igdb.com/igdb/image/upload/t_thumb/guokxzcf8upowyj1rozb.jpg", 
        "width": 256
    }, 
    "created_at": 1372546333038, 
    "developers": [
        1108
    ], 
    "esrb": {
        "rating": 3
    }, 
    "external": {
        "steam": "38700"
    }, 
    "first_release_date": 1000252800000, 
    "game_modes": [
        1
    ], 
    "games": [
        7344, 
        17354, 
        18167, 
        6732, 
        11423, 
        1331, 
        9174, 
        8968, 
        7342, 
        72373
    ], 
    "genres": [
        8, 
        9, 
        31, 
        32
    ], 
    "id": 2317, 
    "keywords": [
        16, 
        203, 
        247, 
        386, 
        594, 
        658, 
        826, 
        966, 
        1019, 
        1027, 
        1098, 
        1158, 
        1293, 
        1345, 
        1689, 
        1690, 
        1986, 
        2049, 
        2109, 
        2154, 
        2337, 
        2875, 
        3297, 
        3794, 
        4004, 
        4134, 
        4135, 
        4150, 
        4169, 
        4176, 
        4180, 
        4189, 
        4295, 
        4317, 
        4319, 
        4320, 
        4374, 
        4401, 
        4420, 
        4427, 
        4477, 
        4492, 
        4541, 
        4544, 
        4577, 
        4609, 
        4694, 
        4698, 
        4717, 
        4758, 
        4940, 
        4964, 
        4999, 
        5109, 
        5111, 
        5262, 
        5279, 
        5581, 
        5584, 
        5628, 
        5691, 
        5814, 
        6001, 
        6048, 
        6050, 
        6092, 
        6318, 
        6512, 
        6542, 
        6676, 
        7382, 
        7670, 
        8118, 
        11595
    ], 
    "name": "Toki Tori", 
    "platforms": [
        34, 
        45, 
        6, 
        39, 
        14, 
        22, 
        41, 
        9, 
        3, 
        37, 
        130, 
        56
    ], 
    "player_perspectives": [
        4
    ], 
    "popularity": 1.333333333333333, 
    "publishers": [
        37, 
        1092, 
        1108, 
        2255
    ], 
    "pulse_count": 4, 
    "rating": 71.8852782990797, 
    "rating_count": 5, 
    "release_dates": [
        {
            "category": 0, 
            "date": 1522368000000, 
            "human": "2018-Mar-30", 
            "m": 3, 
            "platform": 130, 
            "region": 2, 
            "y": 2018
        }, 
        {
            "category": 0, 
            "date": 1383782400000, 
            "human": "2013-Nov-07", 
            "m": 11, 
            "platform": 41, 
            "region": 2, 
            "y": 2013
        }, 
        {
            "category": 0, 
            "date": 1383782400000, 
            "human": "2013-Nov-07", 
            "m": 11, 
            "platform": 41, 
            "region": 1, 
            "y": 2013
        }, 
        {
            "category": 0, 
            "date": 1346284800000, 
            "human": "2012-Aug-30", 
            "m": 8, 
            "platform": 37, 
            "region": 2, 
            "y": 2012
        }, 
        {
            "category": 0, 
            "date": 1343865600000, 
            "human": "2012-Aug-02", 
            "m": 8, 
            "platform": 37, 
            "region": 1, 
            "y": 2012
        }, 
        {
            "category": 0, 
            "date": 1211241600000, 
            "human": "2008-May-20", 
            "m": 5, 
            "platform": 56, 
            "region": 1, 
            "y": 2008
        }, 
        {
            "category": 0, 
            "date": 1212364800000, 
            "human": "2008-Jun-02", 
            "m": 6, 
            "platform": 56, 
            "region": 2, 
            "y": 2008
        }, 
        {
            "category": 0, 
            "date": 1321401600000, 
            "human": "2011-Nov-16", 
            "m": 11, 
            "platform": 9, 
            "region": 1, 
            "y": 2011
        }, 
        {
            "category": 0, 
            "date": 1000252800000, 
            "human": "2001-Sep-12", 
            "m": 9, 
            "platform": 22, 
            "y": 2001
        }, 
        {
            "category": 0, 
            "date": 1242950400000, 
            "human": "2009-May-22", 
            "m": 5, 
            "platform": 39, 
            "y": 2009
        }, 
        {
            "category": 0, 
            "date": 1343865600000, 
            "human": "2012-Aug-02", 
            "m": 8, 
            "platform": 37, 
            "y": 2012
        }, 
        {
            "category": 0, 
            "date": 1264636800000, 
            "human": "2010-Jan-28", 
            "m": 1, 
            "platform": 6, 
            "y": 2010
        }, 
        {
            "category": 1, 
            "date": 1328054400000, 
            "human": "2012-Feb", 
            "m": 2, 
            "platform": 14, 
            "y": 2012
        }, 
        {
            "category": 1, 
            "date": 1328054400000, 
            "human": "2012-Feb", 
            "m": 2, 
            "platform": 34, 
            "y": 2012
        }, 
        {
            "category": 1, 
            "date": 1328054400000, 
            "human": "2012-Feb", 
            "m": 2, 
            "platform": 3, 
            "y": 2012
        }, 
        {
            "category": 0, 
            "date": 1321574400000, 
            "human": "2011-Nov-18", 
            "m": 11, 
            "platform": 45, 
            "y": 2011
        }
    ], 
    "screenshots": [
        {
            "cloudinary_id": "bey4lxt5g3hlqcu7akxw", 
            "height": 480, 
            "url": "//images.igdb.com/igdb/image/upload/t_thumb/bey4lxt5g3hlqcu7akxw.jpg", 
            "width": 854
        }, 
        {
            "cloudinary_id": "fsp8tc34l9vbfvtncpwc", 
            "height": 480, 
            "url": "//images.igdb.com/igdb/image/upload/t_thumb/fsp8tc34l9vbfvtncpwc.jpg", 
            "width": 854
        }, 
        {
            "cloudinary_id": "rmwhquoy2vjt6xpcohdr", 
            "height": 480, 
            "url": "//images.igdb.com/igdb/image/upload/t_thumb/rmwhquoy2vjt6xpcohdr.jpg", 
            "width": 854
        }, 
        {
            "cloudinary_id": "uedetk7nwsdxpsszef3p", 
            "height": 480, 
            "url": "//images.igdb.com/igdb/image/upload/t_thumb/uedetk7nwsdxpsszef3p.jpg", 
            "width": 854
        }, 
        {
            "cloudinary_id": "mnozibxbiiywagvmjgm7", 
            "height": 480, 
            "url": "//images.igdb.com/igdb/image/upload/t_thumb/mnozibxbiiywagvmjgm7.jpg", 
            "width": 854
        }, 
        {
            "cloudinary_id": "gusigxkr6gjd0iyaav7f", 
            "height": 480, 
            "url": "//images.igdb.com/igdb/image/upload/t_thumb/gusigxkr6gjd0iyaav7f.jpg", 
            "width": 854
        }, 
        {
            "cloudinary_id": "xzzjnzyegulw257ywury", 
            "height": 480, 
            "url": "//images.igdb.com/igdb/image/upload/t_thumb/xzzjnzyegulw257ywury.jpg", 
            "width": 854
        }, 
        {
            "cloudinary_id": "aexlipr40aw9oxst0121", 
            "height": 600, 
            "url": "//images.igdb.com/igdb/image/upload/t_thumb/aexlipr40aw9oxst0121.jpg", 
            "width": 960
        }, 
        {
            "cloudinary_id": "wzbs6peujgsegw0syowo", 
            "height": 600, 
            "url": "//images.igdb.com/igdb/image/upload/t_thumb/wzbs6peujgsegw0syowo.jpg", 
            "width": 960
        }, 
        {
            "cloudinary_id": "av8farwcxwu7vq06znnn", 
            "height": 600,