{
    "aggregated_rating": 72.1428571428571, 
    "aggregated_rating_count": 8, 
    "alternative_names": [
        {
            "comment": "Japanese title", 
            "name": "\u30c8\u30fc\u30ad\u30e7\u30fc \u30b8\u30e3\u30f3\u30b0\u30eb"
        }
    ], 
    "category": 0, 
    "cover": {
        "cloudinary_id": "ng8ybvoduveplg4pbsvl", 
        "height": 455, 
        "url": "//images.igdb.com/igdb/image/upload/t_thumb/ng8ybvoduveplg4pbsvl.jpg", 
        "width": 432
    }, 
    "created_at": 1404089350415, 
    "developers": [
        400, 
        3092
    ], 
    "esrb": {
        "rating": 5
    }, 
    "first_release_date": 1339027200000, 
    "game_modes": [
        1, 
        2
    ], 
    "games": [
        28540, 
        44076, 
        19301, 
        26145, 
        1905, 
        25311, 
        7329, 
        17001, 
        21063, 
        19934
    ], 
    "genres": [
        12, 
        13, 
        15, 
        31
    ], 
    "id": 7467, 
    "keywords": [
        69, 
        132, 
        301, 
        350, 
        558, 
        623, 
        770, 
        902, 
        926, 
        1115, 
        1148, 
        1317, 
        2337, 
        2672, 
        3626, 
        4134, 
        4161, 
        4166, 
        4170, 
        4176, 
        4177, 
        4230, 
        4231, 
        4239, 
        4245, 
        4247, 
        4285, 
        4286, 
        4329, 
        4333, 
        4341, 
        4359, 
        4386, 
        4408, 
        4410, 
        4411, 
        4492, 
        4530, 
        4544, 
        4622, 
        4683, 
        4685, 
        4869, 
        5042, 
        5467, 
        5518, 
        5523, 
        5663, 
        5885, 
        5896, 
        5909, 
        6015, 
        6295, 
        6844, 
        7335, 
        7503, 
        8771, 
        9056, 
        9674, 
        10488, 
        11278, 
        11478
    ], 
    "multiplayer_modes": [
        {
            "campaigncoop": false, 
            "dropin": false, 
            "lancoop": false, 
            "offlinecoop": true, 
            "offlinecoopmax": 2, 
            "offlinemax": 0, 
            "onlinecoop": false, 
            "onlinecoopmax": 0, 
            "onlinemax": 0, 
            "platform": 9, 
            "splitscreen": false, 
            "splitscreenonline": false
        }
    ], 
    "name": "Tokyo Jungle", 
    "platforms": [
        45, 
        9
    ], 
    "popularity": 2.333333333333333, 
    "publishers": [
        45
    ], 
    "pulse_count": 1, 
    "release_dates": [
        {
            "category": 0, 
            "date": 1348617600000, 
            "human": "2012-Sep-26", 
            "m": 9, 
            "platform": 9, 
            "region": 1, 
            "y": 2012
        }, 
        {
            "category": 0, 
            "date": 1348531200000, 
            "human": "2012-Sep-25", 
            "m": 9, 
            "platform": 9, 
            "region": 2, 
            "y": 2012
        }, 
        {
            "category": 0, 
            "date": 1339027200000, 
            "human": "2012-Jun-07", 
            "m": 6, 
            "platform": 9, 
            "region": 5, 
            "y": 2012
        }, 
        {
            "category": 0, 
            "date": 1348531200000, 
            "human": "2012-Sep-25", 
            "m": 9, 
            "platform": 45, 
            "region": 2, 
            "y": 2012
        }, 
        {
            "category": 0, 
            "date": 1348617600000, 
            "human": "2012-Sep-26", 
            "m": 9, 
            "platform": 45, 
            "region": 1, 
            "y": 2012
        }
    ], 
    "screenshots": [
        {
            "cloudinary_id": "h2nvrz3a5cyaverpulre", 
            "height": 288, 
            "url": "//images.igdb.com/igdb/image/upload/t_thumb/h2nvrz3a5cyaverpulre.jpg", 
            "width": 512
        }, 
        {
            "cloudinary_id": "yjs3kegodpfhy67vcoui", 
            "height": 720, 
            "url": "//images.igdb.com/igdb/image/upload/t_thumb/yjs3kegodpfhy67vcoui.jpg", 
            "width": 1280
        }, 
        {
            "cloudinary_id": "lmaiz9othg0saf6kw1yl", 
            "height": 1080, 
            "url": "//images.igdb.com/igdb/image/upload/t_thumb/lmaiz9othg0saf6kw1yl.jpg", 
            "width": 1920
        }, 
        {
            "cloudinary_id": "vza97d96qapvaqngqzfi", 
            "height": 349, 
            "url": "//images.igdb.com/igdb/image/upload/t_thumb/vza97d96qapvaqngqzfi.jpg", 
            "width": 620
        }, 
        {
            "cloudinary_id": "mikexzbzzf2yjzfybu4x", 
            "height": 1080, 
            "url": "//images.igdb.com/igdb/image/upload/t_thumb/mikexzbzzf2yjzfybu4x.jpg", 
            "width": 1871
        }
    ], 
    "slug": "tokyo-jungle", 
    "summary": "In TOKYO JUNGLE, everything is the enemy, and only the strongest will survive! \n \nWith over 50 playable animals to choose from, unleash your inner beast to hunt your way to the top of Tokyo's post-apocalyptic food chain. Whether in Story or Survival Mode, you never know where your next meal will come from or the dangers you'll face, so be prepared for anything and everything. Forage through this desolate but dangerous city to complete story-based challenges using a variety of survival skills, from all-out attack to stealth. Beware-- you are not the only animal out there hunting for survival!", 
    "tags": [
        1, 
        21, 
        23, 
        27, 
        33, 
        268435468, 
        268435469, 
        268435471, 
        268435487, 
        536870981, 
        536871044, 
        536871213, 
        536871262, 
        536871470, 
        536871535, 
        536871682, 
        536871814, 
        536871838, 
        536872027, 
        536872060, 
        536872229, 
        536873249, 
        536873584, 
        536874538, 
        536875046, 
        536875073, 
        536875078, 
        536875082, 
        536875088, 
        536875089, 
        536875142, 
        536875143, 
        536875151, 
        536875157, 
        536875159, 
        536875197, 
        536875198, 
        536875241, 
        536875245, 
        536875253, 
        536875271, 
        536875298, 
        536875320, 
        536875322, 
        536875323, 
        536875404, 
        536875442, 
        536875456, 
        536875534, 
        536875595, 
        536875597, 
        536875781, 
        536875954, 
        536876379, 
        536876430, 
        536876435, 
        536876575, 
        536876797, 
        536876808, 
        536876821, 
        536876927, 
        536877207, 
        536877756, 
        536878247, 
        536878415, 
        536879683, 
        536879968, 
        536880586, 
        536881400, 
        536882190, 
        536882390
    ], 
    "themes": [
        1, 
        21, 
        23, 
        27, 
        33
    ], 
    "total_rating": 72.1428571428571, 
    "total_rating_count": 8, 
    "updated_at": 1524995178028, 
    "url": "https://www.igdb.com/games/tokyo-jungle", 
    "videos": [
        {
            "name": "Trailer", 
            "video_id": "zasefwWK5fA"
        }
    ]
}