{
    "aggregated_rating": 85.4, 
    "aggregated_rating_count": 7, 
    "alternative_names": [
        {
            "comment": "Other", 
            "name": "WH"
        }
    ], 
    "category": 0, 
    "collection": 2372, 
    "cover": {
        "cloudinary_id": "sjwmvnj9dfyvmwqgcjlm", 
        "height": 295, 
        "url": "//images.igdb.com/igdb/image/upload/t_thumb/sjwmvnj9dfyvmwqgcjlm.jpg", 
        "width": 256
    }, 
    "created_at": 1404180601775, 
    "developers": [
        1613, 
        4357
    ], 
    "esrb": {
        "rating": 5
    }, 
    "expansions": [
        21871, 
        22589, 
        22533
    ], 
    "first_release_date": 1188259200000, 
    "game_modes": [
        1, 
        2, 
        4
    ], 
    "games": [
        26401, 
        28204, 
        141, 
        277, 
        240, 
        1310, 
        621, 
        622, 
        949, 
        1316
    ], 
    "genres": [
        5
    ], 
    "id": 7479, 
    "keywords": [
        1, 
        25, 
        296, 
        558, 
        563, 
        970, 
        992, 
        1025, 
        1107, 
        1116, 
        1333, 
        1463, 
        1550, 
        1821, 
        3270, 
        3627, 
        3741, 
        4161, 
        4179, 
        4185, 
        4210, 
        4239, 
        4245, 
        4246, 
        4259, 
        4272, 
        4317, 
        4359, 
        4391, 
        4438, 
        4446, 
        4508, 
        4552, 
        4572, 
        4576, 
        4660, 
        4712, 
        4770, 
        4795, 
        4869, 
        4892, 
        4901, 
        4904, 
        4990, 
        5190, 
        5310, 
        5350, 
        5384, 
        5450, 
        5503, 
        5753, 
        5775, 
        5987, 
        6036, 
        6078, 
        6292, 
        6296, 
        6298, 
        6315, 
        6625, 
        6718, 
        6730, 
        6908, 
        7221, 
        7638, 
        7670, 
        8157, 
        9298, 
        9422, 
        9529, 
        9569, 
        9813, 
        9903, 
        10211, 
        10460, 
        10611, 
        10617, 
        11169, 
        11247, 
        11905, 
        11975, 
        13083, 
        13106, 
        13109
    ], 
    "name": "Warhawk", 
    "platforms": [
        9
    ], 
    "player_perspectives": [
        2
    ], 
    "popularity": 1.333333333333333, 
    "publishers": [
        45
    ], 
    "rating": 52.0378562029307, 
    "rating_count": 4, 
    "release_dates": [
        {
            "category": 0, 
            "date": 1190332800000, 
            "human": "2007-Sep-21", 
            "m": 9, 
            "platform": 9, 
            "region": 1, 
            "y": 2007
        }, 
        {
            "category": 0, 
            "date": 1188259200000, 
            "human": "2007-Aug-28", 
            "m": 8, 
            "platform": 9, 
            "region": 2, 
            "y": 2007
        }, 
        {
            "category": 0, 
            "date": 1191456000000, 
            "human": "2007-Oct-04", 
            "m": 10, 
            "platform": 9, 
            "region": 5, 
            "y": 2007
        }, 
        {
            "category": 0, 
            "date": 1188518400000, 
            "human": "2007-Aug-31", 
            "m": 8, 
            "platform": 9, 
            "region": 3, 
            "y": 2007
        }
    ], 
    "screenshots": [
        {
            "cloudinary_id": "w1903n6rh3y52zltk13t", 
            "height": 439, 
            "url": "//images.igdb.com/igdb/image/upload/t_thumb/w1903n6rh3y52zltk13t.jpg", 
            "width": 780
        }, 
        {
            "cloudinary_id": "c58fab7vgxccoziwnhx8", 
            "height": 563, 
            "url": "//images.igdb.com/igdb/image/upload/t_thumb/c58fab7vgxccoziwnhx8.jpg", 
            "width": 1000
        }, 
        {
            "cloudinary_id": "c5yoroubro2f0nniokj6", 
            "height": 720, 
            "url": "//images.igdb.com/igdb/image/upload/t_thumb/c5yoroubro2f0nniokj6.jpg", 
            "width": 1280
        }, 
        {
            "cloudinary_id": "ryzvbbw7lo8qeuevgsbp", 
            "height": 720, 
            "url": "//images.igdb.com/igdb/image/upload/t_thumb/ryzvbbw7lo8qeuevgsbp.jpg", 
            "width": 1280
        }
    ], 
    "slug": "warhawk", 
    "summary": "Based on the original PlayStation game of the same name, Warhawk for the PlayStation 3 opts for team-based multiplayer action on the ground and in the air instead of single-player flight combat.", 
    "tags": [
        1, 
        18, 
        268435461, 
        536870913, 
        536870937, 
        536871208, 
        536871470, 
        536871475, 
        536871882, 
        536871904, 
        536871937, 
        536872019, 
        536872028, 
        536872245, 
        536872375, 
        536872462, 
        536872733, 
        536874182, 
        536874539, 
        536874653, 
        536875073, 
        536875091, 
        536875097, 
        536875122, 
        536875151, 
        536875157, 
        536875158, 
        536875171, 
        536875184, 
        536875229, 
        536875271, 
        536875303, 
        536875350, 
        536875358, 
        536875420, 
        536875464, 
        536875484, 
        536875488, 
        536875572, 
        536875624, 
        536875682, 
        536875707, 
        536875781, 
        536875804, 
        536875813, 
        536875816, 
        536875902, 
        536876102, 
        536876222, 
        536876262, 
        536876296, 
        536876362, 
        536876415, 
        536876665, 
        536876687, 
        536876899, 
        536876948, 
        536876990, 
        536877204, 
        536877208, 
        536877210, 
        536877227, 
        536877537, 
        536877630, 
        536877642, 
        536877820, 
        536878133, 
        536878550, 
        536878582, 
        536879069, 
        536880210, 
        536880334, 
        536880441, 
        536880481, 
        536880725, 
        536880815, 
        536881123, 
        536881372, 
        536881523, 
        536881529, 
        536882081, 
        536882159, 
        536882817, 
        536882887, 
        536883995, 
        536884018, 
        536884021, 
        1073741826
    ], 
    "themes": [
        1, 
        18
    ], 
    "total_rating": 68.71892810146535, 
    "total_rating_count": 11, 
    "updated_at": 1528343604527, 
    "url": "https://www.igdb.com/games/warhawk"
}