{
    "category": 0, 
    "collection": 268, 
    "cover": {
        "cloudinary_id": "k95khtbpln3ayfl4k5se", 
        "height": 709, 
        "url": "//images.igdb.com/igdb/image/upload/t_thumb/k95khtbpln3ayfl4k5se.jpg", 
        "width": 709
    }, 
    "created_at": 1341705892728, 
    "developers": [
        401
    ], 
    "esrb": {
        "rating": 3
    }, 
    "first_release_date": 878256000000, 
    "game_modes": [
        1
    ], 
    "games": [
        1185, 
        1187, 
        36868, 
        26758, 
        1078, 
        26196, 
        1576, 
        1528, 
        11065, 
        1192
    ], 
    "genres": [
        8, 
        31
    ], 
    "id": 1186, 
    "keywords": [
        201, 
        301, 
        350, 
        394, 
        452, 
        558, 
        789, 
        970, 
        992, 
        1313, 
        1710, 
        1986, 
        2049, 
        2071, 
        2109, 
        2115, 
        2199, 
        2543, 
        3186, 
        3486, 
        3741, 
        4138, 
        4161, 
        4162, 
        4164, 
        4169, 
        4176, 
        4183, 
        4287, 
        4297, 
        4359, 
        4371, 
        4372, 
        4462, 
        4464, 
        4477, 
        4484, 
        4726, 
        4746, 
        4760, 
        4787, 
        4802, 
        4827, 
        4877, 
        4880, 
        4918, 
        4958, 
        4990, 
        5005, 
        5157, 
        5193, 
        5208, 
        5358, 
        5419, 
        5441, 
        5445, 
        5534, 
        5614, 
        5658, 
        5845, 
        5962, 
        6031, 
        6040, 
        6126, 
        6130, 
        6136, 
        6142, 
        6146, 
        6318, 
        6578, 
        6691, 
        6801, 
        6813, 
        6918, 
        7235, 
        7280, 
        7283, 
        7285, 
        7593, 
        7655, 
        8236, 
        9081, 
        9364, 
        9529, 
        10445, 
        11080, 
        11378, 
        12539, 
        12540, 
        12710, 
        12892, 
        12940, 
        13121, 
        13257, 
        13951
    ], 
    "name": "Crash Bandicoot 2: Cortex Strikes Back", 
    "platforms": [
        45, 
        7
    ], 
    "player_perspectives": [
        2
    ], 
    "popularity": 1.666666666666667, 
    "publishers": [
        45
    ], 
    "rating": 86.82728872514501, 
    "rating_count": 97, 
    "release_dates": [
        {
            "category": 0, 
            "date": 878256000000, 
            "human": "1997-Oct-31", 
            "m": 10, 
            "platform": 7, 
            "y": 1997
        }, 
        {
            "category": 0, 
            "date": 1188432000000, 
            "human": "2007-Aug-30", 
            "m": 8, 
            "platform": 45, 
            "y": 2007
        }
    ], 
    "screenshots": [
        {
            "cloudinary_id": "f6cuxxybwn5qvh3wcfqh", 
            "height": 480, 
            "url": "//images.igdb.com/igdb/image/upload/t_thumb/f6cuxxybwn5qvh3wcfqh.jpg", 
            "width": 640
        }, 
        {
            "cloudinary_id": "tam2c561chefmfczjkbl", 
            "height": 768, 
            "url": "//images.igdb.com/igdb/image/upload/t_thumb/tam2c561chefmfczjkbl.jpg", 
            "width": 1024
        }, 
        {
            "cloudinary_id": "h2fvkwxhkzxkz2envlho", 
            "height": 480, 
            "url": "//images.igdb.com/igdb/image/upload/t_thumb/h2fvkwxhkzxkz2envlho.jpg", 
            "width": 640
        }, 
        {
            "cloudinary_id": "afmyk0blti5xwvwooa9q", 
            "height": 479, 
            "url": "//images.igdb.com/igdb/image/upload/t_thumb/afmyk0blti5xwvwooa9q.jpg", 
            "width": 639
        }, 
        {
            "cloudinary_id": "wopnns5skycsgqbkypvy", 
            "height": 481, 
            "url": "//images.igdb.com/igdb/image/upload/t_thumb/wopnns5skycsgqbkypvy.jpg", 
            "width": 637
        }
    ], 
    "slug": "crash-bandicoot-2-cortex-strikes-back", 
    "storyline": "Dr. Cortex hires Crash Bandicoot to steal 25 Crystals for him to conquer the world.", 
    "summary": "Crash Bandicoot returns in the sequel to the groundbreaking game where he has to help his enemy get crystals.", 
    "tags": [
        1, 
        17, 
        18, 
        27, 
        268435464, 
        268435487, 
        536871113, 
        536871213, 
        536871262, 
        536871306, 
        536871364, 
        536871470, 
        536871701, 
        536871882, 
        536871904, 
        536872225, 
        536872622, 
        536872898, 
        536872961, 
        536872983, 
        536873021, 
        536873027, 
        536873111, 
        536873455, 
        536874098, 
        536874398, 
        536874653, 
        536875050, 
        536875073, 
        536875074, 
        536875076, 
        536875081, 
        536875088, 
        536875095, 
        536875199, 
        536875209, 
        536875271, 
        536875283, 
        536875284, 
        536875374, 
        536875376, 
        536875389, 
        536875396, 
        536875638, 
        536875658, 
        536875672, 
        536875699, 
        536875714, 
        536875739, 
        536875789, 
        536875792, 
        536875830, 
        536875870, 
        536875902, 
        536875917, 
        536876069, 
        536876105, 
        536876120, 
        536876270, 
        536876331, 
        536876353, 
        536876357, 
        536876446, 
        536876526, 
        536876570, 
        536876757, 
        536876874, 
        536876943, 
        536876952, 
        536877038, 
        536877042, 
        536877048, 
        536877054, 
        536877058, 
        536877230, 
        536877490, 
        536877603, 
        536877713, 
        536877725, 
        536877830, 
        536878147, 
        536878192, 
        536878195, 
        536878197, 
        536878505, 
        536878567, 
        536879148, 
        536879993, 
        536880276, 
        536880441, 
        536881357, 
        536881992, 
        536882290, 
        536883451, 
        536883452, 
        536883622, 
        536883804, 
        536883852, 
        536884033, 
        536884169, 
        536884863, 
        1073741826
    ], 
    "themes": [
        1, 
        17, 
        18, 
        27
    ], 
    "total_rating": 86.82728872514501, 
    "total_rating_count": 97, 
    "updated_at": 1527533847464, 
    "url": "https://www.igdb.com/games/crash-bandicoot-2-cortex-strikes-back", 
    "videos": [
        {
            "name": "Game intro", 
            "video_id": "eq4NVclbP-0"
        }
    ], 
    "websites": [
        {
            "category": 3, 
            "url": "https://en.wikipedia.org/wiki/Crash_Bandicoot_2:_Cortex_Strikes_Back"
        }
    ]
}