{
    "alternative_names": [
        {
            "comment": "Other", 
            "name": "Rockman X4"
        }, 
        {
            "comment": "Japanese title", 
            "name": "\u30ed\u30c3\u30af\u30de\u30f3X4"
        }, 
        {
            "comment": "Chinese title", 
            "name": "\u6d1b\u514b\u4ebaX4"
        }
    ], 
    "category": 0, 
    "collection": 338, 
    "cover": {
        "cloudinary_id": "xrmxoj6k3uptqnkc5fl9", 
        "height": 1181, 
        "url": "//images.igdb.com/igdb/image/upload/t_thumb/xrmxoj6k3uptqnkc5fl9.jpg", 
        "width": 709
    }, 
    "created_at": 1352060158283, 
    "developers": [
        37
    ], 
    "esrb": {
        "rating": 3
    }, 
    "first_release_date": 870393600000, 
    "franchise": 38, 
    "franchises": [
        38
    ], 
    "game_modes": [
        1
    ], 
    "games": [
        1745, 
        1743, 
        1720, 
        1748, 
        1721, 
        1742, 
        1746, 
        1714, 
        21063, 
        55752
    ], 
    "genres": [
        5, 
        8
    ], 
    "id": 1744, 
    "keywords": [
        78, 
        129, 
        163, 
        301, 
        345, 
        386, 
        558, 
        575, 
        923, 
        943, 
        970, 
        1025, 
        1059, 
        1186, 
        1313, 
        2045, 
        2049, 
        2071, 
        2109, 
        2152, 
        2155, 
        2296, 
        3297, 
        3831, 
        4161, 
        4165, 
        4169, 
        4286, 
        4287, 
        4289, 
        4294, 
        4297, 
        4301, 
        4386, 
        4397, 
        4405, 
        4552, 
        4611, 
        4758, 
        4777, 
        4822, 
        4836, 
        4925, 
        4935, 
        4940, 
        4998, 
        5022, 
        5042, 
        5116, 
        5208, 
        5436, 
        5587, 
        5688, 
        5721, 
        5722, 
        5893, 
        5894, 
        5966, 
        6461, 
        6471, 
        6582, 
        6584, 
        6585, 
        6696, 
        8784, 
        9160, 
        9529, 
        9794, 
        10251, 
        12168, 
        14996, 
        15019
    ], 
    "name": "Mega Man X4", 
    "platforms": [
        45, 
        6, 
        32, 
        7, 
        55
    ], 
    "player_perspectives": [
        4
    ], 
    "popularity": 1.333333333333333, 
    "publishers": [
        37, 
        45
    ], 
    "pulse_count": 3, 
    "rating": 89.7976256012855, 
    "rating_count": 17, 
    "release_dates": [
        {
            "category": 0, 
            "date": 870393600000, 
            "human": "1997-Aug-01", 
            "m": 8, 
            "platform": 32, 
            "region": 5, 
            "y": 1997
        }, 
        {
            "category": 1, 
            "date": 873072000000, 
            "human": "1997-Sep", 
            "m": 9, 
            "platform": 32, 
            "region": 2, 
            "y": 1997
        }, 
        {
            "category": 0, 
            "date": 870393600000, 
            "human": "1997-Aug-01", 
            "m": 8, 
            "platform": 7, 
            "region": 5, 
            "y": 1997
        }, 
        {
            "category": 0, 
            "date": 875145600000, 
            "human": "1997-Sep-25", 
            "m": 9, 
            "platform": 7, 
            "region": 2, 
            "y": 1997
        }, 
        {
            "category": 0, 
            "date": 876700800000, 
            "human": "1997-Oct-13", 
            "m": 10, 
            "platform": 7, 
            "region": 1, 
            "y": 1997
        }, 
        {
            "category": 0, 
            "date": 912643200000, 
            "human": "1998-Dec-03", 
            "m": 12, 
            "platform": 6, 
            "region": 5, 
            "y": 1998
        }, 
        {
            "category": 2, 
            "date": 946598400000, 
            "human": "1999", 
            "m": 12, 
            "platform": 6, 
            "region": 2, 
            "y": 1999
        }, 
        {
            "category": 2, 
            "date": 946598400000, 
            "human": "1999", 
            "m": 12, 
            "platform": 6, 
            "region": 1, 
            "y": 1999
        }, 
        {
            "category": 0, 
            "date": 1324771200000, 
            "human": "2011-Dec-25", 
            "m": 12, 
            "platform": 55, 
            "region": 5, 
            "y": 2011
        }, 
        {
            "category": 0, 
            "date": 1418774400000, 
            "human": "2014-Dec-17", 
            "m": 12, 
            "platform": 45, 
            "region": 5, 
            "y": 2014
        }, 
        {
            "category": 0, 
            "date": 1409616000000, 
            "human": "2014-Sep-02", 
            "m": 9, 
            "platform": 45, 
            "region": 2, 
            "y": 2014
        }
    ], 
    "screenshots": [
        {
            "cloudinary_id": "otwkfq81plhqasqyumzn", 
            "height": 500, 
            "url": "//images.igdb.com/igdb/image/upload/t_thumb/otwkfq81plhqasqyumzn.jpg", 
            "width": 800
        }, 
        {
            "cloudinary_id": "vcxf2kabsok71doosx0n", 
            "height": 1080, 
            "url": "//images.igdb.com/igdb/image/upload/t_thumb/vcxf2kabsok71doosx0n.jpg", 
            "width": 1920
        }
    ], 
    "slug": "mega-man-x4", 
    "summary": "X-PLOSIVE GAMEPLAY. \nX-TREME GRAPHICS. \nMEGA MAN X4! \n \nVibrant Animation \u2022 Relentless Enemies \nUnsurpassed Graphics \u2022 Hidden Secrets \nMega Man X4 bombards the PlayStation game console and never lets up! \n \nBattle armies of Maverick Reploid Robots while mastering all-new strategic moves like the Air Hover and Zero's Saber Tactic system. Discover a myriad of power-ups, secret rooms, extra weapons and invincible vehicles to take on 8 all new X-Hunter Bosses. And for the first time, play as Mega Man X or battle with his mighty partner Zero in 2 separate adventures. Mega Man X4 - now you can be a hero, or a Zero! \n \n* Now, play as Mega Man X or Zero! \n* New X-Hunter levels with vivid color, brilliant detail, intricate passages, secret rooms and hard-to-reach items \n* Invincible vehicles like the Land Chaser superbike and other robot ride armors", 
    "tags": [
        1, 
        18, 
        268435461, 
        268435464, 
        536870990, 
        536871041, 
        536871075, 
        536871213, 
        536871257, 
        536871298, 
        536871470, 
        536871487, 
        536871835, 
        536871855, 
        536871882, 
        536871937, 
        536871971, 
        536872098, 
        536872225, 
        536872957, 
        536872961, 
        536872983, 
        536873021, 
        536873064, 
        536873067, 
        536873208, 
        536874209, 
        536874743, 
        536875073, 
        536875077, 
        536875081, 
        536875198, 
        536875199, 
        536875201, 
        536875206, 
        536875209, 
        536875213, 
        536875298, 
        536875309, 
        536875317, 
        536875464, 
        536875523, 
        536875670, 
        536875689, 
        536875734, 
        536875748, 
        536875837, 
        536875847, 
        536875852, 
        536875910, 
        536875934, 
        536875954, 
        536876028, 
        536876120, 
        536876348, 
        536876499, 
        536876600, 
        536876633, 
        536876634, 
        536876805, 
        536876806, 
        536876878, 
        536877373, 
        536877383, 
        536877494, 
        536877496, 
        536877497, 
        536877608, 
        536879696, 
        536880072, 
        536880441, 
        536880706, 
        536881163, 
        536883080, 
        536885908, 
        536885931, 
        1073741828
    ], 
    "themes": [
        1, 
        18
    ], 
    "total_rating": 89.7976256012855,