{
    "aggregated_rating": 90.0, 
    "aggregated_rating_count": 1, 
    "category": 0, 
    "collection": 668, 
    "cover": {
        "cloudinary_id": "spzvqclsvxy3kwvccslb", 
        "height": 640, 
        "url": "//images.igdb.com/igdb/image/upload/t_thumb/spzvqclsvxy3kwvccslb.jpg", 
        "width": 538
    }, 
    "created_at": 1390540197888, 
    "developers": [
        2024
    ], 
    "esrb": {
        "rating": 5
    }, 
    "first_release_date": 917740800000, 
    "game_modes": [
        1
    ], 
    "games": [
        748, 
        19441, 
        1985, 
        28204, 
        529, 
        4116, 
        2031, 
        26401, 
        316, 
        539
    ], 
    "genres": [
        5
    ], 
    "id": 4115, 
    "keywords": [
        1, 
        129, 
        132, 
        159, 
        879, 
        1025, 
        1219, 
        1440, 
        1669, 
        2109, 
        3486, 
        3831, 
        4147, 
        4186, 
        4240, 
        4242, 
        4244, 
        4246, 
        4259, 
        4287, 
        4337, 
        4350, 
        4372, 
        4389, 
        4446, 
        4525, 
        4571, 
        4576, 
        4611, 
        4613, 
        4660, 
        4712, 
        4713, 
        4726, 
        4730, 
        4737, 
        4777, 
        4779, 
        4829, 
        4831, 
        4843, 
        4875, 
        4885, 
        4892, 
        4906, 
        4910, 
        5029, 
        5307, 
        5309, 
        5328, 
        5350, 
        5453, 
        5466, 
        5542, 
        5775, 
        5813, 
        5941, 
        5999, 
        6005, 
        6352, 
        6356, 
        6397, 
        6400, 
        6407, 
        6582, 
        6624, 
        6625, 
        6635, 
        6692, 
        6693, 
        6850, 
        6890, 
        6895, 
        7038, 
        7056, 
        7092, 
        7350, 
        9154, 
        9529, 
        9698, 
        9727, 
        10133, 
        10211, 
        10288, 
        10321, 
        11091, 
        11345, 
        11463, 
        11966, 
        13120, 
        13951, 
        14044
    ], 
    "name": "Syphon Filter", 
    "platforms": [
        9, 
        7, 
        38
    ], 
    "player_perspectives": [
        2
    ], 
    "popularity": 1.333333333333333, 
    "publishers": [
        241
    ], 
    "pulse_count": 1, 
    "rating": 76.69779498186111, 
    "rating_count": 28, 
    "release_dates": [
        {
            "category": 0, 
            "date": 928886400000, 
            "human": "1999-Jun-09", 
            "m": 6, 
            "platform": 7, 
            "region": 1, 
            "y": 1999
        }, 
        {
            "category": 0, 
            "date": 917740800000, 
            "human": "1999-Jan-31", 
            "m": 1, 
            "platform": 7, 
            "region": 2, 
            "y": 1999
        }, 
        {
            "category": 0, 
            "date": 934416000000, 
            "human": "1999-Aug-12", 
            "m": 8, 
            "platform": 7, 
            "y": 1999
        }, 
        {
            "category": 0, 
            "date": 1165190400000, 
            "human": "2006-Dec-04", 
            "m": 12, 
            "platform": 38, 
            "y": 2006
        }, 
        {
            "category": 0, 
            "date": 1178150400000, 
            "human": "2007-May-03", 
            "m": 5, 
            "platform": 9, 
            "y": 2007
        }
    ], 
    "screenshots": [
        {
            "cloudinary_id": "rfnuz5zbjzccpurzmrwm", 
            "height": 601, 
            "url": "//images.igdb.com/igdb/image/upload/t_thumb/rfnuz5zbjzccpurzmrwm.jpg", 
            "width": 801
        }, 
        {
            "cloudinary_id": "ridu3mopopndoh6tlmta", 
            "height": 478, 
            "url": "//images.igdb.com/igdb/image/upload/t_thumb/ridu3mopopndoh6tlmta.jpg", 
            "width": 634
        }
    ], 
    "slug": "syphon-filter", 
    "storyline": "Gabriel Logan and Lian Xing are operatives of The Agency, on the trail of Erich Rhoemer, an international terrorist. In August of 1999, Agent Ellis attempted to infiltrate Rhoemer's narcotics operation in Gu\u00e1cimo, Costa Rica, but was discovered and executed by ex-KGB agent Mara Aramov. Rhoemer then ordered Anton Girdeux, a French mercenary, to burn down the plantation to hide the evidence of their Syphon Filter research.\n\nIn Washington, D.C., Edward Benton, the Agency Deputy Director, is briefing Logan's mission to Agency Director Thomas Markinson and a shadowy, unnamed figure. Several weeks later, Gabe and Lian investigate a mysterious viral outbreak in the Himalayas, which leaves only a single survivor. (Lian describes this as impossible.)\n\nThe game begins one month after the events in Costa Rica. Rhoemer and his terrorists have launched an assault on Washington, D.C. Gabe defeats Pavel Kravitch, Rhoemer's communications expert, which allows him to gain entry to the Washington Metro. Once inside, an explosive goes off leaving Gabe trapped underground. He pursues Aramov, catching her in the tunnels before heading to a nearby park to aid in the defusing of several viral bombs, where he learns that Aramov has escaped custody. Making his way to the Freedom Memorial, Gabe takes on and defeats Jorge Marcos, Rhoemer's trigger man, before he incinerates Girdeaux.\n\nLab results show that Syphon Filter is a deadly next-generation biological weapon, capable of targeting specific demographics. Jonathan Phagan, PHARCOM's CEO and founder, attends a gala at his new Expo Center Museum in New York City, where he is taken captive by Aramov and Benton is revealed as a double agent. Gabe kills Benton and frees Phagan, but Aramov, who is captured, again escapes custody.\n\nGabe goes to Rhoemer's secret base in Rozova, Kazakhstan. He kills Rhoemer's commander Vladislav Gabrek and destroys the base, but Lian is taken captive and presumably killed by Rhoemer.\n\nGabe is then sent to infiltrate Rhoemer's stronghold in Uzhhorod, Ukraine, which is an abandoned cathedral. Injecting viral patients with what he is convinced is an antidote, Gabe descends deeper into the cathedral to rescue Lian; who explains that there is no 'global' antidote for the virus. They also find Phagan, who is later killed by Aramov. She decides to help Gabe and Lian, since she has nowhere else to go.\n\nGabe then infiltrates the PHARCOM warehouses in Almaty, Kazakhstan, where PHARCOM security is battling Rhoemer's men. Gabe learns that Markinson, who had been secretly negotiating with Rhoemer to obtain Syphon Filter for the Agency, had made Gabe inject the patients with potassium chloride. Rhoemer reveals he has captured a Soviet-era nuclear ICBM. Rhoemer shoots Markinson and starts the launch sequence for the missile. Gabe cannot prevent it from launching, so his only hope is to initiate its self-destruct sequence once it is in the upper atmosphere. Gabe successfully destroys the missile. Rhoemer, furious at Logan's interference, engages him in a final showdown. Gabe is able to kill him and avert World War III.\n\nIn a post-credits scene, the shadowy figure from the beginning of the game is holding a sample of Syphon Filter inside the Agency's headquarters with Aramov, who is laughing.", 
    "summary": "Syphon Filter is a third-person shooter video game for the PlayStation released in 1999. It is the first game in the Syphon Filter series. It was re-released on December 4, 2006, on the PlayStation Network for use on the PSP. In March 2011, it was released for Android, exclusively for Sony's XPERIA Play device.",