{
    "aggregated_rating": 90.0, 
    "aggregated_rating_count": 1, 
    "category": 0, 
    "cover": {
        "cloudinary_id": "sjbc5ruv9w2rnbxokgex", 
        "height": 500, 
        "url": "//images.igdb.com/igdb/image/upload/t_thumb/sjbc5ruv9w2rnbxokgex.jpg", 
        "width": 394
    }, 
    "created_at": 1420541318406, 
    "developers": [
        4443
    ], 
    "esrb": {
        "rating": 6
    }, 
    "external": {
        "steam": "243060"
    }, 
    "first_release_date": 943920000000, 
    "game_modes": [
        1
    ], 
    "games": [
        19441, 
        27789, 
        11156, 
        25300, 
        536, 
        5503, 
        11567, 
        1009, 
        7329, 
        26401
    ], 
    "genres": [
        5, 
        8, 
        25, 
        31
    ], 
    "id": 8469, 
    "keywords": [
        21, 
        61, 
        72, 
        221, 
        467, 
        889, 
        897, 
        962, 
        970, 
        977, 
        982, 
        1025, 
        1033, 
        1158, 
        1373, 
        1440, 
        1459, 
        1669, 
        1710, 
        1783, 
        2049, 
        2109, 
        2280, 
        2537, 
        3035, 
        4144, 
        4145, 
        4161, 
        4183, 
        4242, 
        4246, 
        4305, 
        4317, 
        4345, 
        4351, 
        4359, 
        4450, 
        4508, 
        4525, 
        4571, 
        4582, 
        4590, 
        4619, 
        4624, 
        4633, 
        4637, 
        4652, 
        4658, 
        4660, 
        4662, 
        4711, 
        4738, 
        4776, 
        4843, 
        4852, 
        4880, 
        4891, 
        4904, 
        4927, 
        4956, 
        5020, 
        5269, 
        5444, 
        5500, 
        5608, 
        5758, 
        5775, 
        5921, 
        6235, 
        6589, 
        6590, 
        6711, 
        7173, 
        7321, 
        7578, 
        8319, 
        8894, 
        9070, 
        9799, 
        10368, 
        11083, 
        11085
    ], 
    "name": "Urban Chaos", 
    "pegi": {
        "rating": 5, 
        "synopsis": "The content of this game is suitable for persons aged 18 years and over only.\nIt contains: Multiple, motiveless killing."
    }, 
    "platforms": [
        45, 
        6, 
        7, 
        23
    ], 
    "player_perspectives": [
        2
    ], 
    "popularity": 1.333333333333333, 
    "publishers": [
        4, 
        26
    ], 
    "rating": 74.9403467582272, 
    "rating_count": 6, 
    "release_dates": [
        {
            "category": 0, 
            "date": 943920000000, 
            "human": "1999-Nov-30", 
            "m": 11, 
            "platform": 6, 
            "region": 2, 
            "y": 1999
        }, 
        {
            "category": 0, 
            "date": 944784000000, 
            "human": "1999-Dec-10", 
            "m": 12, 
            "platform": 6, 
            "region": 1, 
            "y": 1999
        }, 
        {
            "category": 0, 
            "date": 1346457600000, 
            "human": "2012-Sep-01", 
            "m": 9, 
            "platform": 6, 
            "region": 8, 
            "y": 2012
        }, 
        {
            "category": 0, 
            "date": 954460800000, 
            "human": "2000-Mar-31", 
            "m": 3, 
            "platform": 7, 
            "region": 2, 
            "y": 2000
        }, 
        {
            "category": 2, 
            "date": 978220800000, 
            "human": "2000", 
            "m": 12, 
            "platform": 7, 
            "region": 1, 
            "y": 2000
        }, 
        {
            "category": 0, 
            "date": 970790400000, 
            "human": "2000-Oct-06", 
            "m": 10, 
            "platform": 23, 
            "region": 1, 
            "y": 2000
        }, 
        {
            "category": 0, 
            "date": 974073600000, 
            "human": "2000-Nov-13", 
            "m": 11, 
            "platform": 23, 
            "region": 2, 
            "y": 2000
        }, 
        {
            "category": 0, 
            "date": 1345593600000, 
            "human": "2012-Aug-22", 
            "m": 8, 
            "platform": 45, 
            "region": 1, 
            "y": 2012
        }
    ], 
    "screenshots": [
        {
            "cloudinary_id": "prevcorwzybgvmbgbu7o", 
            "height": 768, 
            "url": "//images.igdb.com/igdb/image/upload/t_thumb/prevcorwzybgvmbgbu7o.jpg", 
            "width": 1024
        }, 
        {
            "cloudinary_id": "dplstboie5qompblkcng", 
            "height": 768, 
            "url": "//images.igdb.com/igdb/image/upload/t_thumb/dplstboie5qompblkcng.jpg", 
            "width": 1024
        }, 
        {
            "cloudinary_id": "vsnbuagjousv03hu95uc", 
            "height": 768, 
            "url": "//images.igdb.com/igdb/image/upload/t_thumb/vsnbuagjousv03hu95uc.jpg", 
            "width": 1024
        }, 
        {
            "cloudinary_id": "elhdx4lm5oi0lwwlun8m", 
            "height": 768, 
            "url": "//images.igdb.com/igdb/image/upload/t_thumb/elhdx4lm5oi0lwwlun8m.jpg", 
            "width": 1024
        }, 
        {
            "cloudinary_id": "xjztlogca0jsreu5prr2", 
            "height": 768, 
            "url": "//images.igdb.com/igdb/image/upload/t_thumb/xjztlogca0jsreu5prr2.jpg", 
            "width": 1024
        }
    ], 
    "slug": "urban-chaos", 
    "summary": "Urban Chaos throws you into the heart of a modern urban jungle at the turn of the millenium. \nTo succeed you'll need a lethal combination of stealth, physical agility and martial art skills as you interact with the city around you. \nComplete freedom to explore every areas is granted and this freedom extends to gameplay - the future is in your hands as you are drawn into an underlying plot featuring a mysterious cult who are intent on evil at this unpredictable and potentially menacing millenium period.Key Features:2 playable main characters: D'arci Stern, an agile, street-savvy female cop or Roger McIntyre, a mysterious ex-soldier.\nMultiple modes of combat. Engage in hand-to-hand fighting, heavy weaponry face-offs, vehicle chases and intense shoot-outs.\nCommand a variety of vehicles. Take control of police cars, vans and other vehicles.",