{
    "aggregated_rating": 50.0, 
    "aggregated_rating_count": 1, 
    "alternative_names": [
        {
            "comment": "Other", 
            "name": "DKR"
        }, 
        {
            "name": "Diddy Kong Racing"
        }
    ], 
    "category": 0, 
    "collection": 242, 
    "cover": {
        "cloudinary_id": "kdr8gmm2lppbi2auxjk2", 
        "height": 219, 
        "url": "//images.igdb.com/igdb/image/upload/t_thumb/kdr8gmm2lppbi2auxjk2.jpg", 
        "width": 300
    }, 
    "created_at": 1374717022614, 
    "developers": [
        771
    ], 
    "esrb": {
        "rating": 3, 
        "synopsis": ""
    }, 
    "first_release_date": 880329600000, 
    "game_modes": [
        1, 
        2, 
        4
    ], 
    "games": [
        20650, 
        2342, 
        2332, 
        1192, 
        2345, 
        1352, 
        11198, 
        97, 
        3408, 
        1193
    ], 
    "genres": [
        10, 
        31
    ], 
    "id": 2723, 
    "keywords": [
        25, 
        280, 
        296, 
        992, 
        1046, 
        1075, 
        1098, 
        1614, 
        1710, 
        1739, 
        1744, 
        2152, 
        2184, 
        2841, 
        3627, 
        3833, 
        4157, 
        4162, 
        4166, 
        4170, 
        4176, 
        4188, 
        4210, 
        4216, 
        4218, 
        4324, 
        4529, 
        4577, 
        4657, 
        4678, 
        4727, 
        4795, 
        4803, 
        4886, 
        4959, 
        4991, 
        4994, 
        5022, 
        5043, 
        5193, 
        5196, 
        5302, 
        5339, 
        5423, 
        5445, 
        5503, 
        5507, 
        5534, 
        5558, 
        5614, 
        5786, 
        5876, 
        6015, 
        6125, 
        6130, 
        6185, 
        6512, 
        6672, 
        6765, 
        6801, 
        7026, 
        7531, 
        7576, 
        7633, 
        9135, 
        9503, 
        9529, 
        9942, 
        10164, 
        11098, 
        11378, 
        12170, 
        12710, 
        13118, 
        14610, 
        15255
    ], 
    "name": "Diddy Kong Racing", 
    "platforms": [
        4
    ], 
    "player_perspectives": [
        2, 
        3
    ], 
    "popularity": 1.333333333333333, 
    "publishers": [
        70
    ], 
    "pulse_count": 1, 
    "rating": 74.6645878003223, 
    "rating_count": 44, 
    "release_dates": [
        {
            "category": 0, 
            "date": 880329600000, 
            "human": "1997-Nov-24", 
            "m": 11, 
            "platform": 4, 
            "y": 1997
        }
    ], 
    "screenshots": [
        {
            "cloudinary_id": "vfjfqqthj46zrzjlz1yy", 
            "height": 240, 
            "url": "//images.igdb.com/igdb/image/upload/t_thumb/vfjfqqthj46zrzjlz1yy.jpg", 
            "width": 319
        }, 
        {
            "cloudinary_id": "hujnqjyx2agtenhtogt2", 
            "height": 240, 
            "url": "//images.igdb.com/igdb/image/upload/t_thumb/hujnqjyx2agtenhtogt2.jpg", 
            "width": 320
        }, 
        {
            "cloudinary_id": "cqsrpbdedv239yhwl0u8", 
            "height": 240, 
            "url": "//images.igdb.com/igdb/image/upload/t_thumb/cqsrpbdedv239yhwl0u8.jpg", 
            "width": 320
        }, 
        {
            "cloudinary_id": "ofn0atmgufamjvl0yc7m", 
            "height": 240, 
            "url": "//images.igdb.com/igdb/image/upload/t_thumb/ofn0atmgufamjvl0yc7m.jpg", 
            "width": 320
        }, 
        {
            "cloudinary_id": "i4lx3vxnf3ac8iyii9wj", 
            "height": 240, 
            "url": "//images.igdb.com/igdb/image/upload/t_thumb/i4lx3vxnf3ac8iyii9wj.jpg", 
            "width": 318
        }, 
        {
            "cloudinary_id": "rzcpu6bfx0tmfrp0fguf", 
            "height": 240, 
            "url": "//images.igdb.com/igdb/image/upload/t_thumb/rzcpu6bfx0tmfrp0fguf.jpg", 
            "width": 320
        }, 
        {
            "cloudinary_id": "aifkdrld3mwd2tawpoqx", 
            "height": 240, 
            "url": "//images.igdb.com/igdb/image/upload/t_thumb/aifkdrld3mwd2tawpoqx.jpg", 
            "width": 319
        }, 
        {
            "cloudinary_id": "hzifqlfm6g96txm3k7a8", 
            "height": 891, 
            "url": "//images.igdb.com/igdb/image/upload/t_thumb/hzifqlfm6g96txm3k7a8.jpg", 
            "width": 1193
        }, 
        {
            "cloudinary_id": "yk2z1eepcnf5vujn1oxr", 
            "height": 887, 
            "url": "//images.igdb.com/igdb/image/upload/t_thumb/yk2z1eepcnf5vujn1oxr.jpg", 
            "width": 1193
        }, 
        {
            "cloudinary_id": "kqrtbtq6lau6fka3gwgf", 
            "height": 893, 
            "url": "//images.igdb.com/igdb/image/upload/t_thumb/kqrtbtq6lau6fka3gwgf.jpg", 
            "width": 1197
        }, 
        {
            "cloudinary_id": "dggsgtcnioealj73tt8t", 
            "height": 891, 
            "url": "//images.igdb.com/igdb/image/upload/t_thumb/dggsgtcnioealj73tt8t.jpg", 
            "width": 1191
        }, 
        {
            "cloudinary_id": "mvvsncokrtutkl8rsbfz", 
            "height": 895, 
            "url": "//images.igdb.com/igdb/image/upload/t_thumb/mvvsncokrtutkl8rsbfz.jpg", 
            "width": 1197
        }
    ], 
    "slug": "diddy-kong-racing", 
    "storyline": "Timber the Tiger's parents picked a fine time to go on vacation. When they come back they're going to be faced with an island trashed by the spiteful space bully Wizpig - unless the local animals can do something about it! So join Diddy Kong as he teams up with Timber the Tiger Pipsy the Mouse and Taj the Genie in an epic racing adventure unlike anything you've ever experienced before! This unique game blends adventure and racing like no other game! Roam anywhere you want on the island by car plane or hovercraft! An enormous amount of single-player and multi-player modes! Feel the action when you use the N64 Rumble Pak and save your times on the N64 Controller Pak!", 
    "summary": "Kart racing game featuring planes, hovercraft, and cars.", 
    "tags": [
        268435466, 
        268435487, 
        536870937, 
        536871192, 
        536871208, 
        536871904, 
        536871958, 
        536871987, 
        536872010, 
        536872526, 
        536872622, 
        536872651, 
        536872656, 
        536873064, 
        536873096, 
        536873753, 
        536874539, 
        536874745, 
        536875069, 
        536875074, 
        536875078, 
        536875082, 
        536875088, 
        536875100, 
        536875122, 
        536875128, 
        536875130, 
        536875236, 
        536875441, 
        536875489, 
        536875569, 
        536875590, 
        536875639, 
        536875707, 
        536875715, 
        536875798, 
        536875871, 
        536875903, 
        536875906, 
        536875934, 
        536875955, 
        536876105, 
        536876108, 
        536876214, 
        536876251, 
        536876335, 
        536876357, 
        536876415, 
        536876419, 
        536876446, 
        536876470, 
        536876526, 
        536876698, 
        536876788, 
        536876927, 
        536877037, 
        536877042, 
        536877097, 
        536877424, 
        536877584, 
        536877677, 
        536877713, 
        536877938, 
        536878443, 
        536878488, 
        536878545, 
        536880047, 
        536880415, 
        536880441, 
        536880854, 
        536881076, 
        536882010, 
        536882290, 
        536883082, 
        536883622, 
        536884030, 
        536885522, 
        536886167, 
        1073741826, 
        1073741827
    ], 
    "total_rating": 62.33229390016115, 
    "total_rating_count": 45, 
    "updated_at": 1527698409223, 
    "url": "https://www.igdb.com/games/diddy-kong-racing", 
    "videos": [
        {
            "name": "Trailer",