{
    "alternative_names": [
        {
            "comment": "Other", 
            "name": "Bare Knuckle III (Japan)"
        }, 
        {
            "name": "Bare Knuckle 3"
        }
    ], 
    "category": 0, 
    "collection": 327, 
    "cover": {
        "cloudinary_id": "jzv6vn5ks4kgwmvaf6fb", 
        "height": 899, 
        "url": "//images.igdb.com/igdb/image/upload/t_thumb/jzv6vn5ks4kgwmvaf6fb.jpg", 
        "width": 640
    }, 
    "created_at": 1351290555479, 
    "developers": [
        112
    ], 
    "external": {
        "steam": "211206"
    }, 
    "first_release_date": 763948800000, 
    "franchise": 833, 
    "franchises": [
        833
    ], 
    "game_modes": [
        1, 
        3
    ], 
    "games": [
        1652, 
        1653, 
        7364, 
        7329, 
        1655, 
        14697, 
        6790, 
        1657, 
        26401, 
        1656
    ], 
    "genres": [
        4, 
        25
    ], 
    "id": 1654, 
    "keywords": [
        57, 
        61, 
        103, 
        164, 
        253, 
        558, 
        575, 
        651, 
        970, 
        977, 
        982, 
        1059, 
        1097, 
        1186, 
        1313, 
        1345, 
        1950, 
        2118, 
        3833, 
        4145, 
        4161, 
        4179, 
        4182, 
        4184, 
        4286, 
        4350, 
        4369, 
        4374, 
        4447, 
        4449, 
        4494, 
        4508, 
        4522, 
        4541, 
        4566, 
        4611, 
        4658, 
        4678, 
        4698, 
        4743, 
        4819, 
        4855, 
        4891, 
        4959, 
        4996, 
        5022, 
        5030, 
        5154, 
        5354, 
        5578, 
        5694, 
        5920, 
        5923, 
        6070, 
        6077, 
        6151, 
        6152, 
        6308, 
        6325, 
        6368, 
        6381, 
        6457, 
        6468, 
        6494, 
        6711, 
        7195, 
        7299, 
        7475, 
        7593, 
        8845, 
        8969, 
        9130, 
        9223, 
        9340, 
        10488, 
        12499, 
        12758
    ], 
    "name": "Streets of Rage 3", 
    "pegi": {
        "rating": 3
    }, 
    "platforms": [
        29, 
        5
    ], 
    "player_perspectives": [
        4
    ], 
    "popularity": 1.666666666666667, 
    "publishers": [
        112
    ], 
    "rating": 80.86976957640721, 
    "rating_count": 20, 
    "release_dates": [
        {
            "category": 0, 
            "date": 1191283200000, 
            "human": "2007-Oct-02", 
            "m": 10, 
            "platform": 5, 
            "region": 5, 
            "y": 2007
        }, 
        {
            "category": 0, 
            "date": 1191542400000, 
            "human": "2007-Oct-05", 
            "m": 10, 
            "platform": 5, 
            "region": 1, 
            "y": 2007
        }, 
        {
            "category": 0, 
            "date": 1190592000000, 
            "human": "2007-Sep-24", 
            "m": 9, 
            "platform": 5, 
            "region": 2, 
            "y": 2007
        }, 
        {
            "category": 0, 
            "date": 763948800000, 
            "human": "1994-Mar-18", 
            "m": 3, 
            "platform": 29, 
            "y": 1994
        }
    ], 
    "screenshots": [
        {
            "cloudinary_id": "yugtxki5co4fkxzglb75", 
            "height": 224, 
            "url": "//images.igdb.com/igdb/image/upload/t_thumb/yugtxki5co4fkxzglb75.jpg", 
            "width": 320
        }, 
        {
            "cloudinary_id": "lduwansqsrfnd4kruhsh", 
            "height": 224, 
            "url": "//images.igdb.com/igdb/image/upload/t_thumb/lduwansqsrfnd4kruhsh.jpg", 
            "width": 320
        }, 
        {
            "cloudinary_id": "vjma4eruqwwmm4gxcuhd", 
            "height": 224, 
            "url": "//images.igdb.com/igdb/image/upload/t_thumb/vjma4eruqwwmm4gxcuhd.jpg", 
            "width": 320
        }, 
        {
            "cloudinary_id": "djwstzufgqg36eruqmd9", 
            "height": 224, 
            "url": "//images.igdb.com/igdb/image/upload/t_thumb/djwstzufgqg36eruqmd9.jpg", 
            "width": 320
        }, 
        {
            "cloudinary_id": "hs7vyikg0s5cu2ob8auo", 
            "height": 224, 
            "url": "//images.igdb.com/igdb/image/upload/t_thumb/hs7vyikg0s5cu2ob8auo.jpg", 
            "width": 320
        }, 
        {
            "cloudinary_id": "rcrt9ms5kqxc0m0vapm9", 
            "height": 224, 
            "url": "//images.igdb.com/igdb/image/upload/t_thumb/rcrt9ms5kqxc0m0vapm9.jpg", 
            "width": 320
        }, 
        {
            "cloudinary_id": "d2wziigl38eayn8bpj4p", 
            "height": 480, 
            "url": "//images.igdb.com/igdb/image/upload/t_thumb/d2wziigl38eayn8bpj4p.jpg", 
            "width": 640
        }, 
        {
            "cloudinary_id": "zldiviawmy6nfwatkl09", 
            "height": 480, 
            "url": "//images.igdb.com/igdb/image/upload/t_thumb/zldiviawmy6nfwatkl09.jpg", 
            "width": 640
        }, 
        {
            "cloudinary_id": "pdjvqza8gk46hsmvzfjy", 
            "height": 480, 
            "url": "//images.igdb.com/igdb/image/upload/t_thumb/pdjvqza8gk46hsmvzfjy.jpg", 
            "width": 640
        }, 
        {
            "cloudinary_id": "an3falbilv89ndr7z6qz", 
            "height": 480, 
            "url": "//images.igdb.com/igdb/image/upload/t_thumb/an3falbilv89ndr7z6qz.jpg", 
            "width": 640
        }, 
        {
            "cloudinary_id": "r1dhvnmc4zbazyndatu8", 
            "height": 480, 
            "url": "//images.igdb.com/igdb/image/upload/t_thumb/r1dhvnmc4zbazyndatu8.jpg", 
            "width": 640
        }
    ], 
    "slug": "streets-of-rage-3", 
    "summary": "The mysterious crime boss Mr. X has enlisted the help of Dr. Dahm in creating lifelike robots to replace key city officials, and soon will be able to run the entire city by remote control. Strategically placed bombs are being used to distract the city police while Mr. X deals with the city leaders one by one.", 
    "tags": [
        1, 
        18, 
        268435460, 
        268435481, 
        536870969, 
        536870973, 
        536871015, 
        536871076, 
        536871165, 
        536871470, 
        536871487, 
        536871563, 
        536871882, 
        536871889, 
        536871894, 
        536871971, 
        536872009, 
        536872098, 
        536872225, 
        536872257, 
        536872862, 
        536873030, 
        536874745, 
        536875057, 
        536875073, 
        536875091, 
        536875094, 
        536875096, 
        536875198, 
        536875262, 
        536875281, 
        536875286, 
        536875359, 
        536875361, 
        536875406, 
        536875420, 
        536875434, 
        536875453, 
        536875478, 
        536875523, 
        536875570, 
        536875590, 
        536875610, 
        536875655, 
        536875731, 
        536875767, 
        536875803, 
        536875871, 
        536875908, 
        536875934, 
        536875942, 
        536876066, 
        536876266, 
        536876490, 
        536876606, 
        536876832, 
        536876835, 
        536876982, 
        536876989, 
        536877063, 
        536877064, 
        536877220, 
        536877237, 
        536877280, 
        536877293, 
        536877369, 
        536877380, 
        536877406, 
        536877623, 
        536878107, 
        536878211, 
        536878387, 
        536878505, 
        536879757, 
        536879881, 
        536880042, 
        536880135, 
        536880252, 
        536881400, 
        536883411, 
        536883670, 
        1073741828
    ], 
    "themes": [
        1, 
        18
    ], 
    "total_rating": 80.86976957640721, 
    "total_rating_count": 20, 
    "updated_at": 1523272250469,