{
    "alternative_names": [
        {
            "comment": "Other", 
            "name": "Tales of the Unknown: Volume I - The Bard's Tale"
        }, 
        {
            "name": "The Bard's Tale"
        }
    ], 
    "category": 0, 
    "collection": 629, 
    "cover": {
        "cloudinary_id": "naldhheigngcltvfrzy7", 
        "height": 637, 
        "url": "//images.igdb.com/igdb/image/upload/t_thumb/naldhheigngcltvfrzy7.jpg", 
        "width": 651
    }, 
    "created_at": 1384093782079, 
    "developers": [
        903
    ], 
    "esrb": {
        "rating": 5
    }, 
    "first_release_date": 504835200000, 
    "franchise": 556, 
    "franchises": [
        556
    ], 
    "game_modes": [
        1
    ], 
    "games": [
        1593, 
        6, 
        76, 
        5082, 
        18822, 
        216, 
        1081, 
        6452, 
        23198, 
        1942
    ], 
    "genres": [
        12, 
        31
    ], 
    "id": 3141, 
    "keywords": [
        16, 
        96, 
        147, 
        164, 
        211, 
        226, 
        227, 
        253, 
        296, 
        301, 
        332, 
        415, 
        592, 
        720, 
        1026, 
        1032, 
        1320, 
        1513, 
        1735, 
        2041, 
        2066, 
        2154, 
        2439, 
        2472, 
        2488, 
        2806, 
        3002, 
        3037, 
        4099, 
        4130, 
        4235, 
        4257, 
        4284, 
        4353, 
        4392, 
        4399, 
        4404, 
        4407, 
        4460, 
        4468, 
        4486, 
        4552, 
        4619, 
        4702, 
        4891, 
        5095, 
        5098, 
        5124, 
        5686, 
        5700, 
        5818, 
        6000, 
        6074, 
        6085, 
        6116, 
        6510, 
        6511, 
        6541, 
        6642, 
        6656, 
        6681, 
        6683, 
        6688, 
        6705, 
        6854, 
        6909, 
        7133, 
        7160, 
        7161, 
        7246, 
        7437, 
        7619, 
        8842, 
        8986, 
        11487, 
        12147
    ], 
    "name": "Tales of the Unknown: Volume I - The Bard's Tale", 
    "platforms": [
        63, 
        115, 
        14, 
        13, 
        16, 
        75, 
        15, 
        26, 
        25, 
        18
    ], 
    "player_perspectives": [
        1
    ], 
    "popularity": 1.666666666666667, 
    "publishers": [
        1, 
        2379
    ], 
    "rating": 87.5927922294442, 
    "rating_count": 4, 
    "release_dates": [
        {
            "category": 0, 
            "date": 661737600000, 
            "human": "1990-Dec-21", 
            "m": 12, 
            "platform": 18, 
            "region": 5, 
            "y": 1990
        }, 
        {
            "category": 2, 
            "date": 504835200000, 
            "human": "1985", 
            "m": 12, 
            "platform": 75, 
            "region": 2, 
            "y": 1985
        }, 
        {
            "category": 2, 
            "date": 567907200000, 
            "human": "1987", 
            "m": 12, 
            "platform": 63, 
            "region": 2, 
            "y": 1987
        }, 
        {
            "category": 2, 
            "date": 536371200000, 
            "human": "1986", 
            "m": 12, 
            "platform": 15, 
            "region": 2, 
            "y": 1986
        }, 
        {
            "category": 2, 
            "date": 631065600000, 
            "human": "1989", 
            "m": 12, 
            "platform": 14, 
            "region": 2, 
            "y": 1989
        }, 
        {
            "category": 2, 
            "date": 567907200000, 
            "human": "1987", 
            "m": 12, 
            "platform": 13, 
            "region": 2, 
            "y": 1987
        }, 
        {
            "category": 2, 
            "date": 599529600000, 
            "human": "1988", 
            "m": 12, 
            "platform": 26, 
            "region": 1, 
            "y": 1988
        }, 
        {
            "category": 2, 
            "date": 536371200000, 
            "human": "1986", 
            "m": 12, 
            "platform": 16, 
            "region": 2, 
            "y": 1986
        }, 
        {
            "category": 2, 
            "date": 567907200000, 
            "human": "1987", 
            "m": 12, 
            "platform": 115, 
            "region": 2, 
            "y": 1987
        }, 
        {
            "category": 2, 
            "date": 599529600000, 
            "human": "1988", 
            "m": 12, 
            "platform": 25, 
            "region": 1, 
            "y": 1988
        }
    ], 
    "screenshots": [
        {
            "cloudinary_id": "js5mgcl8neemfan2y5es", 
            "height": 360, 
            "url": "//images.igdb.com/igdb/image/upload/t_thumb/js5mgcl8neemfan2y5es.jpg", 
            "width": 480
        }, 
        {
            "cloudinary_id": "krbxsdxzshdpjy7zcnu3", 
            "height": 400, 
            "url": "//images.igdb.com/igdb/image/upload/t_thumb/krbxsdxzshdpjy7zcnu3.jpg", 
            "width": 640
        }, 
        {
            "cloudinary_id": "tphfqeouf9sagqmw2f79", 
            "height": 350, 
            "url": "//images.igdb.com/igdb/image/upload/t_thumb/tphfqeouf9sagqmw2f79.jpg", 
            "width": 560
        }, 
        {
            "cloudinary_id": "j96rkjcbwdryenljybob", 
            "height": 202, 
            "url": "//images.igdb.com/igdb/image/upload/t_thumb/j96rkjcbwdryenljybob.jpg", 
            "width": 328
        }
    ], 
    "slug": "tales-of-the-unknown-volume-i-the-bard-s-tale", 
    "storyline": "The Bard's Tale is a typical dungeon crawl styled game, where the objective is to gain experience and progress each character's skill level through combat and monsters. This is done by working through a number of labyrinths, solving puzzles, and upgrading equipment. \nIn this particular dungeon crawl, the story is centred around the evil wizard Mangar, who must be defeated by a small band of unproven young Warriors, Magic Users, a couple of Bards, and a few Rogues, led by the player. Mangar has brought evil creatures into the town of Skara Brae and cast a spell of Eternal Winter, isolating Skara Brae from outside help.", 
    "summary": "Tales of the Unknown: Volume I, better known as \"The Bard's Tale\", is an RPG developed by Interplay Productions in 1985 originally for the Apple II. It was quickly ported to numerous other platforms and became widely successful. This was partly because it incorporated unprecedented 3D graphic design, featuring partly animated character portraits and engaging gameplay. It also helped that the game was available on the Commodore 64-the most successful game console at the time, whereas the main competitor-the Ultima series, was not.",