{
    "aggregated_rating": 84.0, 
    "aggregated_rating_count": 2, 
    "alternative_names": [
        {
            "comment": "Japanese title", 
            "name": "\u30df\u30ba\u30fb\u30d1\u30c3\u30af\u30de\u30f3"
        }
    ], 
    "category": 0, 
    "collection": 526, 
    "cover": {
        "cloudinary_id": "bwbjpipawc5m6vlasccq", 
        "height": 1373, 
        "url": "//images.igdb.com/igdb/image/upload/t_thumb/bwbjpipawc5m6vlasccq.jpg", 
        "width": 1000
    }, 
    "created_at": 1404011600491, 
    "developers": [
        6364, 
        1436
    ], 
    "esrb": {
        "rating": 3
    }, 
    "first_release_date": 378604800000, 
    "game_modes": [
        1, 
        2
    ], 
    "games": [
        2750, 
        3759, 
        20900, 
        2751, 
        23240, 
        2636, 
        21681, 
        72, 
        7453, 
        6732
    ], 
    "genres": [
        9, 
        33
    ], 
    "id": 7452, 
    "keywords": [
        16, 
        394, 
        411, 
        558, 
        687, 
        1158, 
        1293, 
        1440, 
        1563, 
        1705, 
        2071, 
        2152, 
        3079, 
        4134, 
        4145, 
        4162, 
        4184, 
        4206, 
        4207, 
        4208, 
        4297, 
        4324, 
        4392, 
        4484, 
        4485, 
        4492, 
        4605, 
        4749, 
        4754, 
        4785, 
        4958, 
        5093, 
        5175, 
        5208, 
        5265, 
        5360, 
        5436, 
        5437, 
        5442, 
        5450, 
        5523, 
        5633, 
        5647, 
        5746, 
        5801, 
        5803, 
        5804, 
        5806, 
        5844, 
        6365, 
        6391, 
        7280, 
        7557, 
        7669, 
        8286, 
        8308, 
        10205, 
        11209, 
        13076, 
        14006, 
        14126
    ], 
    "name": "Ms. Pac-Man", 
    "pegi": {
        "rating": 2
    }, 
    "platforms": [
        29, 
        71, 
        52, 
        35, 
        60, 
        66, 
        59, 
        13, 
        65, 
        75, 
        15, 
        26, 
        24, 
        19, 
        61, 
        18, 
        64, 
        129
    ], 
    "player_perspectives": [
        3
    ], 
    "popularity": 2.333333333333333, 
    "publishers": [
        665, 
        2404, 
        10070, 
        190, 
        1121, 
        2406, 
        1436
    ], 
    "pulse_count": 4, 
    "rating": 79.73612100700021, 
    "rating_count": 14, 
    "release_dates": [
        {
            "category": 2, 
            "date": 441676800000, 
            "human": "1983", 
            "m": 12, 
            "platform": 129, 
            "region": 2, 
            "y": 1983
        }, 
        {
            "category": 2, 
            "date": 441676800000, 
            "human": "1983", 
            "m": 12, 
            "platform": 13, 
            "region": 2, 
            "y": 1983
        }, 
        {
            "category": 2, 
            "date": 820368000000, 
            "human": "1995", 
            "m": 12, 
            "platform": 35, 
            "region": 2, 
            "y": 1995
        }, 
        {
            "category": 0, 
            "date": 749433600000, 
            "human": "1993-Oct-01", 
            "m": 10, 
            "platform": 24, 
            "region": 2, 
            "y": 1993
        }, 
        {
            "category": 2, 
            "date": 567907200000, 
            "human": "1987", 
            "m": 12, 
            "platform": 60, 
            "region": 2, 
            "y": 1987
        }, 
        {
            "category": 2, 
            "date": 473299200000, 
            "human": "1984", 
            "m": 12, 
            "platform": 15, 
            "region": 2, 
            "y": 1984
        }, 
        {
            "category": 2, 
            "date": 441676800000, 
            "human": "1983", 
            "m": 12, 
            "platform": 71, 
            "region": 2, 
            "y": 1983
        }, 
        {
            "category": 2, 
            "date": 441676800000, 
            "human": "1983", 
            "m": 12, 
            "platform": 75, 
            "region": 2, 
            "y": 1983
        }, 
        {
            "category": 2, 
            "date": 504835200000, 
            "human": "1985", 
            "m": 12, 
            "platform": 26, 
            "region": 1, 
            "y": 1985
        }, 
        {
            "category": 0, 
            "date": 838857600000, 
            "human": "1996-Aug-01", 
            "m": 8, 
            "platform": 19, 
            "region": 2, 
            "y": 1996
        }, 
        {
            "category": 2, 
            "date": 662601600000, 
            "human": "1990", 
            "m": 12, 
            "platform": 18, 
            "region": 2, 
            "y": 1990
        }, 
        {
            "category": 2, 
            "date": 694137600000, 
            "human": "1991", 
            "m": 12, 
            "platform": 64, 
            "region": 1, 
            "y": 1991
        }, 
        {
            "category": 2, 
            "date": 694137600000, 
            "human": "1991", 
            "m": 12, 
            "platform": 29, 
            "region": 2, 
            "y": 1991
        }, 
        {
            "category": 2, 
            "date": 662601600000, 
            "human": "1990", 
            "m": 12, 
            "platform": 61, 
            "region": 2, 
            "y": 1990
        }, 
        {
            "category": 2, 
            "date": 441676800000, 
            "human": "1983", 
            "m": 12, 
            "platform": 65, 
            "region": 2, 
            "y": 1983
        }, 
        {
            "category": 2, 
            "date": 441676800000, 
            "human": "1983", 
            "m": 12, 
            "platform": 66, 
            "region": 2, 
            "y": 1983
        }, 
        {
            "category": 2, 
            "date": 410140800000, 
            "human": "1982", 
            "m": 12, 
            "platform": 59, 
            "region": 2, 
            "y": 1982
        }, 
        {
            "category": 2, 
            "date": 378604800000, 
            "human": "1981", 
            "m": 12, 
            "platform": 52, 
            "region": 2, 
            "y": 1981
        }
    ], 
    "slug": "ms-pac-man", 
    "summary": "In 1982, a sequel to the incredibly popular Pac-Man was introduced in the form of his girlfriend, Ms. Pac-Man. This sequel continued on the \"eat the dots/avoid the ghosts\" gameplay of the original game, but added new features to keep the title fresh. \n \nLike her boyfriend, Ms. Pac-Man attempts to clear four various and challenging mazes filled with dots and ever-moving bouncing fruit while avoiding Inky, Blinky, Pinky and Sue, each with their own personalities and tactics. One touch from any of these ghosts means a loss of life for Ms. Pac-Man. \n \nMs. Pac-Man can turn the tables on her pursuers by eating one of the four Energizers located within the maze. During this time, the ghosts turn blue, and Ms. Pac-Man can eat them for bonus points. The Energizer power only lasts for a limited amount of time, as the ghost's eyes float back to their center box, and regenerate to chase after Ms. Pac-Man again. \n \nSurvive a few rounds of gameplay, and the player will be treated to humorous intermissions showing the growing romantic relationship between Pac-Man and Ms. Pac-Man, leading all the way up to the arrival of \"Junior\".",