{
    "aggregated_rating": 90.0, 
    "aggregated_rating_count": 3, 
    "alternative_names": [
        {
            "comment": "Other", 
            "name": "Megami Ibunroku Devil Survivor"
        }, 
        {
            "comment": "Japanese title", 
            "name": "Megami Ibunroku Debiru Sabaib\u0101"
        }
    ], 
    "category": 0, 
    "collection": 948, 
    "cover": {
        "cloudinary_id": "wptw2dakw3rvzvfvlxay", 
        "height": 230, 
        "url": "//images.igdb.com/igdb/image/upload/t_thumb/wptw2dakw3rvzvfvlxay.jpg", 
        "width": 256
    }, 
    "created_at": 1400811407020, 
    "developers": [
        818
    ], 
    "esrb": {
        "rating": 5
    }, 
    "first_release_date": 1231977600000, 
    "game_modes": [
        1
    ], 
    "games": [
        19131, 
        9927, 
        15830, 
        9600, 
        6885, 
        7329, 
        1443, 
        7364, 
        23198, 
        8965
    ], 
    "genres": [
        12, 
        15, 
        24
    ], 
    "id": 6884, 
    "keywords": [
        78, 
        94, 
        103, 
        175, 
        176, 
        226, 
        415, 
        497, 
        558, 
        584, 
        846, 
        1026, 
        1120, 
        1299, 
        1302, 
        1313, 
        1923, 
        2199, 
        2452, 
        3782, 
        4145, 
        4162, 
        4169, 
        4213, 
        4351, 
        4395, 
        4398, 
        4468, 
        4488, 
        4541, 
        4678, 
        4843, 
        4850, 
        4855, 
        4858, 
        4970, 
        5320, 
        5397, 
        5400, 
        5408, 
        5583, 
        5685, 
        5735, 
        5903, 
        6028, 
        6070, 
        6117, 
        6221, 
        6471, 
        6623, 
        6854, 
        6855, 
        6856, 
        6857, 
        7188, 
        7315, 
        7467, 
        7561, 
        7565, 
        7566, 
        7627, 
        7641, 
        8234, 
        9331, 
        9374, 
        9624, 
        9737, 
        9742, 
        9931, 
        11076, 
        11529, 
        11889, 
        12187, 
        12625, 
        12626, 
        12953, 
        13481, 
        13582
    ], 
    "name": "Shin Megami Tensei: Devil Survivor", 
    "platforms": [
        20, 
        37
    ], 
    "player_perspectives": [
        2
    ], 
    "popularity": 1.333333333333333, 
    "publishers": [
        818, 
        2932
    ], 
    "rating": 79.5835007373394, 
    "rating_count": 4, 
    "release_dates": [
        {
            "category": 0, 
            "date": 1231977600000, 
            "human": "2009-Jan-15", 
            "m": 1, 
            "platform": 20, 
            "region": 5, 
            "y": 2009
        }, 
        {
            "category": 0, 
            "date": 1231977600000, 
            "human": "2009-Jan-15", 
            "m": 1, 
            "platform": 37, 
            "region": 5, 
            "y": 2009
        }, 
        {
            "category": 0, 
            "date": 1245715200000, 
            "human": "2009-Jun-23", 
            "m": 6, 
            "platform": 20, 
            "region": 2, 
            "y": 2009
        }, 
        {
            "category": 0, 
            "date": 1245715200000, 
            "human": "2009-Jun-23", 
            "m": 6, 
            "platform": 37, 
            "region": 2, 
            "y": 2009
        }
    ], 
    "screenshots": [
        {
            "cloudinary_id": "tk4uposhg3nkubhbolt2", 
            "height": 192, 
            "url": "//images.igdb.com/igdb/image/upload/t_thumb/tk4uposhg3nkubhbolt2.jpg", 
            "width": 256
        }
    ], 
    "slug": "shin-megami-tensei-devil-survivor", 
    "summary": "Tokyo is in full lockdown, the government's swift, coldblooded response to a surprise demon invasion. Trapped within the sprawling metropolis is the city's helpless populace, forced to turn on each other in order to survive. A mysterious piece of technology, the COMP, falls into the hands of you and your peers. This device allows you to form contracts, forcing demons to serve you in battle against the otherworldly creatures. There are others with COMPs, so-called demon tamers, who seek to use the demons to satisfy their own whims-be they for justice, peace, or power-in the chaos that was once downtown Tokyo. Where did the demons come from? Why did they appear? Who created the COMPs, and what is their purpose? These questions must soon be answered, for if you fail to solve the mystery, much more is at stake than your own lives.", 
    "tags": [
        19, 
        268435468, 
        268435471, 
        268435480, 
        536870990, 
        536871006, 
        536871015, 
        536871087, 
        536871088, 
        536871138, 
        536871327, 
        536871409, 
        536871470, 
        536871496, 
        536871758, 
        536871938, 
        536872032, 
        536872211, 
        536872214, 
        536872225, 
        536872835, 
        536873111, 
        536873364, 
        536874694, 
        536875057, 
        536875074, 
        536875081, 
        536875125, 
        536875263, 
        536875307, 
        536875310, 
        536875380, 
        536875400, 
        536875453, 
        536875590, 
        536875755, 
        536875762, 
        536875767, 
        536875770, 
        536875882, 
        536876232, 
        536876309, 
        536876312, 
        536876320, 
        536876495, 
        536876597, 
        536876647, 
        536876815, 
        536876940, 
        536876982, 
        536877029, 
        536877133, 
        536877383, 
        536877535, 
        536877766, 
        536877767, 
        536877768, 
        536877769, 
        536878100, 
        536878227, 
        536878379, 
        536878473, 
        536878477, 
        536878478, 
        536878539, 
        536878553, 
        536879146, 
        536880243, 
        536880286, 
        536880536, 
        536880649, 
        536880654, 
        536880843, 
        536881988, 
        536882441, 
        536882801, 
        536883099, 
        536883537, 
        536883538, 
        536883865, 
        536884393, 
        536884494, 
        1073741826
    ], 
    "themes": [
        19
    ], 
    "total_rating": 84.79175036866971, 
    "total_rating_count": 7, 
    "updated_at": 1517270964555, 
    "url": "https://www.igdb.com/games/shin-megami-tensei-devil-survivor"
}