{
    "aggregated_rating": 81.5, 
    "aggregated_rating_count": 5, 
    "category": 0, 
    "collection": 322, 
    "cover": {
        "cloudinary_id": "wibtxg7nitxcortauxfn", 
        "height": 901, 
        "url": "//images.igdb.com/igdb/image/upload/t_thumb/wibtxg7nitxcortauxfn.jpg", 
        "width": 640
    }, 
    "created_at": 1350222443690, 
    "developers": [
        741, 
        72
    ], 
    "esrb": {
        "rating": 4
    }, 
    "first_release_date": 1318464000000, 
    "game_modes": [
        1, 
        2, 
        3, 
        4
    ], 
    "games": [
        55752, 
        117, 
        23198, 
        1352, 
        6705, 
        5082, 
        7202, 
        2368, 
        4685, 
        1586
    ], 
    "genres": [
        8
    ], 
    "id": 1585, 
    "keywords": [
        151, 
        296, 
        403, 
        822, 
        906, 
        1033, 
        1293, 
        2049, 
        2472, 
        2992, 
        3486, 
        3630, 
        4031, 
        4161, 
        4245, 
        4249, 
        4284, 
        4345, 
        4359, 
        4386, 
        4450, 
        4494, 
        4698, 
        4717, 
        4727, 
        4746, 
        4750, 
        4886, 
        4964, 
        5013, 
        5014, 
        5040, 
        5099, 
        5188, 
        5190, 
        5193, 
        5461, 
        5574, 
        5578, 
        5600, 
        6653, 
        6664, 
        6780, 
        7558, 
        7601, 
        8193, 
        8886, 
        9951, 
        10318, 
        11750, 
        12016
    ], 
    "multiplayer_modes": [
        {
            "campaigncoop": true, 
            "dropin": true, 
            "lancoop": false, 
            "offlinecoop": true, 
            "offlinecoopmax": 2, 
            "offlinemax": 0, 
            "onlinecoop": false, 
            "onlinecoopmax": 0, 
            "onlinemax": 0, 
            "platform": 12, 
            "splitscreen": false, 
            "splitscreenonline": false
        }
    ], 
    "name": "Skylanders: Spyro's Adventure", 
    "pegi": {
        "rating": 2
    }, 
    "platforms": [
        6, 
        14, 
        41, 
        9, 
        12, 
        37, 
        5
    ], 
    "player_perspectives": [
        2
    ], 
    "popularity": 1.333333333333333, 
    "publishers": [
        66, 
        2298, 
        26
    ], 
    "rating": 69.9309741927259, 
    "rating_count": 4, 
    "release_dates": [
        {
            "category": 0, 
            "date": 1318550400000, 
            "human": "2011-Oct-14", 
            "m": 10, 
            "platform": 5, 
            "region": 1, 
            "y": 2011
        }, 
        {
            "category": 0, 
            "date": 1318723200000, 
            "human": "2011-Oct-16", 
            "m": 10, 
            "platform": 5, 
            "region": 2, 
            "y": 2011
        }, 
        {
            "category": 0, 
            "date": 1318550400000, 
            "human": "2011-Oct-14", 
            "m": 10, 
            "platform": 37, 
            "region": 1, 
            "y": 2011
        }, 
        {
            "category": 0, 
            "date": 1318723200000, 
            "human": "2011-Oct-16", 
            "m": 10, 
            "platform": 37, 
            "region": 2, 
            "y": 2011
        }, 
        {
            "category": 0, 
            "date": 1318464000000, 
            "human": "2011-Oct-13", 
            "m": 10, 
            "platform": 5, 
            "y": 2011
        }, 
        {
            "category": 0, 
            "date": 1318464000000, 
            "human": "2011-Oct-13", 
            "m": 10, 
            "platform": 14, 
            "y": 2011
        }, 
        {
            "category": 0, 
            "date": 1318464000000, 
            "human": "2011-Oct-13", 
            "m": 10, 
            "platform": 6, 
            "y": 2011
        }, 
        {
            "category": 0, 
            "date": 1318464000000, 
            "human": "2011-Oct-13", 
            "m": 10, 
            "platform": 37, 
            "y": 2011
        }, 
        {
            "category": 0, 
            "date": 1318464000000, 
            "human": "2011-Oct-13", 
            "m": 10, 
            "platform": 9, 
            "y": 2011
        }, 
        {
            "category": 0, 
            "date": 1318464000000, 
            "human": "2011-Oct-13", 
            "m": 10, 
            "platform": 12, 
            "y": 2011
        }, 
        {
            "category": 0, 
            "date": 1318464000000, 
            "human": "2011-Oct-13", 
            "m": 10, 
            "platform": 41, 
            "y": 2011
        }
    ], 
    "screenshots": [
        {
            "cloudinary_id": "jqrbtjqueifsmknftesa", 
            "height": 234, 
            "url": "//images.igdb.com/igdb/image/upload/t_thumb/jqrbtjqueifsmknftesa.jpg", 
            "width": 390
        }, 
        {
            "cloudinary_id": "ex9rwiqlr5qjgwidhfdr", 
            "height": 234, 
            "url": "//images.igdb.com/igdb/image/upload/t_thumb/ex9rwiqlr5qjgwidhfdr.jpg", 
            "width": 390
        }, 
        {
            "cloudinary_id": "scs0g4l5qmv1vpvb7tbw", 
            "height": 234, 
            "url": "//images.igdb.com/igdb/image/upload/t_thumb/scs0g4l5qmv1vpvb7tbw.jpg", 
            "width": 390
        }, 
        {
            "cloudinary_id": "ozij6o1kzfjfiopfccjv", 
            "height": 234, 
            "url": "//images.igdb.com/igdb/image/upload/t_thumb/ozij6o1kzfjfiopfccjv.jpg", 
            "width": 390
        }, 
        {
            "cloudinary_id": "lwmhgew2cdege4fqdure", 
            "height": 240, 
            "url": "//images.igdb.com/igdb/image/upload/t_thumb/lwmhgew2cdege4fqdure.jpg", 
            "width": 400
        }, 
        {
            "cloudinary_id": "w7o6rawie7bplpn8m6xa", 
            "height": 240, 
            "url": "//images.igdb.com/igdb/image/upload/t_thumb/w7o6rawie7bplpn8m6xa.jpg", 
            "width": 400
        }, 
        {
            "cloudinary_id": "ovqr5spm96m89pulgoef", 
            "height": 240, 
            "url": "//images.igdb.com/igdb/image/upload/t_thumb/ovqr5spm96m89pulgoef.jpg", 
            "width": 400
        }, 
        {
            "cloudinary_id": "qwxi1xu1rktqdbz9ar8g", 
            "height": 240, 
            "url": "//images.igdb.com/igdb/image/upload/t_thumb/qwxi1xu1rktqdbz9ar8g.jpg", 
            "width": 400
        }, 
        {
            "cloudinary_id": "eay2bsxgmedg7wtzlavy", 
            "height": 240, 
            "url": "//images.igdb.com/igdb/image/upload/t_thumb/eay2bsxgmedg7wtzlavy.jpg", 
            "width": 400
        }, 
        {
            "cloudinary_id": "sisbhabkvoffphyyo1ox", 
            "height": 240, 
            "url": "//images.igdb.com/igdb/image/upload/t_thumb/sisbhabkvoffphyyo1ox.jpg", 
            "width": 400
        }, 
        {
            "cloudinary_id": "yuvipta2e6mjkr6grs9u", 
            "height": 240, 
            "url": "//images.igdb.com/igdb/image/upload/t_thumb/yuvipta2e6mjkr6grs9u.jpg", 
            "width": 400
        }, 
        {
            "cloudinary_id": "gwbxyup0vrgitzhixxtr", 
            "height": 270, 
            "url": "//images.igdb.com/igdb/image/upload/t_thumb/gwbxyup0vrgitzhixxtr.jpg", 
            "width": 480
        }
    ], 
    "slug": "skylanders-spyro-s-adventure",