{
    "aggregated_rating": 78.4, 
    "aggregated_rating_count": 12, 
    "alternative_names": [
        {
            "comment": "Other", 
            "name": "Yarn Yoshi"
        }, 
        {
            "comment": "Other", 
            "name": "Yoshi's Land Wii U"
        }, 
        {
            "comment": "Other", 
            "name": "Yoshi's Island Wii U"
        }
    ], 
    "category": 0, 
    "collection": 582, 
    "cover": {
        "cloudinary_id": "y2r1yievqlndigvjctsw", 
        "height": 642, 
        "url": "//images.igdb.com/igdb/image/upload/t_thumb/y2r1yievqlndigvjctsw.jpg", 
        "width": 456
    }, 
    "created_at": 1402422412155, 
    "esrb": {
        "rating": 3
    }, 
    "first_release_date": 1435276800000, 
    "franchise": 893, 
    "franchises": [
        893
    ], 
    "game_modes": [
        1, 
        3
    ], 
    "games": [
        2135, 
        26758, 
        55752, 
        7344, 
        2350, 
        21063, 
        2923, 
        1074, 
        117, 
        7444
    ], 
    "genres": [
        8
    ], 
    "hypes": 12, 
    "id": 7343, 
    "keywords": [
        296, 
        589, 
        2049, 
        2165, 
        2229, 
        3061, 
        4297, 
        4438, 
        4484, 
        4717, 
        4846, 
        4911, 
        4931, 
        4932, 
        4991, 
        5012, 
        5190, 
        5315, 
        5317, 
        5417, 
        5584, 
        6129, 
        6139, 
        6184, 
        6194, 
        6424, 
        7240, 
        7242, 
        7694, 
        8772, 
        9589, 
        9611, 
        9612, 
        9613, 
        9614, 
        9615, 
        9616, 
        9617, 
        9618, 
        9619, 
        9620, 
        9621, 
        9623
    ], 
    "multiplayer_modes": [
        {
            "campaigncoop": true, 
            "dropin": false, 
            "lancoop": false, 
            "offlinecoop": true, 
            "offlinecoopmax": 2, 
            "offlinemax": 0, 
            "onlinecoop": false, 
            "onlinecoopmax": 0, 
            "onlinemax": 0, 
            "platform": 41, 
            "splitscreen": false, 
            "splitscreenonline": false
        }
    ], 
    "name": "Yoshi's Woolly World", 
    "platforms": [
        41, 
        37
    ], 
    "player_perspectives": [
        2, 
        4
    ], 
    "popularity": 1.666666666666667, 
    "publishers": [
        70
    ], 
    "pulse_count": 6, 
    "rating": 71.6817620460411, 
    "rating_count": 18, 
    "release_dates": [
        {
            "category": 0, 
            "date": 1444953600000, 
            "human": "2015-Oct-16", 
            "m": 10, 
            "platform": 41, 
            "region": 2, 
            "y": 2015
        }, 
        {
            "category": 0, 
            "date": 1486080000000, 
            "human": "2017-Feb-03", 
            "m": 2, 
            "platform": 37, 
            "region": 1, 
            "y": 2017
        }, 
        {
            "category": 0, 
            "date": 1486080000000, 
            "human": "2017-Feb-03", 
            "m": 2, 
            "platform": 37, 
            "region": 2, 
            "y": 2017
        }, 
        {
            "category": 0, 
            "date": 1435276800000, 
            "human": "2015-Jun-26", 
            "m": 6, 
            "platform": 41, 
            "region": 1, 
            "y": 2015
        }
    ], 
    "screenshots": [
        {
            "cloudinary_id": "yaooxzfkbaebmnaepjad", 
            "height": 1080, 
            "url": "//images.igdb.com/igdb/image/upload/t_thumb/yaooxzfkbaebmnaepjad.jpg", 
            "width": 1920
        }, 
        {
            "cloudinary_id": "pmshkombgq0usnvmlrav", 
            "height": 1080, 
            "url": "//images.igdb.com/igdb/image/upload/t_thumb/pmshkombgq0usnvmlrav.jpg", 
            "width": 1920
        }, 
        {
            "cloudinary_id": "shexuxxwi6nossxsifnw", 
            "height": 1080, 
            "url": "//images.igdb.com/igdb/image/upload/t_thumb/shexuxxwi6nossxsifnw.jpg", 
            "width": 1920
        }, 
        {
            "cloudinary_id": "twnk59fwrnptamaxka23", 
            "height": 1080, 
            "url": "//images.igdb.com/igdb/image/upload/t_thumb/twnk59fwrnptamaxka23.jpg", 
            "width": 1920
        }, 
        {
            "cloudinary_id": "jysajujzcdxhdkjgmfyr", 
            "height": 1080, 
            "url": "//images.igdb.com/igdb/image/upload/t_thumb/jysajujzcdxhdkjgmfyr.jpg", 
            "width": 1920
        }, 
        {
            "cloudinary_id": "tbhd35itpnn6um2kqm2u", 
            "height": 1080, 
            "url": "//images.igdb.com/igdb/image/upload/t_thumb/tbhd35itpnn6um2kqm2u.jpg", 
            "width": 1920
        }, 
        {
            "cloudinary_id": "bllxaz8xrkma1lrls88w", 
            "height": 1080, 
            "url": "//images.igdb.com/igdb/image/upload/t_thumb/bllxaz8xrkma1lrls88w.jpg", 
            "width": 1920
        }, 
        {
            "cloudinary_id": "ebpat4yimc3fm8cxumxq", 
            "height": 1080, 
            "url": "//images.igdb.com/igdb/image/upload/t_thumb/ebpat4yimc3fm8cxumxq.jpg", 
            "width": 1920
        }, 
        {
            "cloudinary_id": "dny97q5us7ruarge5f2w", 
            "height": 563, 
            "url": "//images.igdb.com/igdb/image/upload/t_thumb/dny97q5us7ruarge5f2w.jpg", 
            "width": 1000
        }, 
        {
            "cloudinary_id": "meqctdgcmhkl8kff8sjc", 
            "height": 720, 
            "url": "//images.igdb.com/igdb/image/upload/t_thumb/meqctdgcmhkl8kff8sjc.jpg", 
            "width": 1280
        }, 
        {
            "cloudinary_id": "i37od38shqz563ipl0uk", 
            "height": 343, 
            "url": "//images.igdb.com/igdb/image/upload/t_thumb/i37od38shqz563ipl0uk.jpg", 
            "width": 600
        }, 
        {
            "cloudinary_id": "bcqilq5jotxcqr6s1ll6", 
            "height": 354, 
            "url": "//images.igdb.com/igdb/image/upload/t_thumb/bcqilq5jotxcqr6s1ll6.jpg", 
            "width": 630
        }
    ], 
    "slug": "yoshis-woolly-world", 
    "summary": "Set off with a friend through a wild, woolly world in this grand Yoshi adventure! A treasure trove of clever handicraft stages are ready for you to explore. Unravel their secrets and color your world with a spectrum of yarn balls to knit new paths and get every last collectible.\n\nKnitting yarn, patchwork, and other handicraft materials combine into a whimsical and crafty backdrop for our knit Yoshi to explore. Instead of eggs, this time Yoshi tosses yarn balls that he can use to clear blocked paths, tangle-up enemies, or even knit together platforms and warp pipes. Yoshi can also tug at stray yarn to unravel walls and reveal hard-to-reach areas filled with hidden collectibles. Tackle challenges in local 2-Player co-op by partnering up with a friend. Gobble 'em up and spit 'em out to reach new heights or take out craftwork creepers like paratroopas, piranha plants and shy guys! It's time to get crafty.",