{
    "aggregated_rating": 75.0196078431373, 
    "aggregated_rating_count": 60, 
    "alternative_names": [
        {
            "name": "Game of Thrones"
        }
    ], 
    "category": 0, 
    "collection": 3397, 
    "cover": {
        "cloudinary_id": "zyjsspyvnuqae5kwx2vc", 
        "height": 1080, 
        "url": "//images.igdb.com/igdb/image/upload/t_thumb/zyjsspyvnuqae5kwx2vc.jpg", 
        "width": 720
    }, 
    "created_at": 1407896952687, 
    "developers": [
        294
    ], 
    "esrb": {
        "rating": 6
    }, 
    "external": {
        "steam": "330840"
    }, 
    "first_release_date": 1417478400000, 
    "franchise": 364, 
    "franchises": [
        364
    ], 
    "game_engines": [
        12
    ], 
    "game_modes": [
        1
    ], 
    "games": [
        11423, 
        13163, 
        26841, 
        11214, 
        7202, 
        76, 
        21429, 
        7533, 
        1887, 
        6732
    ], 
    "genres": [
        31
    ], 
    "hypes": 1, 
    "id": 7610, 
    "keywords": [
        151, 
        227, 
        296, 
        1026, 
        1027, 
        1158, 
        1186, 
        1293, 
        1523, 
        1714, 
        4004, 
        4134, 
        4142, 
        4145, 
        4169, 
        4220, 
        4245, 
        4287, 
        4331, 
        4359, 
        4379, 
        4392, 
        4419, 
        4460, 
        4520, 
        4552, 
        4615, 
        4896, 
        4918, 
        4973, 
        5095, 
        5308, 
        5552, 
        5564, 
        5783, 
        5791, 
        5989, 
        6057, 
        6120, 
        6197, 
        7369, 
        7487, 
        8150, 
        8194, 
        10723
    ], 
    "multiplayer_modes": [
        {
            "campaigncoop": false, 
            "dropin": false, 
            "lancoop": false, 
            "offlinecoop": false, 
            "onlinecoop": false, 
            "splitscreen": false, 
            "splitscreenonline": false
        }
    ], 
    "name": "Game of Thrones: A Telltale Games Series", 
    "pegi": {
        "rating": 5
    }, 
    "platforms": [
        6, 
        39, 
        14, 
        9, 
        48, 
        12, 
        49
    ], 
    "player_perspectives": [
        2
    ], 
    "popularity": 9.0, 
    "publishers": [
        4178, 
        294
    ], 
    "pulse_count": 7, 
    "rating": 70.7925278806573, 
    "rating_count": 125, 
    "release_dates": [
        {
            "category": 0, 
            "date": 1431907200000, 
            "human": "2015-May-18", 
            "m": 5, 
            "platform": 49, 
            "region": 2, 
            "y": 2015
        }, 
        {
            "category": 0, 
            "date": 1417478400000, 
            "human": "2014-Dec-02", 
            "m": 12, 
            "platform": 6, 
            "region": 8, 
            "y": 2014
        }, 
        {
            "category": 0, 
            "date": 1417478400000, 
            "human": "2014-Dec-02", 
            "m": 12, 
            "platform": 14, 
            "region": 8, 
            "y": 2014
        }, 
        {
            "category": 0, 
            "date": 1417478400000, 
            "human": "2014-Dec-02", 
            "m": 12, 
            "platform": 48, 
            "region": 2, 
            "y": 2014
        }, 
        {
            "category": 0, 
            "date": 1417564800000, 
            "human": "2014-Dec-03", 
            "m": 12, 
            "platform": 48, 
            "region": 1, 
            "y": 2014
        }, 
        {
            "category": 0, 
            "date": 1417564800000, 
            "human": "2014-Dec-03", 
            "m": 12, 
            "platform": 49, 
            "region": 8, 
            "y": 2014
        }, 
        {
            "category": 0, 
            "date": 1417564800000, 
            "human": "2014-Dec-03", 
            "m": 12, 
            "platform": 12, 
            "region": 8, 
            "y": 2014
        }, 
        {
            "category": 0, 
            "date": 1417651200000, 
            "human": "2014-Dec-04", 
            "m": 12, 
            "platform": 39, 
            "region": 8, 
            "y": 2014
        }, 
        {
            "category": 0, 
            "date": 1418083200000, 
            "human": "2014-Dec-09", 
            "m": 12, 
            "platform": 9, 
            "region": 8, 
            "y": 2014
        }
    ], 
    "screenshots": [
        {
            "cloudinary_id": "l9ymsiwmyydbasi8ukla", 
            "height": 601, 
            "url": "//images.igdb.com/igdb/image/upload/t_thumb/l9ymsiwmyydbasi8ukla.jpg", 
            "width": 980
        }, 
        {
            "cloudinary_id": "qprwczn8cgx2uhgbk1t2", 
            "height": 561, 
            "url": "//images.igdb.com/igdb/image/upload/t_thumb/qprwczn8cgx2uhgbk1t2.jpg", 
            "width": 907
        }, 
        {
            "cloudinary_id": "nzlmp3zlokjogs9un0md", 
            "height": 900, 
            "url": "//images.igdb.com/igdb/image/upload/t_thumb/nzlmp3zlokjogs9un0md.jpg", 
            "width": 1600
        }, 
        {
            "cloudinary_id": "otrxgmekyj1sgox3rkjl", 
            "height": 561, 
            "url": "//images.igdb.com/igdb/image/upload/t_thumb/otrxgmekyj1sgox3rkjl.jpg", 
            "width": 907
        }, 
        {
            "cloudinary_id": "idrrfyjdf6ege1pi3sel", 
            "height": 576, 
            "url": "//images.igdb.com/igdb/image/upload/t_thumb/idrrfyjdf6ege1pi3sel.jpg", 
            "width": 1024
        }
    ], 
    "slug": "game-of-thrones-a-telltale-games-series", 
    "summary": "Game of Thrones: A TellTale Games Series is an episodic adventure game developed by TellTale Games and based on the famous HBO TV-show Game of Thrones, as well as the book 'A song of Ice and Fire' by George R.R. Martin. \n\nYou play as the family members of House Forrester, a noble house from the north of Westeros, bannermen to House Glover, who has been loyal to House Stark of Winterfell for a long time. These characters are all caught up in the events of the war of the Five Kings, and they are placed in a critical position where every character must do everything in their power to prevent their precious house from going under.", 
    "tags": [
        17, 
        22, 
        31, 
        268435487, 
        536871063, 
        536871139, 
        536871208, 
        536871938, 
        536871939, 
        536872070, 
        536872098, 
        536872205, 
        536872435, 
        536872626, 
        536874916, 
        536875046, 
        536875054, 
        536875057, 
        536875081, 
        536875132, 
        536875157, 
        536875199, 
        536875243, 
        536875271, 
        536875291, 
        536875304, 
        536875331, 
        536875372, 
        536875432, 
        536875464, 
        536875527, 
        536875808, 
        536875830, 
        536875885, 
        536876007, 
        536876220, 
        536876464, 
        536876476, 
        536876695, 
        536876703, 
        536876901, 
        536876969, 
        536877032, 
        536877109, 
        536878281, 
        536878399, 
        536879062, 
        536879106, 
        536881635, 
        1073741826
    ], 
    "themes": [
        17, 
        22, 
        31
    ], 
    "time_to_beat": {
        "normally": 39600
    }, 
    "total_rating": 72.9060678618973, 
    "total_rating_count": 185, 
    "updated_at": 1528413284043, 
    "url": "https://www.igdb.com/games/game-of-thrones-a-telltale-games-series", 
    "videos": [
        {
            "name": "Announcment Trailer", 
            "video_id": "GQgv9Pkm2bY"
        }, 
        {
            "name": "Teaser", 
            "video_id": "sSX04LuIs-A"
        }, 
        {
            "name": "Iron From Ice Launch Trailer", 
            "video_id": "mhNSdZMUxuU"
        }
    ], 
    "websites": [
        {
            "category": 13,