{
    "aggregated_rating": 48.3181818181818, 
    "aggregated_rating_count": 25, 
    "alternative_names": [
        {
            "comment": "Other", 
            "name": "Homefront 2"
        }
    ], 
    "category": 0, 
    "collection": 354, 
    "cover": {
        "cloudinary_id": "c52qmjcok9kafqnko2k9", 
        "height": 3286, 
        "url": "//images.igdb.com/igdb/image/upload/t_thumb/c52qmjcok9kafqnko2k9.jpg", 
        "width": 2490
    }, 
    "created_at": 1358622317018, 
    "developers": [
        3594
    ], 
    "external": {
        "steam": "223100"
    }, 
    "first_release_date": 1463443200000, 
    "game_engines": [
        25
    ], 
    "game_modes": [
        1, 
        2, 
        3
    ], 
    "games": [
        28552, 
        11171, 
        8187, 
        36926, 
        28204, 
        6732, 
        6801, 
        7360, 
        7350, 
        27789
    ], 
    "genres": [
        5, 
        31
    ], 
    "hypes": 26, 
    "id": 1886, 
    "keywords": [
        1, 
        21, 
        70, 
        453, 
        594, 
        1089, 
        1158, 
        1293, 
        1423, 
        1459, 
        1783, 
        1803, 
        2071, 
        3794, 
        3831, 
        3994, 
        4134, 
        4245, 
        4259, 
        4287, 
        4345, 
        4357, 
        4359, 
        4374, 
        4446, 
        4571, 
        4609, 
        4624, 
        4642, 
        4777, 
        4857, 
        4907, 
        4910, 
        4911, 
        4927, 
        5285, 
        5309, 
        5379, 
        5479, 
        5511, 
        5557, 
        5687, 
        5760, 
        5939, 
        6021, 
        6197, 
        6246, 
        6261, 
        7632, 
        8308, 
        10695, 
        16828, 
        16894
    ], 
    "multiplayer_modes": [
        {
            "campaigncoop": false, 
            "dropin": false, 
            "lancoop": false, 
            "offlinecoop": false, 
            "offlinecoopmax": 0, 
            "offlinemax": 0, 
            "onlinecoop": true, 
            "onlinecoopmax": 0, 
            "onlinemax": 4, 
            "platform": 49, 
            "splitscreen": false, 
            "splitscreenonline": false
        }
    ], 
    "name": "Homefront: The Revolution", 
    "pegi": {
        "rating": 5
    }, 
    "platforms": [
        6, 
        48, 
        49
    ], 
    "player_perspectives": [
        1
    ], 
    "popularity": 5.333333333333333, 
    "publishers": [
        423
    ], 
    "pulse_count": 28, 
    "rating": 59.945967216151, 
    "rating_count": 18, 
    "release_dates": [
        {
            "category": 0, 
            "date": 1463702400000, 
            "human": "2016-May-20", 
            "m": 5, 
            "platform": 48, 
            "region": 1, 
            "y": 2016
        }, 
        {
            "category": 0, 
            "date": 1463443200000, 
            "human": "2016-May-17", 
            "m": 5, 
            "platform": 48, 
            "region": 2, 
            "y": 2016
        }, 
        {
            "category": 0, 
            "date": 1463443200000, 
            "human": "2016-May-17", 
            "m": 5, 
            "platform": 49, 
            "region": 2, 
            "y": 2016
        }, 
        {
            "category": 0, 
            "date": 1463443200000, 
            "human": "2016-May-17", 
            "m": 5, 
            "platform": 6, 
            "region": 2, 
            "y": 2016
        }, 
        {
            "category": 0, 
            "date": 1463702400000, 
            "human": "2016-May-20", 
            "m": 5, 
            "platform": 49, 
            "region": 1, 
            "y": 2016
        }, 
        {
            "category": 0, 
            "date": 1463702400000, 
            "human": "2016-May-20", 
            "m": 5, 
            "platform": 6, 
            "region": 1, 
            "y": 2016
        }
    ], 
    "screenshots": [
        {
            "cloudinary_id": "tfxs5zy1r1dji7nidugg", 
            "height": 2301, 
            "url": "//images.igdb.com/igdb/image/upload/t_thumb/tfxs5zy1r1dji7nidugg.jpg", 
            "width": 4096
        }, 
        {
            "cloudinary_id": "ilbqvool7vfejli1qdud", 
            "height": 1080, 
            "url": "//images.igdb.com/igdb/image/upload/t_thumb/ilbqvool7vfejli1qdud.jpg", 
            "width": 1920
        }, 
        {
            "cloudinary_id": "fuzrsolthwhlq2wijmlx", 
            "height": 1800, 
            "url": "//images.igdb.com/igdb/image/upload/t_thumb/fuzrsolthwhlq2wijmlx.jpg", 
            "width": 3200
        }, 
        {
            "cloudinary_id": "tkk4xpfcwnwemi7frylt", 
            "height": 2301, 
            "url": "//images.igdb.com/igdb/image/upload/t_thumb/tkk4xpfcwnwemi7frylt.jpg", 
            "width": 4096
        }, 
        {
            "cloudinary_id": "wsubulssj7lvki0wtweb", 
            "height": 1800, 
            "url": "//images.igdb.com/igdb/image/upload/t_thumb/wsubulssj7lvki0wtweb.jpg", 
            "width": 3200
        }
    ], 
    "slug": "homefront-the-revolution", 
    "storyline": "Four years into the brutal military occupation, America is on its knees. \nPhiladelphia - once the birthplace of Independence - has become a ghetto, where surveillance drones and armoured patrols keep the population at heel, crushing any dissent with savage force. \nHer once-proud citizens live in a police state, forced to collaborate just to survive, their dreams of freedom long since extinguished. \nBut in the badlands of the Red Zone, in the bombed out streets and abandoned subways, a Resistance is forming. A guerrilla force, determined to fight for their freedoms despite overwhelming odds and ignite the second American Revolution. \nBut Freedom always has a price\u2026", 
    "summary": "Homefront: The Revolution is an open-world first person shooter where you must lead the Resistance movement in guerrilla warfare against a superior military force.A living, breathing, open world responds to your actions - you and your Resistance Cell can inspire a rebellion on the streets and turn Occupation into Revolution, as oppressed civilians take up the fight.", 
    "tags": [
        1, 
        39, 
        268435461, 
        268435487, 
        536870913, 
        536870933, 
        536870982, 
        536871365, 
        536871506, 
        536872001, 
        536872070, 
        536872205, 
        536872335, 
        536872371, 
        536872695, 
        536872715, 
        536872983, 
        536874706, 
        536874743, 
        536874906, 
        536875046, 
        536875157, 
        536875171, 
        536875199, 
        536875257, 
        536875269, 
        536875271, 
        536875286, 
        536875358, 
        536875483, 
        536875521, 
        536875536, 
        536875554, 
        536875689, 
        536875769, 
        536875819, 
        536875822, 
        536875823, 
        536875839, 
        536876197, 
        536876221, 
        536876291, 
        536876391, 
        536876423, 
        536876469, 
        536876599, 
        536876672, 
        536876851, 
        536876933, 
        536877109, 
        536877158, 
        536877173, 
        536878544, 
        536879220, 
        536881607, 
        536887740, 
        536887806, 
        1073741825
    ], 
    "themes": [
        1, 
        39
    ], 
    "time_to_beat": {
        "completely": 68400, 
        "hastly": 54000, 
        "normally": 61200
    }, 
    "total_rating": 54.1320745171664, 
    "total_rating_count": 43, 
    "updated_at": 1528354183987, 
    "url": "https://www.igdb.com/games/homefront-the-revolution", 
    "videos": [
        {
            "name": "Spring Update Trailer", 
            "video_id": "A42v1HRPGqU"
        }, 
        {
            "name": "E3 Trailer", 
            "video_id": "OeJQEgghoRQ"
        }, 
        {
            "name": "Gamescom 2015 CGI Trailer",