{
    "aggregated_rating": 71.7857142857143, 
    "aggregated_rating_count": 16, 
    "alternative_names": [
        {
            "comment": "Acronym", 
            "name": "MM"
        }
    ], 
    "category": 0, 
    "collection": 3327, 
    "cover": {
        "cloudinary_id": "pcprtyfthjmzp2abnnhv", 
        "height": 1080, 
        "url": "//images.igdb.com/igdb/image/upload/t_thumb/pcprtyfthjmzp2abnnhv.jpg", 
        "width": 720
    }, 
    "created_at": 1373416554647, 
    "developers": [
        437
    ], 
    "esrb": {
        "rating": 6
    }, 
    "external": {
        "steam": "234140"
    }, 
    "first_release_date": 1441065600000, 
    "franchise": 74, 
    "franchises": [
        74
    ], 
    "game_engines": [
        90
    ], 
    "game_modes": [
        1
    ], 
    "games": [
        6732, 
        11423, 
        19561, 
        27421, 
        7329, 
        27789, 
        7350, 
        3277, 
        8187, 
        536
    ], 
    "genres": [
        5, 
        10, 
        31
    ], 
    "hypes": 42, 
    "id": 2552, 
    "keywords": [
        25, 
        69, 
        129, 
        155, 
        160, 
        558, 
        977, 
        1025, 
        1033, 
        1158, 
        1317, 
        1494, 
        1783, 
        2536, 
        3627, 
        4004, 
        4134, 
        4150, 
        4157, 
        4169, 
        4177, 
        4178, 
        4273, 
        4276, 
        4287, 
        4382, 
        4446, 
        4571, 
        4588, 
        4614, 
        4647, 
        4891, 
        4907, 
        4927, 
        5211, 
        5306, 
        5315, 
        5342, 
        5343, 
        5350, 
        5369, 
        5379, 
        5417, 
        5617, 
        6075, 
        6210, 
        6211, 
        6212, 
        6213, 
        6214, 
        6215, 
        6216
    ], 
    "multiplayer_modes": [
        {
            "campaigncoop": false, 
            "dropin": false, 
            "lancoop": false, 
            "offlinecoop": false, 
            "onlinecoop": false, 
            "splitscreen": false, 
            "splitscreenonline": false
        }
    ], 
    "name": "Mad Max", 
    "pegi": {
        "rating": 5
    }, 
    "platforms": [
        6, 
        14, 
        48, 
        49, 
        3
    ], 
    "player_perspectives": [
        2
    ], 
    "popularity": 4.666666666666666, 
    "publishers": [
        50
    ], 
    "pulse_count": 7, 
    "rating": 78.1729616434031, 
    "rating_count": 121, 
    "release_dates": [
        {
            "category": 0, 
            "date": 1441065600000, 
            "human": "2015-Sep-01", 
            "m": 9, 
            "platform": 48, 
            "region": 2, 
            "y": 2015
        }, 
        {
            "category": 0, 
            "date": 1441324800000, 
            "human": "2015-Sep-04", 
            "m": 9, 
            "platform": 48, 
            "region": 1, 
            "y": 2015
        }, 
        {
            "category": 0, 
            "date": 1441065600000, 
            "human": "2015-Sep-01", 
            "m": 9, 
            "platform": 6, 
            "region": 2, 
            "y": 2015
        }, 
        {
            "category": 0, 
            "date": 1441065600000, 
            "human": "2015-Sep-01", 
            "m": 9, 
            "platform": 49, 
            "region": 2, 
            "y": 2015
        }, 
        {
            "category": 0, 
            "date": 1441324800000, 
            "human": "2015-Sep-04", 
            "m": 9, 
            "platform": 6, 
            "region": 1, 
            "y": 2015
        }, 
        {
            "category": 0, 
            "date": 1441324800000, 
            "human": "2015-Sep-04", 
            "m": 9, 
            "platform": 49, 
            "region": 1, 
            "y": 2015
        }, 
        {
            "category": 0, 
            "date": 1441152000000, 
            "human": "2015-Sep-02", 
            "m": 9, 
            "platform": 6, 
            "region": 3, 
            "y": 2015
        }, 
        {
            "category": 0, 
            "date": 1441152000000, 
            "human": "2015-Sep-02", 
            "m": 9, 
            "platform": 49, 
            "region": 3, 
            "y": 2015
        }, 
        {
            "category": 0, 
            "date": 1441152000000, 
            "human": "2015-Sep-02", 
            "m": 9, 
            "platform": 48, 
            "region": 3, 
            "y": 2015
        }, 
        {
            "category": 0, 
            "date": 1476921600000, 
            "human": "2016-Oct-20", 
            "m": 10, 
            "platform": 14, 
            "y": 2016
        }, 
        {
            "category": 0, 
            "date": 1476921600000, 
            "human": "2016-Oct-20", 
            "m": 10, 
            "platform": 3, 
            "y": 2016
        }
    ], 
    "screenshots": [
        {
            "cloudinary_id": "bflbagxqay52mkyfudvo", 
            "height": 1080, 
            "url": "//images.igdb.com/igdb/image/upload/t_thumb/bflbagxqay52mkyfudvo.jpg", 
            "width": 1920
        }, 
        {
            "cloudinary_id": "fzi3zk3rabsote4axfkg", 
            "height": 1063, 
            "url": "//images.igdb.com/igdb/image/upload/t_thumb/fzi3zk3rabsote4axfkg.jpg", 
            "width": 1920
        }, 
        {
            "cloudinary_id": "uygckgyrfl67gs1ksjzr", 
            "height": 1080, 
            "url": "//images.igdb.com/igdb/image/upload/t_thumb/uygckgyrfl67gs1ksjzr.jpg", 
            "width": 1920
        }, 
        {
            "cloudinary_id": "p19l7fs3hldcagurvyqr", 
            "height": 1063, 
            "url": "//images.igdb.com/igdb/image/upload/t_thumb/p19l7fs3hldcagurvyqr.jpg", 
            "width": 1920
        }, 
        {
            "cloudinary_id": "oxgmpil9wkmjqo67jiov", 
            "height": 1063, 
            "url": "//images.igdb.com/igdb/image/upload/t_thumb/oxgmpil9wkmjqo67jiov.jpg", 
            "width": 1920
        }
    ], 
    "slug": "mad-max", 
    "storyline": "Max must traverse a barren desert wasteland in search for his lost treasured vehicle, the Pursuit Special (also referred to as The Interceptor).", 
    "summary": "In Mad Max, the player takes on the role of titular character Mad Max; a dangerous melee fighter and can use his attacks to kill almost anyone. His weapon of choice is his shotgun. He is assisted by another man called Chumbucket. Chum mainly works with Max to build and upgrade the Magnum Opus vehicle. \n \nMad Max will feature a variety of weapons which Max can use to defeat enemies. Though the shotgun is Max's weapon of choice, ammo is scarce, and so melee options are the smarter way to go. The 'thunderstick' is an explosive weapon that can be lanced into an enemy's chest, crackling like a lit dynamite fuse before blowing the victim to smithereens. The Harpoon is also one of Max's favorite weapon though it can only be used in-vehicle with Chum riding along. Max's Magnum Opus can be combined with a speedy V12 engine and powerful ramming ability to destroy enemies's vehicles and weaponry. When simultaneously driving and aiming, the game enters slow-motion and allows you to toggle between targets. Not much is known about the vehicular combat and its features. \n \nMad Max will feature crafting system which can be used to craft new weapons and tools. Max's garage can also be used to change and modify the car's engines, chassis, wheels, body works including paint treatment and the \u201cshell\u201d of the auto-mobile and the car\u2019s weight and attributes update accordingly. Max can also be upgraded though it's plans hasn't fully been implemented. \n \nMany choices are given in the game, such as, either playing silently or aggressively. Max can also get guidance from Chum about how he can complete his objectives strategically. However, its largely up to the player how he can complete the objectives.",