{
    "aggregated_rating": 88.3333333333333, 
    "aggregated_rating_count": 16, 
    "category": 0, 
    "collection": 5262, 
    "cover": {
        "cloudinary_id": "nfomlmzevkp0rwiwsbpq", 
        "height": 1400, 
        "url": "//images.igdb.com/igdb/image/upload/t_thumb/nfomlmzevkp0rwiwsbpq.jpg", 
        "width": 1000
    }, 
    "created_at": 1431163650116, 
    "developers": [
        12300
    ], 
    "esrb": {
        "rating": 5
    }, 
    "external": {
        "steam": "481510"
    }, 
    "first_release_date": 1487635200000, 
    "game_engines": [
        13
    ], 
    "game_modes": [
        1
    ], 
    "games": [
        18822, 
        23733, 
        11560, 
        3231, 
        14761, 
        11800, 
        29004, 
        3222, 
        19289, 
        19448
    ], 
    "genres": [
        8, 
        31, 
        32
    ], 
    "hypes": 5, 
    "id": 10148, 
    "keywords": [
        72, 
        117, 
        426, 
        715, 
        968, 
        1027, 
        1783, 
        2049, 
        2069, 
        4134, 
        4148, 
        4154, 
        4162, 
        4176, 
        4253, 
        4281, 
        4327, 
        4428, 
        4466, 
        4508, 
        4527, 
        4727, 
        4768, 
        4796, 
        4830, 
        4855, 
        4871, 
        4882, 
        4883, 
        4920, 
        4957, 
        5219, 
        5315, 
        5421, 
        5634, 
        6326, 
        6478, 
        6649, 
        8947, 
        9835, 
        12087, 
        12101, 
        12102, 
        12556
    ], 
    "multiplayer_modes": [
        {
            "campaigncoop": false, 
            "dropin": false, 
            "lancoop": false, 
            "offlinecoop": false, 
            "onlinecoop": false, 
            "splitscreen": false, 
            "splitscreenonline": false
        }
    ], 
    "name": "Night in the Woods", 
    "pegi": {
        "rating": 3, 
        "synopsis": "The content of this game is suitable for persons aged 12 years and over only.\r\n\r\nIt contains: Mild bad language"
    }, 
    "platforms": [
        45, 
        6, 
        92, 
        14, 
        48, 
        49, 
        3, 
        130
    ], 
    "player_perspectives": [
        4
    ], 
    "popularity": 27.66666666666667, 
    "publishers": [
        5462
    ], 
    "pulse_count": 52, 
    "rating": 76.1043718549746, 
    "rating_count": 41, 
    "release_dates": [
        {
            "category": 0, 
            "date": 1516233600000, 
            "human": "2018-Jan-18", 
            "m": 1, 
            "platform": 130, 
            "y": 2018
        }, 
        {
            "category": 0, 
            "date": 1513123200000, 
            "human": "2017-Dec-13", 
            "m": 12, 
            "platform": 49, 
            "region": 2, 
            "y": 2017
        }, 
        {
            "category": 0, 
            "date": 1513123200000, 
            "human": "2017-Dec-13", 
            "m": 12, 
            "platform": 49, 
            "region": 8, 
            "y": 2017
        }, 
        {
            "category": 0, 
            "date": 1487635200000, 
            "human": "2017-Feb-21", 
            "m": 2, 
            "platform": 6, 
            "region": 2, 
            "y": 2017
        }, 
        {
            "category": 0, 
            "date": 1487635200000, 
            "human": "2017-Feb-21", 
            "m": 2, 
            "platform": 45, 
            "region": 2, 
            "y": 2017
        }, 
        {
            "category": 0, 
            "date": 1487635200000, 
            "human": "2017-Feb-21", 
            "m": 2, 
            "platform": 45, 
            "region": 1, 
            "y": 2017
        }, 
        {
            "category": 0, 
            "date": 1488240000000, 
            "human": "2017-Feb-28", 
            "m": 2, 
            "platform": 48, 
            "region": 3, 
            "y": 2017
        }, 
        {
            "category": 0, 
            "date": 1488240000000, 
            "human": "2017-Feb-28", 
            "m": 2, 
            "platform": 48, 
            "region": 1, 
            "y": 2017
        }, 
        {
            "category": 0, 
            "date": 1487635200000, 
            "human": "2017-Feb-21", 
            "m": 2, 
            "platform": 48, 
            "region": 2, 
            "y": 2017
        }, 
        {
            "category": 0, 
            "date": 1487635200000, 
            "human": "2017-Feb-21", 
            "m": 2, 
            "platform": 14, 
            "region": 8, 
            "y": 2017
        }, 
        {
            "category": 0, 
            "date": 1487635200000, 
            "human": "2017-Feb-21", 
            "m": 2, 
            "platform": 3, 
            "region": 8, 
            "y": 2017
        }, 
        {
            "category": 0, 
            "date": 1487635200000, 
            "human": "2017-Feb-21", 
            "m": 2, 
            "platform": 6, 
            "region": 8, 
            "y": 2017
        }, 
        {
            "category": 0, 
            "date": 1487635200000, 
            "human": "2017-Feb-21", 
            "m": 2, 
            "platform": 92, 
            "region": 8, 
            "y": 2017
        }
    ], 
    "screenshots": [
        {
            "cloudinary_id": "qz01byurxdhskfmyefbq", 
            "height": 720, 
            "url": "//images.igdb.com/igdb/image/upload/t_thumb/qz01byurxdhskfmyefbq.jpg", 
            "width": 1280
        }, 
        {
            "cloudinary_id": "xstdlwj9yoevqqn5c3k2", 
            "height": 720, 
            "url": "//images.igdb.com/igdb/image/upload/t_thumb/xstdlwj9yoevqqn5c3k2.jpg", 
            "width": 1280
        }, 
        {
            "cloudinary_id": "kisstiziwpdlqhwjcqbq", 
            "height": 720, 
            "url": "//images.igdb.com/igdb/image/upload/t_thumb/kisstiziwpdlqhwjcqbq.jpg", 
            "width": 1280
        }, 
        {
            "cloudinary_id": "mcoq0ldp8tkvj9u5cal6", 
            "height": 720, 
            "url": "//images.igdb.com/igdb/image/upload/t_thumb/mcoq0ldp8tkvj9u5cal6.jpg", 
            "width": 1280
        }, 
        {
            "cloudinary_id": "xrtyxyp5gqyjfsuv3y0r", 
            "height": 720, 
            "url": "//images.igdb.com/igdb/image/upload/t_thumb/xrtyxyp5gqyjfsuv3y0r.jpg", 
            "width": 1280
        }, 
        {
            "cloudinary_id": "nhftnymz3lz3qmdasmya", 
            "height": 720, 
            "url": "//images.igdb.com/igdb/image/upload/t_thumb/nhftnymz3lz3qmdasmya.jpg", 
            "width": 1280
        }, 
        {
            "cloudinary_id": "rjudc5gubztdd9plbwmy", 
            "height": 1080, 
            "url": "//images.igdb.com/igdb/image/upload/t_thumb/rjudc5gubztdd9plbwmy.jpg", 
            "width": 1920
        }, 
        {
            "cloudinary_id": "xeqqds65slerqr9vaemp", 
            "height": 1080, 
            "url": "//images.igdb.com/igdb/image/upload/t_thumb/xeqqds65slerqr9vaemp.jpg", 
            "width": 1920
        }, 
        {
            "cloudinary_id": "mywr2orm9cyrchlbefld", 
            "height": 1080, 
            "url": "//images.igdb.com/igdb/image/upload/t_thumb/mywr2orm9cyrchlbefld.jpg", 
            "width": 1920
        }, 
        {
            "cloudinary_id": "e9lwdfu4a6squsn0pxog", 
            "height": 1080, 
            "url": "//images.igdb.com/igdb/image/upload/t_thumb/e9lwdfu4a6squsn0pxog.jpg", 
            "width": 1920
        }, 
        {
            "cloudinary_id": "jpgjpl7cwu6bxdn4xhyz", 
            "height": 719, 
            "url": "//images.igdb.com/igdb/image/upload/t_thumb/jpgjpl7cwu6bxdn4xhyz.jpg", 
            "width": 1280
        }
    ], 
    "slug": "night-in-the-woods", 
    "standalone_expansions": [
        60719, 
        55865
    ],