{
    "aggregated_rating": 86.7692307692308, 
    "aggregated_rating_count": 14, 
    "category": 3, 
    "cover": {
        "cloudinary_id": "lwqb2lzwmyagaqhjumho", 
        "height": 600, 
        "url": "//images.igdb.com/igdb/image/upload/t_thumb/lwqb2lzwmyagaqhjumho.jpg", 
        "width": 473
    }, 
    "created_at": 1434413896916, 
    "developers": [
        771
    ], 
    "esrb": {
        "rating": 3
    }, 
    "first_release_date": 1438646400000, 
    "game_modes": [
        1, 
        2, 
        3
    ], 
    "games": [
        1355, 
        27421, 
        21062, 
        6958, 
        7329, 
        28204, 
        6732, 
        10031, 
        6705, 
        6032
    ], 
    "genres": [
        33
    ], 
    "hypes": 1, 
    "id": 11147, 
    "keywords": [
        301, 
        575, 
        960, 
        1186, 
        1293, 
        1705, 
        1898, 
        1935, 
        2199, 
        2324, 
        2604, 
        3833, 
        3988, 
        4134, 
        4144, 
        4145, 
        4161, 
        4169, 
        4172, 
        4173, 
        4176, 
        4177, 
        4286, 
        4320, 
        4345, 
        4418, 
        4484, 
        4730, 
        4870, 
        4885, 
        4890, 
        4910, 
        4911, 
        4956, 
        4977, 
        5193, 
        5279, 
        5310, 
        5443, 
        5479, 
        5537, 
        6130, 
        6142, 
        6363, 
        7073, 
        7092, 
        7222, 
        7237, 
        8055, 
        9661, 
        10216, 
        10217, 
        10218, 
        10219, 
        10220, 
        10221, 
        10222, 
        10223, 
        10224, 
        10225, 
        10226, 
        10227, 
        10228, 
        10229, 
        10230, 
        10231, 
        10232, 
        10233
    ], 
    "multiplayer_modes": [
        {
            "campaigncoop": false, 
            "dropin": false, 
            "lancoop": false, 
            "offlinecoop": true, 
            "offlinecoopmax": 0, 
            "offlinemax": 4, 
            "onlinecoop": true, 
            "onlinecoopmax": 0, 
            "onlinemax": 32, 
            "platform": 49, 
            "splitscreen": false, 
            "splitscreenonline": false
        }
    ], 
    "name": "Rare Replay", 
    "platforms": [
        49
    ], 
    "player_perspectives": [
        1, 
        2, 
        4
    ], 
    "popularity": 1.666666666666667, 
    "publishers": [
        1010
    ], 
    "pulse_count": 2, 
    "rating": 85.87663080768189, 
    "rating_count": 6, 
    "release_dates": [
        {
            "category": 0, 
            "date": 1438646400000, 
            "human": "2015-Aug-04", 
            "m": 8, 
            "platform": 49, 
            "region": 2, 
            "y": 2015
        }, 
        {
            "category": 0, 
            "date": 1438646400000, 
            "human": "2015-Aug-04", 
            "m": 8, 
            "platform": 49, 
            "y": 2015
        }
    ], 
    "screenshots": [
        {
            "cloudinary_id": "s860zpyphtlsaqodbqop", 
            "height": 540, 
            "url": "//images.igdb.com/igdb/image/upload/t_thumb/s860zpyphtlsaqodbqop.jpg", 
            "width": 960
        }, 
        {
            "cloudinary_id": "tfxvrmrfsdyxymlwclmt", 
            "height": 540, 
            "url": "//images.igdb.com/igdb/image/upload/t_thumb/tfxvrmrfsdyxymlwclmt.jpg", 
            "width": 960
        }, 
        {
            "cloudinary_id": "taqyfyrnqb7jv77mefbv", 
            "height": 540, 
            "url": "//images.igdb.com/igdb/image/upload/t_thumb/taqyfyrnqb7jv77mefbv.jpg", 
            "width": 960
        }, 
        {
            "cloudinary_id": "aurgjf0zasqfsvhojnj3", 
            "height": 540, 
            "url": "//images.igdb.com/igdb/image/upload/t_thumb/aurgjf0zasqfsvhojnj3.jpg", 
            "width": 960
        }, 
        {
            "cloudinary_id": "ej1ki30ttiv8ufmakjub", 
            "height": 540, 
            "url": "//images.igdb.com/igdb/image/upload/t_thumb/ej1ki30ttiv8ufmakjub.jpg", 
            "width": 960
        }
    ], 
    "slug": "rare-replay", 
    "summary": "Rare Replay is a 2015 compilation of 30 video games previously developed by Rare and its predecessor, Ultimate Play the Game, in their 30-year combined history. The emulated games span multiple genres and consoles\u2014from the ZX Spectrum to the Xbox 360\u2014and retain the features and errors of their original releases with minimal edits. The compilation adds cheats to make the older games easier and a Snapshots mode of specific challenges culled from parts of the games. Player progress is rewarded with behind-the-scenes footage and interviews about Rare's major and unreleased games.\n\nThe compilation was one of several ideas Rare considered to celebrate their 30th anniversary. Inspired by fans, upcoming Xbox One backwards compatibility features, and the idea to connect Rare's past and future, the company sorted through 120 games to choose titles that best represented its oeuvre. They prioritized games with characters and environments original to the company. Rare incorporated six emulators in the package, and worked with its parent company, Microsoft, to use its unannounced Xbox 360 emulation. Rare Replay was announced at the 2015 Electronic Entertainment Expo and released worldwide as an Xbox One exclusive on August 4, 2015.", 
    "tags": [
        1, 
        268435489, 
        536871213, 
        536871487, 
        536871872, 
        536872098, 
        536872205, 
        536872617, 
        536872810, 
        536872847, 
        536873111, 
        536873236, 
        536873516, 
        536874745, 
        536874900, 
        536875046, 
        536875056, 
        536875057, 
        536875073, 
        536875081, 
        536875084, 
        536875085, 
        536875088, 
        536875089, 
        536875198, 
        536875232, 
        536875257, 
        536875330, 
        536875396, 
        536875642, 
        536875782, 
        536875797, 
        536875802, 
        536875822, 
        536875823, 
        536875868, 
        536875889, 
        536876105, 
        536876191, 
        536876222, 
        536876355, 
        536876391, 
        536876449, 
        536877042, 
        536877054, 
        536877275, 
        536877985, 
        536878004, 
        536878134, 
        536878149, 
        536878967, 
        536880573, 
        536881128, 
        536881129, 
        536881130, 
        536881131, 
        536881132, 
        536881133, 
        536881134, 
        536881135, 
        536881136, 
        536881137, 
        536881138, 
        536881139, 
        536881140, 
        536881141, 
        536881142, 
        536881143, 
        536881144, 
        536881145, 
        1073741825, 
        1073741828, 
        1073741826
    ], 
    "themes": [
        1
    ], 
    "total_rating": 86.32293078845635, 
    "total_rating_count": 20, 
    "updated_at": 1528357048369, 
    "url": "https://www.igdb.com/games/rare-replay", 
    "videos": [
        {
            "name": "Trailer", 
            "video_id": "AaieVt3M72c"
        }
    ], 
    "websites": [
        {
            "category": 1, 
            "url": "http://www.xbox.com/en-GB/games/rare-replay?&SEMID=1&WT.srch=1&ocid=_SEM_GOO___en-GB_rare%20replay"
        }
    ]
}