{
    "aggregated_rating": 68.6666666666667, 
    "aggregated_rating_count": 4, 
    "alternative_names": [
        {
            "comment": "Other", 
            "name": "James Bond 007: Agent Under Fire"
        }
    ], 
    "category": 0, 
    "collection": 326, 
    "cover": {
        "cloudinary_id": "kjuwxx1pe561o432ezci", 
        "height": 604, 
        "url": "//images.igdb.com/igdb/image/upload/t_thumb/kjuwxx1pe561o432ezci.jpg", 
        "width": 500
    }, 
    "created_at": 1351021226159, 
    "developers": [
        11
    ], 
    "esrb": {
        "rating": 5, 
        "synopsis": ""
    }, 
    "first_release_date": 1005609600000, 
    "franchise": 37, 
    "franchises": [
        37
    ], 
    "game_modes": [
        1, 
        4
    ], 
    "games": [
        26401, 
        1638, 
        529, 
        6801, 
        748, 
        241, 
        28552, 
        2413, 
        18, 
        539
    ], 
    "genres": [
        5, 
        31
    ], 
    "id": 1643, 
    "keywords": [
        132, 
        453, 
        558, 
        977, 
        1173, 
        1219, 
        1403, 
        1478, 
        2740, 
        3061, 
        3087, 
        3741, 
        3831, 
        4035, 
        4142, 
        4146, 
        4161, 
        4169, 
        4183, 
        4246, 
        4282, 
        4330, 
        4359, 
        4382, 
        4391, 
        4413, 
        4446, 
        4571, 
        4611, 
        4613, 
        4644, 
        4831, 
        4875, 
        4880, 
        4892, 
        4903, 
        4904, 
        4907, 
        4990, 
        5309, 
        5466, 
        5469, 
        5503, 
        5557, 
        5609, 
        5773, 
        5782, 
        5813, 
        5941, 
        5998, 
        6235, 
        6352, 
        6374, 
        6495, 
        6625, 
        6829, 
        7026, 
        7064, 
        8141, 
        8142, 
        8766, 
        9047, 
        9296, 
        9448, 
        9529, 
        9727, 
        9874, 
        10002, 
        10775, 
        11092, 
        11413, 
        11699, 
        12275, 
        12283, 
        12377, 
        12380, 
        12717, 
        13118, 
        13199
    ], 
    "name": "007: Agent Under Fire", 
    "platforms": [
        11, 
        21, 
        8
    ], 
    "player_perspectives": [
        1
    ], 
    "popularity": 1.333333333333333, 
    "publishers": [
        1
    ], 
    "pulse_count": 1, 
    "rating": 55.0840443405354, 
    "rating_count": 8, 
    "release_dates": [
        {
            "category": 0, 
            "date": 1005609600000, 
            "human": "2001-Nov-13", 
            "m": 11, 
            "platform": 8, 
            "region": 2, 
            "y": 2001
        }, 
        {
            "category": 0, 
            "date": 1017100800000, 
            "human": "2002-Mar-26", 
            "m": 3, 
            "platform": 11, 
            "region": 2, 
            "y": 2002
        }, 
        {
            "category": 0, 
            "date": 1007078400000, 
            "human": "2001-Nov-30", 
            "m": 11, 
            "platform": 8, 
            "region": 1, 
            "y": 2001
        }, 
        {
            "category": 0, 
            "date": 1024012800000, 
            "human": "2002-Jun-14", 
            "m": 6, 
            "platform": 11, 
            "region": 1, 
            "y": 2002
        }, 
        {
            "category": 0, 
            "date": 1024012800000, 
            "human": "2002-Jun-14", 
            "m": 6, 
            "platform": 21, 
            "region": 1, 
            "y": 2002
        }, 
        {
            "category": 0, 
            "date": 1015977600000, 
            "human": "2002-Mar-13", 
            "m": 3, 
            "platform": 21, 
            "region": 2, 
            "y": 2002
        }
    ], 
    "screenshots": [
        {
            "cloudinary_id": "e8psa7kavu2z9tchbjh8", 
            "height": 592, 
            "url": "//images.igdb.com/igdb/image/upload/t_thumb/e8psa7kavu2z9tchbjh8.jpg", 
            "width": 792
        }, 
        {
            "cloudinary_id": "oijrd7zz2xu7xj4jjesz", 
            "height": 592, 
            "url": "//images.igdb.com/igdb/image/upload/t_thumb/oijrd7zz2xu7xj4jjesz.jpg", 
            "width": 792
        }, 
        {
            "cloudinary_id": "bzzb2br4iuwbwdx8fgki", 
            "height": 592, 
            "url": "//images.igdb.com/igdb/image/upload/t_thumb/bzzb2br4iuwbwdx8fgki.jpg", 
            "width": 792
        }, 
        {
            "cloudinary_id": "fmqk6kmuxfeq1sq0pmje", 
            "height": 592, 
            "url": "//images.igdb.com/igdb/image/upload/t_thumb/fmqk6kmuxfeq1sq0pmje.jpg", 
            "width": 792
        }, 
        {
            "cloudinary_id": "pplny72ot4yanmtsf9a9", 
            "height": 592, 
            "url": "//images.igdb.com/igdb/image/upload/t_thumb/pplny72ot4yanmtsf9a9.jpg", 
            "width": 792
        }
    ], 
    "slug": "007-agent-under-fire", 
    "summary": "007: Agent Under Fire is the first James Bond game to appear on the PlayStation 2, GameCube, and Xbox. The game casts the player as the legendary James Bond who must accomplish missions throughout different areas of the world. Bond is sent on a mission rescue Zoe Nightshade, a CIA agent in the hands of Nigel Bloch. Nigel Bloch is the CEO of Identicon, a section of a highly successful industry company known as Malprave industries. Bond is also tasked to retrieve the set of DNA samples that are in Identicon's hands. So James Bond sets off on another adventure... \n \nThe game combines three game modes into one package: first-person-shooter, which is what most of the missions are, a rail-shooter, where the player only controls firing, and a driving game, where the player drives one of the many Bond cars. Numerous weapons have been added to the series, along with some fictional weapons like the Photon cannon and the 5-way grenade launcher. The player can utilize a wide array of gadgets and weapons, like the Q-Claw, Q-Decoder, and Bond's trusty Walther handgun. There is a large variety of missions, and Bond can go through most missions with weapons, or take a stealthy approach. The player is also rated in each level, based on score and difficulty level, and can unlock new features for both single and multiplayer.",