{
    "aggregated_rating": 75.0, 
    "aggregated_rating_count": 4, 
    "alternative_names": [
        {
            "name": "Destroy All Humans 2"
        }
    ], 
    "category": 0, 
    "collection": 524, 
    "cover": {
        "cloudinary_id": "ieuetsrqyyqjjazzt8lg", 
        "height": 624, 
        "url": "//images.igdb.com/igdb/image/upload/t_thumb/ieuetsrqyyqjjazzt8lg.jpg", 
        "width": 450
    }, 
    "created_at": 1374360892481, 
    "developers": [
        63
    ], 
    "esrb": {
        "rating": 5, 
        "synopsis": ""
    }, 
    "first_release_date": 1161043200000, 
    "game_modes": [
        1, 
        3
    ], 
    "games": [
        2651, 
        25300, 
        1011, 
        1905, 
        26401, 
        11567, 
        7329, 
        2717, 
        11065, 
        3075
    ], 
    "genres": [
        31
    ], 
    "id": 2652, 
    "keywords": [
        3, 
        350, 
        594, 
        732, 
        947, 
        970, 
        992, 
        1033, 
        1060, 
        1098, 
        1322, 
        1403, 
        1459, 
        1754, 
        1783, 
        1821, 
        2962, 
        3002, 
        3486, 
        3741, 
        3831, 
        3833, 
        3961, 
        4035, 
        4162, 
        4242, 
        4352, 
        4359, 
        4369, 
        4397, 
        4398, 
        4444, 
        4446, 
        4484, 
        4544, 
        4571, 
        4572, 
        4609, 
        4698, 
        4770, 
        4907, 
        4983, 
        5027, 
        5032, 
        5116, 
        5369, 
        5453, 
        5651, 
        6363, 
        6832, 
        7110, 
        7384, 
        7389, 
        7484, 
        8827, 
        8828, 
        9444, 
        9671, 
        9820, 
        13106, 
        14363
    ], 
    "multiplayer_modes": [
        {
            "campaigncoop": false, 
            "dropin": false, 
            "lancoop": false, 
            "offlinecoop": true, 
            "offlinecoopmax": 2, 
            "offlinemax": 0, 
            "onlinecoop": false, 
            "onlinecoopmax": 0, 
            "onlinemax": 0, 
            "platform": 8, 
            "splitscreen": true, 
            "splitscreenonline": false
        }
    ], 
    "name": "Destroy All Humans! 2", 
    "platforms": [
        11, 
        8
    ], 
    "player_perspectives": [
        2
    ], 
    "popularity": 1.333333333333333, 
    "publishers": [
        197
    ], 
    "rating": 76.3370741077747, 
    "rating_count": 6, 
    "release_dates": [
        {
            "category": 0, 
            "date": 1161043200000, 
            "human": "2006-Oct-17", 
            "m": 10, 
            "platform": 8, 
            "y": 2006
        }, 
        {
            "category": 0, 
            "date": 1161043200000, 
            "human": "2006-Oct-17", 
            "m": 10, 
            "platform": 11, 
            "y": 2006
        }
    ], 
    "screenshots": [
        {
            "cloudinary_id": "dhmrtzcfa0dnldpwwswq", 
            "height": 360, 
            "url": "//images.igdb.com/igdb/image/upload/t_thumb/dhmrtzcfa0dnldpwwswq.jpg", 
            "width": 540
        }, 
        {
            "cloudinary_id": "rl9yr8big3vqsjkmvwbq", 
            "height": 360, 
            "url": "//images.igdb.com/igdb/image/upload/t_thumb/rl9yr8big3vqsjkmvwbq.jpg", 
            "width": 540
        }, 
        {
            "cloudinary_id": "t1ptbhyfcn0w44qoxia7", 
            "height": 360, 
            "url": "//images.igdb.com/igdb/image/upload/t_thumb/t1ptbhyfcn0w44qoxia7.jpg", 
            "width": 540
        }, 
        {
            "cloudinary_id": "nlhbbfhuhsivudborx3k", 
            "height": 360, 
            "url": "//images.igdb.com/igdb/image/upload/t_thumb/nlhbbfhuhsivudborx3k.jpg", 
            "width": 540
        }, 
        {
            "cloudinary_id": "xrytbrstxyfprfjxi7pg", 
            "height": 360, 
            "url": "//images.igdb.com/igdb/image/upload/t_thumb/xrytbrstxyfprfjxi7pg.jpg", 
            "width": 540
        }
    ], 
    "slug": "destroy-all-humans-2", 
    "summary": "Destroy All Humans! 2 (also known as Destroy All Humans! 2: Make War Not Love as seen in the title screen) is an action-adventure game developed by Pandemic Studios and published by THQ. It is the sequel to Destroy All Humans!. It was released for the PlayStation 2 and Xbox on October 17, 2006 in North America, October 20, 2006 in Europe and October 26, 2006 in Australia. It marks the last game in the series to be developed by Pandemic Studios. Two sequels were made, developed by Locomotive Games and Sandblast Games, respectively.", 
    "tags": [
        1, 
        18, 
        27, 
        268435487, 
        536870915, 
        536871262, 
        536871506, 
        536871644, 
        536871859, 
        536871882, 
        536871904, 
        536871945, 
        536871972, 
        536872010, 
        536872234, 
        536872315, 
        536872371, 
        536872666, 
        536872695, 
        536872733, 
        536873874, 
        536873914, 
        536874398, 
        536874653, 
        536874743, 
        536874745, 
        536874873, 
        536874947, 
        536875074, 
        536875154, 
        536875264, 
        536875271, 
        536875281, 
        536875309, 
        536875310, 
        536875356, 
        536875358, 
        536875396, 
        536875456, 
        536875483, 
        536875484, 
        536875521, 
        536875610, 
        536875682, 
        536875819, 
        536875895, 
        536875939, 
        536875944, 
        536876028, 
        536876281, 
        536876365, 
        536876563, 
        536877275, 
        536877744, 
        536878022, 
        536878296, 
        536878301, 
        536878396, 
        536879739, 
        536879740, 
        536880356, 
        536880583, 
        536880732, 
        536884018, 
        536885275, 
        1073741826
    ], 
    "themes": [
        1, 
        18, 
        27
    ], 
    "total_rating": 75.66853705388735, 
    "total_rating_count": 10, 
    "updated_at": 1528344545934, 
    "url": "https://www.igdb.com/games/destroy-all-humans-2", 
    "videos": [
        {
            "name": "Trailer", 
            "video_id": "s7dq_ztZBFU"
        }
    ]
}