{
    "alternative_names": [
        {
            "comment": "Other", 
            "name": "The House of the Dead 3"
        }
    ], 
    "category": 0, 
    "collection": 489, 
    "cover": {
        "cloudinary_id": "aifrramyowit4ngpa2oc", 
        "height": 356, 
        "url": "//images.igdb.com/igdb/image/upload/t_thumb/aifrramyowit4ngpa2oc.jpg", 
        "width": 252
    }, 
    "created_at": 1396557653926, 
    "developers": [
        1177
    ], 
    "esrb": {
        "rating": 6
    }, 
    "first_release_date": 1035244800000, 
    "game_modes": [
        1, 
        4
    ], 
    "games": [
        68142, 
        28029, 
        76246, 
        19341, 
        25646, 
        10039, 
        76229, 
        32902, 
        68287, 
        12579
    ], 
    "genres": [
        5
    ], 
    "id": 5863, 
    "keywords": [
        1, 
        6, 
        69, 
        79, 
        129, 
        301, 
        314, 
        558, 
        939, 
        970, 
        1025, 
        1120, 
        1313, 
        1320, 
        1478, 
        1784, 
        2115, 
        2152, 
        2543, 
        3486, 
        4155, 
        4245, 
        4259, 
        4287, 
        4294, 
        4330, 
        4359, 
        4437, 
        4544, 
        4571, 
        4613, 
        4614, 
        4626, 
        4646, 
        4831, 
        4892, 
        4999, 
        5022, 
        5042, 
        5188, 
        5309, 
        5443, 
        5575, 
        5699, 
        5722, 
        5989, 
        6582, 
        6801, 
        7038, 
        7039, 
        7280, 
        7297, 
        7405, 
        8853, 
        9310, 
        9989, 
        12123, 
        12636, 
        13295
    ], 
    "multiplayer_modes": [
        {
            "campaigncoop": true, 
            "dropin": true, 
            "lancoop": false, 
            "offlinecoop": true, 
            "offlinecoopmax": 2, 
            "offlinemax": 0, 
            "onlinecoop": false, 
            "onlinecoopmax": 0, 
            "onlinemax": 0, 
            "platform": 9, 
            "splitscreen": false, 
            "splitscreenonline": false
        }
    ], 
    "name": "The House of the Dead III", 
    "platforms": [
        52, 
        45, 
        6, 
        11
    ], 
    "player_perspectives": [
        1
    ], 
    "popularity": 1.666666666666667, 
    "publishers": [
        112
    ], 
    "rating": 69.68679245408799, 
    "rating_count": 7, 
    "release_dates": [
        {
            "category": 0, 
            "date": 1035244800000, 
            "human": "2002-Oct-22", 
            "m": 10, 
            "platform": 11, 
            "y": 2002
        }, 
        {
            "category": 0, 
            "date": 1035244800000, 
            "human": "2002-Oct-22", 
            "m": 10, 
            "platform": 52, 
            "y": 2002
        }, 
        {
            "category": 0, 
            "date": 1035244800000, 
            "human": "2002-Oct-22", 
            "m": 10, 
            "platform": 45, 
            "y": 2002
        }, 
        {
            "category": 2, 
            "date": 1104451200000, 
            "human": "2004", 
            "m": 12, 
            "platform": 6, 
            "y": 2004
        }
    ], 
    "screenshots": [
        {
            "cloudinary_id": "kfqbovlddu08bvlgrdys", 
            "height": 480, 
            "url": "//images.igdb.com/igdb/image/upload/t_thumb/kfqbovlddu08bvlgrdys.jpg", 
            "width": 640
        }
    ], 
    "slug": "the-house-of-the-dead-iii", 
    "summary": "The House of the Dead III is a 2002 light gun arcade game with a horror zombie-survival theme, and the third installment to the House of the Dead series of video games, developed by Wow Entertainment and Sega. It was later ported to the Xbox in 2003, Microsoft Windows in 2005, the Wii in 2008 in a compilation with The House of the Dead 2, and PlayStation 3 in 2012 with PlayStation Move support. The game continues the story of the previous games and introduces new gameplay concepts such as story branching. The game's protagonist is Lisa Rogan, daughter of Thomas Rogan, the first game's main character, and players control Lisa, G, or Daniel Curien.", 
    "tags": [
        1, 
        19, 
        268435461, 
        536870918, 
        1073741825
    ], 
    "themes": [
        1, 
        17, 
        18, 
        19, 
        22
    ], 
    "total_rating": 69.68679245408799, 
    "total_rating_count": 7, 
    "updated_at": 1513003451683, 
    "url": "https://www.igdb.com/games/the-house-of-the-dead-iii"
}