{
    "aggregated_rating": 78.3333333333333, 
    "aggregated_rating_count": 3, 
    "category": 0, 
    "collection": 287, 
    "cover": {
        "cloudinary_id": "zpe8eustjgfcqyvrkjxr", 
        "height": 680, 
        "url": "//images.igdb.com/igdb/image/upload/t_thumb/zpe8eustjgfcqyvrkjxr.jpg", 
        "width": 480
    }, 
    "created_at": 1347809069242, 
    "developers": [
        717
    ], 
    "esrb": {
        "rating": 5
    }, 
    "first_release_date": 1123027200000, 
    "game_modes": [
        1, 
        2
    ], 
    "games": [
        77979, 
        26401, 
        277, 
        27789, 
        241, 
        28204, 
        1310, 
        240, 
        908, 
        621
    ], 
    "genres": [
        5, 
        13, 
        24
    ], 
    "id": 1299, 
    "keywords": [
        1, 
        21, 
        301, 
        563, 
        1025, 
        1107, 
        1148, 
        1329, 
        1333, 
        1373, 
        1821, 
        1971, 
        2109, 
        2841, 
        3988, 
        4035, 
        4185, 
        4246, 
        4259, 
        4287, 
        4340, 
        4359, 
        4384, 
        4391, 
        4552, 
        4579, 
        4611, 
        4712, 
        4713, 
        4826, 
        4869, 
        4890, 
        4892, 
        4898, 
        4905, 
        4910, 
        4920, 
        4958, 
        4990, 
        4996, 
        5309, 
        5350, 
        5455, 
        5527, 
        5528, 
        5616, 
        5775, 
        5813, 
        5850, 
        5886, 
        5939, 
        5941, 
        5987, 
        6021, 
        6215, 
        6296, 
        6298, 
        6300, 
        6308, 
        6363, 
        6374, 
        6400, 
        6581, 
        6589, 
        6590, 
        6625, 
        6693, 
        6694, 
        6829, 
        6908, 
        7025, 
        7038, 
        7091, 
        7621, 
        8917, 
        8918, 
        8920, 
        9022, 
        9023, 
        9072, 
        9154, 
        9422, 
        9698, 
        9700, 
        9701, 
        9813, 
        9870, 
        9871, 
        10369, 
        10370, 
        10460, 
        10602, 
        11200, 
        11418, 
        12279, 
        12293, 
        12346, 
        13295, 
        13323, 
        13927
    ], 
    "name": "Tom Clancy's Ghost Recon 2: Summit Strike", 
    "platforms": [
        11
    ], 
    "player_perspectives": [
        1
    ], 
    "popularity": 1.333333333333333, 
    "publishers": [
        104
    ], 
    "release_dates": [
        {
            "category": 0, 
            "date": 1123027200000, 
            "human": "2005-Aug-03", 
            "m": 8, 
            "platform": 11, 
            "y": 2005
        }
    ], 
    "screenshots": [
        {
            "cloudinary_id": "tcianxpsn8rwpzryaz2h", 
            "height": 676, 
            "url": "//images.igdb.com/igdb/image/upload/t_thumb/tcianxpsn8rwpzryaz2h.jpg", 
            "width": 900
        }, 
        {
            "cloudinary_id": "hhfu95tvib0sshxzjaif", 
            "height": 515, 
            "url": "//images.igdb.com/igdb/image/upload/t_thumb/hhfu95tvib0sshxzjaif.jpg", 
            "width": 900
        }, 
        {
            "cloudinary_id": "usxqveaeh4nu9ewrtlap", 
            "height": 675, 
            "url": "//images.igdb.com/igdb/image/upload/t_thumb/usxqveaeh4nu9ewrtlap.jpg", 
            "width": 900
        }, 
        {
            "cloudinary_id": "xwgndftufp3ugd6gesqt", 
            "height": 675, 
            "url": "//images.igdb.com/igdb/image/upload/t_thumb/xwgndftufp3ugd6gesqt.jpg", 
            "width": 900
        }, 
        {
            "cloudinary_id": "rmkdgwfzojjdggtm4ckw", 
            "height": 675, 
            "url": "//images.igdb.com/igdb/image/upload/t_thumb/rmkdgwfzojjdggtm4ckw.jpg", 
            "width": 900
        }
    ], 
    "slug": "tom-clancy-s-ghost-recon-2-summit-strike", 
    "summary": "Tom Clancy's Ghost Recon 2: Summit Strike is the expansion to Tom Clancy's Ghost Recon 2. There are several minor differences between Tom Clancy's Ghost Recon 2: Summit Strike, and Tom Clancy's Ghost Recon 2. The most notable being the difficulty, Summit Strike being regarded as the harder of the two. Other differences would include new multiplayer modes, such as Heli Hunt.", 
    "tags": [
        1, 
        39, 
        268435461, 
        268435469, 
        268435480, 
        536870913, 
        536870933, 
        536871213, 
        536871475, 
        536871937, 
        536872019, 
        536872060, 
        536872241, 
        536872245, 
        536872285, 
        536872733, 
        536872883, 
        536873021, 
        536873753, 
        536874900, 
        536874947, 
        536875097, 
        536875158, 
        536875171, 
        536875199, 
        536875252, 
        536875271, 
        536875296, 
        536875303, 
        536875464, 
        536875491, 
        536875523, 
        536875624, 
        536875625, 
        536875738, 
        536875781, 
        536875802, 
        536875804, 
        536875810, 
        536875817, 
        536875822, 
        536875832, 
        536875870, 
        536875902, 
        536875908, 
        536876221, 
        536876262, 
        536876367, 
        536876439, 
        536876440, 
        536876528, 
        536876687, 
        536876725, 
        536876762, 
        536876798, 
        536876851, 
        536876853, 
        536876899, 
        536876933, 
        536877127, 
        536877208, 
        536877210, 
        536877212, 
        536877220, 
        536877275, 
        536877286, 
        536877312, 
        536877493, 
        536877501, 
        536877502, 
        536877537, 
        536877605, 
        536877606, 
        536877741, 
        536877820, 
        536877937, 
        536877950, 
        536878003, 
        536878533, 
        536879829, 
        536879830, 
        536879832, 
        536879934, 
        536879935, 
        536879984, 
        536880066, 
        536880334, 
        536880610, 
        536880612, 
        536880613, 
        536880725, 
        536880782, 
        536880783, 
        536881281, 
        536881282, 
        536881372, 
        536881514, 
        536882112, 
        536882330, 
        536883191, 
        536883205, 
        536883258, 
        536884207, 
        536884235, 
        536884839, 
        1073741825
    ], 
    "themes": [
        1, 
        39
    ], 
    "total_rating": 78.3333333333333, 
    "total_rating_count": 3, 
    "updated_at": 1515713322579, 
    "url": "https://www.igdb.com/games/tom-clancy-s-ghost-recon-2-summit-strike"
}