{
    "aggregated_rating": 80.0, 
    "aggregated_rating_count": 1, 
    "alternative_names": [
        {
            "comment": "Other", 
            "name": "Mario Tennis GC"
        }, 
        {
            "comment": "Japanese title", 
            "name": "\u30de\u30ea\u30aa\u30c6\u30cb\u30b9GC"
        }, 
        {
            "comment": "Japanese title", 
            "name": "Mario Tenisu J\u012b Sh\u012b"
        }
    ], 
    "category": 0, 
    "collection": 597, 
    "cover": {
        "cloudinary_id": "umug8qtctoidhnqhjrsh", 
        "height": 350, 
        "url": "//images.igdb.com/igdb/image/upload/t_thumb/umug8qtctoidhnqhjrsh.jpg", 
        "width": 250
    }, 
    "created_at": 1390366837809, 
    "developers": [
        784
    ], 
    "esrb": {
        "rating": 3
    }, 
    "first_release_date": 1098921600000, 
    "game_modes": [
        1, 
        4
    ], 
    "games": [
        3406, 
        2350, 
        1068, 
        3403, 
        2328, 
        2255, 
        3987, 
        3986, 
        1078, 
        2345
    ], 
    "genres": [
        14
    ], 
    "id": 3985, 
    "keywords": [
        16, 
        274, 
        296, 
        311, 
        824, 
        1166, 
        1381, 
        1682, 
        2152, 
        2165, 
        2759, 
        3741, 
        4264, 
        4265, 
        4324, 
        4359, 
        4391, 
        4479, 
        4544, 
        4657, 
        4698, 
        4747, 
        5012, 
        5171, 
        6015, 
        6143, 
        6154, 
        6160, 
        6168, 
        6174, 
        6176, 
        6177, 
        6178, 
        6186, 
        6192, 
        6194, 
        6207, 
        6368, 
        6794, 
        7221, 
        7242, 
        7243, 
        8844, 
        8879, 
        9194, 
        9195, 
        10445, 
        11916, 
        11925, 
        11933, 
        13110, 
        13115, 
        14610, 
        14612, 
        14910, 
        15562, 
        15563
    ], 
    "name": "Mario Power Tennis", 
    "pegi": {
        "rating": 1, 
        "synopsis": "The content of this game is suitable for all persons.\r\nIt contains: Violence that is set in a cartoon, slapstick or child like setting that could be upsetting to very young children"
    }, 
    "platforms": [
        21, 
        5
    ], 
    "player_perspectives": [
        2
    ], 
    "popularity": 1.333333333333333, 
    "publishers": [
        70
    ], 
    "rating": 70.0449125217499, 
    "rating_count": 10, 
    "release_dates": [
        {
            "category": 0, 
            "date": 1238025600000, 
            "human": "2009-Mar-26", 
            "m": 3, 
            "platform": 5, 
            "region": 3, 
            "y": 2009
        }, 
        {
            "category": 0, 
            "date": 1236556800000, 
            "human": "2009-Mar-09", 
            "m": 3, 
            "platform": 5, 
            "region": 2, 
            "y": 2009
        }, 
        {
            "category": 0, 
            "date": 1236297600000, 
            "human": "2009-Mar-06", 
            "m": 3, 
            "platform": 5, 
            "region": 1, 
            "y": 2009
        }, 
        {
            "category": 0, 
            "date": 1231977600000, 
            "human": "2009-Jan-15", 
            "m": 1, 
            "platform": 5, 
            "region": 5, 
            "y": 2009
        }, 
        {
            "category": 0, 
            "date": 1109289600000, 
            "human": "2005-Feb-25", 
            "m": 2, 
            "platform": 21, 
            "region": 3, 
            "y": 2005
        }, 
        {
            "category": 0, 
            "date": 1109289600000, 
            "human": "2005-Feb-25", 
            "m": 2, 
            "platform": 21, 
            "region": 1, 
            "y": 2005
        }, 
        {
            "category": 0, 
            "date": 1099872000000, 
            "human": "2004-Nov-08", 
            "m": 11, 
            "platform": 21, 
            "region": 2, 
            "y": 2004
        }, 
        {
            "category": 0, 
            "date": 1098921600000, 
            "human": "2004-Oct-28", 
            "m": 10, 
            "platform": 21, 
            "region": 5, 
            "y": 2004
        }
    ], 
    "screenshots": [
        {
            "cloudinary_id": "uurizclkhbsoybw52vhz", 
            "height": 480, 
            "url": "//images.igdb.com/igdb/image/upload/t_thumb/uurizclkhbsoybw52vhz.jpg", 
            "width": 640
        }, 
        {
            "cloudinary_id": "z1odb7kyeqwfgsgocmbp", 
            "height": 480, 
            "url": "//images.igdb.com/igdb/image/upload/t_thumb/z1odb7kyeqwfgsgocmbp.jpg", 
            "width": 640
        }, 
        {
            "cloudinary_id": "lxvh8eujut07afiuaap5", 
            "height": 480, 
            "url": "//images.igdb.com/igdb/image/upload/t_thumb/lxvh8eujut07afiuaap5.jpg", 
            "width": 640
        }, 
        {
            "cloudinary_id": "kjv21rijn9sixqnrmgvc", 
            "height": 480, 
            "url": "//images.igdb.com/igdb/image/upload/t_thumb/kjv21rijn9sixqnrmgvc.jpg", 
            "width": 640
        }, 
        {
            "cloudinary_id": "hgbgx0xcckhxmkadtcmv", 
            "height": 480, 
            "url": "//images.igdb.com/igdb/image/upload/t_thumb/hgbgx0xcckhxmkadtcmv.jpg", 
            "width": 640
        }, 
        {
            "cloudinary_id": "fhyzmw1byom3ga5d3loi", 
            "height": 480, 
            "url": "//images.igdb.com/igdb/image/upload/t_thumb/fhyzmw1byom3ga5d3loi.jpg", 
            "width": 640
        }, 
        {
            "cloudinary_id": "aelrsaxh0vunyufxxkf4", 
            "height": 480, 
            "url": "//images.igdb.com/igdb/image/upload/t_thumb/aelrsaxh0vunyufxxkf4.jpg", 
            "width": 640
        }, 
        {
            "cloudinary_id": "sv4pfbxpuljmnmhszbvb", 
            "height": 480, 
            "url": "//images.igdb.com/igdb/image/upload/t_thumb/sv4pfbxpuljmnmhszbvb.jpg", 
            "width": 640
        }, 
        {
            "cloudinary_id": "mzefbsuagneevgx6usz0", 
            "height": 480, 
            "url": "//images.igdb.com/igdb/image/upload/t_thumb/mzefbsuagneevgx6usz0.jpg", 
            "width": 640
        }, 
        {
            "cloudinary_id": "bo4ndntonippxbzna58o", 
            "height": 480, 
            "url": "//images.igdb.com/igdb/image/upload/t_thumb/bo4ndntonippxbzna58o.jpg", 
            "width": 640
        }, 
        {
            "cloudinary_id": "iic8oc2fpcrkha3wnd4b", 
            "height": 330, 
            "url": "//images.igdb.com/igdb/image/upload/t_thumb/iic8oc2fpcrkha3wnd4b.jpg", 
            "width": 492
        }, 
        {
            "cloudinary_id": "qdp22pmlxin2l3fzw57d", 
            "height": 359, 
            "url": "//images.igdb.com/igdb/image/upload/t_thumb/qdp22pmlxin2l3fzw57d.jpg", 
            "width": 640
        }
    ], 
    "slug": "mario-power-tennis",