{
    "aggregated_rating": 65.6666666666667, 
    "aggregated_rating_count": 4, 
    "category": 0, 
    "collection": 59, 
    "cover": {
        "cloudinary_id": "ojgme2qkbzm1vlphlby9", 
        "height": 1203, 
        "url": "//images.igdb.com/igdb/image/upload/t_thumb/ojgme2qkbzm1vlphlby9.jpg", 
        "width": 850
    }, 
    "created_at": 1347995361872, 
    "developers": [
        277
    ], 
    "esrb": {
        "rating": 5, 
        "synopsis": ""
    }, 
    "first_release_date": 1194912000000, 
    "game_modes": [
        1, 
        2
    ], 
    "games": [
        1310, 
        28204, 
        621, 
        26401, 
        622, 
        949, 
        1316, 
        240, 
        1307, 
        326
    ], 
    "genres": [
        5
    ], 
    "id": 1315, 
    "keywords": [
        19, 
        301, 
        453, 
        558, 
        562, 
        563, 
        1107, 
        1333, 
        1440, 
        1463, 
        1478, 
        1821, 
        2992, 
        3087, 
        3831, 
        3901, 
        3910, 
        3988, 
        4035, 
        4134, 
        4179, 
        4225, 
        4330, 
        4350, 
        4359, 
        4391, 
        4446, 
        4496, 
        4508, 
        4552, 
        4571, 
        4572, 
        4579, 
        4613, 
        4625, 
        4660, 
        4712, 
        4730, 
        4891, 
        4892, 
        4894, 
        4898, 
        4899, 
        4990, 
        5029, 
        5143, 
        5194, 
        5307, 
        5309, 
        5310, 
        5328, 
        5350, 
        5483, 
        5495, 
        5523, 
        5587, 
        5775, 
        5789, 
        5888, 
        5987, 
        6021, 
        6027, 
        6249, 
        6296, 
        6298, 
        6305, 
        6308, 
        6352, 
        6363, 
        6589, 
        6625, 
        6693, 
        6889, 
        7016, 
        7092, 
        7099, 
        7192, 
        7405, 
        8693, 
        8694, 
        8695, 
        8698, 
        8701, 
        8709, 
        8795, 
        9927, 
        10460, 
        10466, 
        10602, 
        10627, 
        11201
    ], 
    "name": "Medal of Honor: Heroes 2", 
    "platforms": [
        38, 
        5
    ], 
    "player_perspectives": [
        1, 
        3
    ], 
    "popularity": 1.333333333333333, 
    "publishers": [
        1
    ], 
    "rating": 65.0, 
    "rating_count": 3, 
    "release_dates": [
        {
            "category": 0, 
            "date": 1202947200000, 
            "human": "2008-Feb-14", 
            "m": 2, 
            "platform": 5, 
            "region": 5, 
            "y": 2008
        }, 
        {
            "category": 0, 
            "date": 1203638400000, 
            "human": "2008-Feb-22", 
            "m": 2, 
            "platform": 5, 
            "region": 1, 
            "y": 2008
        }, 
        {
            "category": 0, 
            "date": 1194912000000, 
            "human": "2007-Nov-13", 
            "m": 11, 
            "platform": 5, 
            "region": 2, 
            "y": 2007
        }, 
        {
            "category": 0, 
            "date": 1194912000000, 
            "human": "2007-Nov-13", 
            "m": 11, 
            "platform": 38, 
            "y": 2007
        }, 
        {
            "category": 0, 
            "date": 1194912000000, 
            "human": "2007-Nov-13", 
            "m": 11, 
            "platform": 5, 
            "y": 2007
        }
    ], 
    "screenshots": [
        {
            "cloudinary_id": "ubusqyyh870awf3lbaea", 
            "height": 672, 
            "url": "//images.igdb.com/igdb/image/upload/t_thumb/ubusqyyh870awf3lbaea.jpg", 
            "width": 960
        }, 
        {
            "cloudinary_id": "gs94v4yfndrv9rq9yjfr", 
            "height": 672, 
            "url": "//images.igdb.com/igdb/image/upload/t_thumb/gs94v4yfndrv9rq9yjfr.jpg", 
            "width": 960
        }, 
        {
            "cloudinary_id": "k2ddfsscm5p8g2qd4hey", 
            "height": 672, 
            "url": "//images.igdb.com/igdb/image/upload/t_thumb/k2ddfsscm5p8g2qd4hey.jpg", 
            "width": 960
        }, 
        {
            "cloudinary_id": "acd8fjql4yk1tcwobwre", 
            "height": 672, 
            "url": "//images.igdb.com/igdb/image/upload/t_thumb/acd8fjql4yk1tcwobwre.jpg", 
            "width": 960
        }, 
        {
            "cloudinary_id": "fsygio2cb1mclmzbvncz", 
            "height": 672, 
            "url": "//images.igdb.com/igdb/image/upload/t_thumb/fsygio2cb1mclmzbvncz.jpg", 
            "width": 960
        }, 
        {
            "cloudinary_id": "ppjcxnluyozsukqrkjvn", 
            "height": 672, 
            "url": "//images.igdb.com/igdb/image/upload/t_thumb/ppjcxnluyozsukqrkjvn.jpg", 
            "width": 958
        }, 
        {
            "cloudinary_id": "wkbguzso3lfqs6rasy7n", 
            "height": 672, 
            "url": "//images.igdb.com/igdb/image/upload/t_thumb/wkbguzso3lfqs6rasy7n.jpg", 
            "width": 958
        }, 
        {
            "cloudinary_id": "japahgswfbjlq8nxnugt", 
            "height": 671, 
            "url": "//images.igdb.com/igdb/image/upload/t_thumb/japahgswfbjlq8nxnugt.jpg", 
            "width": 959
        }, 
        {
            "cloudinary_id": "sayjqdxjlccpyxtimk31", 
            "height": 672, 
            "url": "//images.igdb.com/igdb/image/upload/t_thumb/sayjqdxjlccpyxtimk31.jpg", 
            "width": 957
        }, 
        {
            "cloudinary_id": "t0ivecuosokpblr4dtta", 
            "height": 360, 
            "url": "//images.igdb.com/igdb/image/upload/t_thumb/t0ivecuosokpblr4dtta.jpg", 
            "width": 640
        }, 
        {
            "cloudinary_id": "busbv5kibimhvjlkuqf6", 
            "height": 360, 
            "url": "//images.igdb.com/igdb/image/upload/t_thumb/busbv5kibimhvjlkuqf6.jpg", 
            "width": 640
        }, 
        {
            "cloudinary_id": "qilovqxclcmyntzllksz", 
            "height": 360, 
            "url": "//images.igdb.com/igdb/image/upload/t_thumb/qilovqxclcmyntzllksz.jpg", 
            "width": 640
        }
    ], 
    "slug": "medal-of-honor-heroes-2", 
    "summary": "Medal of Honor Heroes 2 is a first-person shooter game for the Wii and the PlayStation Portable. It is the 12th installment in the long-running Medal of Honor series of World War II games. Each version was built from the ground up for its respective system. The Wii version was announced at Nintendo's E3 2007 Press Conference on July 11, 2007. It may not be sold to people under 18 in Germany because of its USK rating.[2] Medal of Honor: Heroes 2 is set in World War II, starting on the Normandy beaches trying to control German bunkers and then move on to secure a village somewhere in France. \n \nThis is the second Medal of Honor game to be released for the Wii. The first was Medal of Honor: Vanguard. \n \nTo date, it is the last World War II era Medal of Honor game released.",