{
    "aggregated_rating": 82.2222222222222, 
    "aggregated_rating_count": 9, 
    "alternative_names": [
        {
            "comment": "Other", 
            "name": "Sam & Max: Season One"
        }
    ], 
    "category": 0, 
    "collection": 150, 
    "cover": {
        "cloudinary_id": "he24luqhe8swit9aupfv", 
        "height": 1120, 
        "url": "//images.igdb.com/igdb/image/upload/t_thumb/he24luqhe8swit9aupfv.jpg", 
        "width": 800
    }, 
    "created_at": 1317749313000, 
    "developers": [
        294
    ], 
    "esrb": {
        "rating": 5
    }, 
    "first_release_date": 1184716800000, 
    "game_modes": [
        1
    ], 
    "games": [
        11423, 
        7202, 
        27822, 
        17354, 
        10232, 
        1906, 
        19361, 
        6732, 
        11270, 
        62
    ], 
    "genres": [
        2, 
        31
    ], 
    "id": 862, 
    "keywords": [
        117, 
        227, 
        1027, 
        1098, 
        1158, 
        1188, 
        1293, 
        1416, 
        1669, 
        1735, 
        1739, 
        1754, 
        1834, 
        1898, 
        2052, 
        2396, 
        4134, 
        4138, 
        4186, 
        4198, 
        4218, 
        4220, 
        4270, 
        4287, 
        4297, 
        4326, 
        4341, 
        4401, 
        4438, 
        4443, 
        4446, 
        4447, 
        4524, 
        4542, 
        4652, 
        4825, 
        4839, 
        4843, 
        4890, 
        5191, 
        5218, 
        5219, 
        5267, 
        5420, 
        5425, 
        5520, 
        5554, 
        5599, 
        5633, 
        5672, 
        5812, 
        6031, 
        6048, 
        6368, 
        6393, 
        6404, 
        6411, 
        6469, 
        6470, 
        6905, 
        7112, 
        7237, 
        7427, 
        7670, 
        8894, 
        8985, 
        9273, 
        9382, 
        11209, 
        11555, 
        11812, 
        11818, 
        12818, 
        12820, 
        12949, 
        13076, 
        13913
    ], 
    "name": "Sam & Max: Save the World", 
    "pegi": {
        "rating": 3
    }, 
    "platforms": [
        6, 
        12, 
        5
    ], 
    "player_perspectives": [
        2
    ], 
    "popularity": 1.666666666666667, 
    "publishers": [
        593, 
        270
    ], 
    "rating": 78.2585621002973, 
    "rating_count": 13, 
    "release_dates": [
        {
            "category": 0, 
            "date": 1223337600000, 
            "human": "2008-Oct-07", 
            "m": 10, 
            "platform": 5, 
            "region": 2, 
            "y": 2008
        }, 
        {
            "category": 0, 
            "date": 1184716800000, 
            "human": "2007-Jul-18", 
            "m": 7, 
            "platform": 6, 
            "y": 2007
        }, 
        {
            "category": 0, 
            "date": 1224028800000, 
            "human": "2008-Oct-15", 
            "m": 10, 
            "platform": 5, 
            "y": 2008
        }, 
        {
            "category": 0, 
            "date": 1245196800000, 
            "human": "2009-Jun-17", 
            "m": 6, 
            "platform": 12, 
            "y": 2009
        }
    ], 
    "screenshots": [
        {
            "cloudinary_id": "hmxfmu8346quai212ogd", 
            "height": 720, 
            "url": "//images.igdb.com/igdb/image/upload/t_thumb/hmxfmu8346quai212ogd.jpg", 
            "width": 1280
        }, 
        {
            "cloudinary_id": "pvi8wokbblsoqx6jig1k", 
            "height": 720, 
            "url": "//images.igdb.com/igdb/image/upload/t_thumb/pvi8wokbblsoqx6jig1k.jpg", 
            "width": 1280
        }, 
        {
            "cloudinary_id": "q7ckqx0ws29phacwhybz", 
            "height": 720, 
            "url": "//images.igdb.com/igdb/image/upload/t_thumb/q7ckqx0ws29phacwhybz.jpg", 
            "width": 1280
        }, 
        {
            "cloudinary_id": "oowjhfrrjp4m2msyhsie", 
            "height": 450, 
            "url": "//images.igdb.com/igdb/image/upload/t_thumb/oowjhfrrjp4m2msyhsie.jpg", 
            "width": 800
        }, 
        {
            "cloudinary_id": "l7uqbccvaywd28nahqdr", 
            "height": 450, 
            "url": "//images.igdb.com/igdb/image/upload/t_thumb/l7uqbccvaywd28nahqdr.jpg", 
            "width": 800
        }, 
        {
            "cloudinary_id": "zqcq3vhwsjorj8hk2npv", 
            "height": 450, 
            "url": "//images.igdb.com/igdb/image/upload/t_thumb/zqcq3vhwsjorj8hk2npv.jpg", 
            "width": 800
        }, 
        {
            "cloudinary_id": "ojnbdtscq6fa6nlpf4hq", 
            "height": 450, 
            "url": "//images.igdb.com/igdb/image/upload/t_thumb/ojnbdtscq6fa6nlpf4hq.jpg", 
            "width": 800
        }, 
        {
            "cloudinary_id": "qxclokhjtxwlolsm2sog", 
            "height": 450, 
            "url": "//images.igdb.com/igdb/image/upload/t_thumb/qxclokhjtxwlolsm2sog.jpg", 
            "width": 800
        }, 
        {
            "cloudinary_id": "johpx3tprf1psbjeoa2f", 
            "height": 450, 
            "url": "//images.igdb.com/igdb/image/upload/t_thumb/johpx3tprf1psbjeoa2f.jpg", 
            "width": 800
        }, 
        {
            "cloudinary_id": "jyqhiw8nlhdfbk41k49p", 
            "height": 450, 
            "url": "//images.igdb.com/igdb/image/upload/t_thumb/jyqhiw8nlhdfbk41k49p.jpg", 
            "width": 800
        }, 
        {
            "cloudinary_id": "l6oorhmd3mnrqf9khpi5", 
            "height": 450, 
            "url": "//images.igdb.com/igdb/image/upload/t_thumb/l6oorhmd3mnrqf9khpi5.jpg", 
            "width": 800
        }, 
        {
            "cloudinary_id": "sr0vkpmitozkqmbw2pkc", 
            "height": 300, 
            "url": "//images.igdb.com/igdb/image/upload/t_thumb/sr0vkpmitozkqmbw2pkc.jpg", 
            "width": 480
        }
    ], 
    "slug": "sam-max-save-the-world", 
    "summary": "The characters can travel between a variety of locations in the game using their black and white 1960 DeSoto Adventurer, which, when selected, will present the player with a list of available destinations. The DeSoto is also used for several driving sequences, usually involving pursuing or fleeing criminals in other vehicles. In these driving sequences, the player can use Sam's gun, the car's horn, or have Max attempt to communicate with other vehicles via a megaphone. In addition, special inventory items may be used to complete specific puzzles within these sequences.[8] Driving sequences are also used for several minigames, such as pulling innocent drivers over for fabricated felonies. \n In keeping with the developer's heritage from the LucasArts adventure games, Sam & Max Save the World is designed so that the player characters cannot die or reach a complete dead-end.",