{
    "aggregated_rating": 75.0, 
    "aggregated_rating_count": 3, 
    "alternative_names": [
        {
            "name": "W\u012b Sup\u014dtsu"
        }
    ], 
    "category": 0, 
    "collection": 681, 
    "cover": {
        "cloudinary_id": "pyuvgxstcjd4hejymvxw", 
        "height": 365, 
        "url": "//images.igdb.com/igdb/image/upload/t_thumb/pyuvgxstcjd4hejymvxw.jpg", 
        "width": 260
    }, 
    "created_at": 1372226970163, 
    "developers": [
        1246
    ], 
    "esrb": {
        "rating": 3, 
        "synopsis": ""
    }, 
    "first_release_date": 1163894400000, 
    "game_modes": [
        1, 
        2, 
        4
    ], 
    "games": [
        2182, 
        1352, 
        6993, 
        4881, 
        27081, 
        2186, 
        2185, 
        26612, 
        28334, 
        22453
    ], 
    "genres": [
        13, 
        14
    ], 
    "id": 2181, 
    "keywords": [
        20, 
        30, 
        56, 
        274, 
        299, 
        311, 
        632, 
        977, 
        992, 
        1166, 
        2152, 
        4211, 
        4221, 
        4264, 
        4265, 
        4274, 
        4282, 
        4295, 
        4313, 
        4328, 
        4333, 
        4359, 
        4438, 
        4443, 
        4447, 
        4448, 
        4523, 
        4525, 
        4543, 
        4658, 
        4667, 
        4714, 
        4715, 
        4823, 
        4897, 
        4912, 
        5253, 
        5300, 
        5340, 
        5438, 
        5515, 
        5644, 
        5727, 
        5807, 
        5923, 
        5942, 
        6026, 
        6048, 
        6087, 
        6167, 
        6470, 
        6519, 
        6616, 
        6659, 
        6790, 
        7031, 
        7491, 
        9075, 
        9494, 
        9529, 
        9599, 
        10211, 
        10445, 
        10502, 
        10593, 
        10722, 
        12795, 
        13102, 
        13106, 
        14569, 
        14936, 
        15045
    ], 
    "name": "Wii Sports", 
    "pegi": {
        "rating": 2, 
        "synopsis": "The content of this game is suitable for persons aged 7 years and over only.\nIt contains: Non realistic looking violence towards characters which although human are not very detailed"
    }, 
    "platforms": [
        5
    ], 
    "player_perspectives": [
        1, 
        2
    ], 
    "popularity": 4.666666666666666, 
    "publishers": [
        70
    ], 
    "rating": 77.8660603566897, 
    "rating_count": 61, 
    "release_dates": [
        {
            "category": 0, 
            "date": 1163894400000, 
            "human": "2006-Nov-19", 
            "m": 11, 
            "platform": 5, 
            "region": 2, 
            "y": 2006
        }, 
        {
            "category": 0, 
            "date": 1165017600000, 
            "human": "2006-Dec-02", 
            "m": 12, 
            "platform": 5, 
            "region": 5, 
            "y": 2006
        }, 
        {
            "category": 0, 
            "date": 1165449600000, 
            "human": "2006-Dec-07", 
            "m": 12, 
            "platform": 5, 
            "region": 3, 
            "y": 2006
        }, 
        {
            "category": 0, 
            "date": 1165536000000, 
            "human": "2006-Dec-08", 
            "m": 12, 
            "platform": 5, 
            "region": 1, 
            "y": 2006
        }
    ], 
    "screenshots": [
        {
            "cloudinary_id": "vkgwinipdszlfo1mcs2j", 
            "height": 456, 
            "url": "//images.igdb.com/igdb/image/upload/t_thumb/vkgwinipdszlfo1mcs2j.jpg", 
            "width": 832
        }, 
        {
            "cloudinary_id": "gkwm0ogmho4zsgsd5ozk", 
            "height": 456, 
            "url": "//images.igdb.com/igdb/image/upload/t_thumb/gkwm0ogmho4zsgsd5ozk.jpg", 
            "width": 832
        }, 
        {
            "cloudinary_id": "tqabctsihjbb7muynluq", 
            "height": 456, 
            "url": "//images.igdb.com/igdb/image/upload/t_thumb/tqabctsihjbb7muynluq.jpg", 
            "width": 832
        }, 
        {
            "cloudinary_id": "q3ae4g5tllawh9sqjydj", 
            "height": 456, 
            "url": "//images.igdb.com/igdb/image/upload/t_thumb/q3ae4g5tllawh9sqjydj.jpg", 
            "width": 832
        }, 
        {
            "cloudinary_id": "ijzoew8gcsarppukxlno", 
            "height": 361, 
            "url": "//images.igdb.com/igdb/image/upload/t_thumb/ijzoew8gcsarppukxlno.jpg", 
            "width": 640
        }, 
        {
            "cloudinary_id": "rlye3we1gdux9lyrdshb", 
            "height": 438, 
            "url": "//images.igdb.com/igdb/image/upload/t_thumb/rlye3we1gdux9lyrdshb.jpg", 
            "width": 800
        }, 
        {
            "cloudinary_id": "knmyii5jo5io0ojzgioi", 
            "height": 456, 
            "url": "//images.igdb.com/igdb/image/upload/t_thumb/knmyii5jo5io0ojzgioi.jpg", 
            "width": 808
        }, 
        {
            "cloudinary_id": "qgibswjrbvqwbplpfzgu", 
            "height": 702, 
            "url": "//images.igdb.com/igdb/image/upload/t_thumb/qgibswjrbvqwbplpfzgu.jpg", 
            "width": 1280
        }, 
        {
            "cloudinary_id": "ctnx7hfz4axuisfnqbtn", 
            "height": 348, 
            "url": "//images.igdb.com/igdb/image/upload/t_thumb/ctnx7hfz4axuisfnqbtn.jpg", 
            "width": 620
        }, 
        {
            "cloudinary_id": "xkdj61uaolc2y776qhcv", 
            "height": 438, 
            "url": "//images.igdb.com/igdb/image/upload/t_thumb/xkdj61uaolc2y776qhcv.jpg", 
            "width": 800
        }, 
        {
            "cloudinary_id": "hufkq1xagh3e3km9ldaj", 
            "height": 383, 
            "url": "//images.igdb.com/igdb/image/upload/t_thumb/hufkq1xagh3e3km9ldaj.jpg", 
            "width": 575
        }, 
        {
            "cloudinary_id": "afpmqcjhc2xkq6jrwjg2", 
            "height": 720, 
            "url": "//images.igdb.com/igdb/image/upload/t_thumb/afpmqcjhc2xkq6jrwjg2.jpg", 
            "width": 1280
        }
    ], 
    "slug": "wii-sports", 
    "summary": "Bowl like a pro or go for that home run...\nExperience Tennis, Baseball, Golf, Bowling and Boxing as you never did before. Thanks to the Wii Remote, each sport will be immediately familiar and easy to play. And, when you feel ready, challenge your friends and family: everybody will be in for some serious Wii Sports fun!",