{
    "aggregated_rating": 74.0, 
    "aggregated_rating_count": 6, 
    "alternative_names": [
        {
            "comment": "German title", 
            "name": "Harry Potter und der Gefangene von Askaban"
        }
    ], 
    "category": 0, 
    "collection": 1502, 
    "cover": {
        "cloudinary_id": "kjqqvtm0mpew7ukkfvnj", 
        "height": 364, 
        "url": "//images.igdb.com/igdb/image/upload/t_thumb/kjqqvtm0mpew7ukkfvnj.jpg", 
        "width": 256
    }, 
    "created_at": 1390254714054, 
    "developers": [
        258, 
        276, 
        62
    ], 
    "esrb": {
        "rating": 3
    }, 
    "first_release_date": 1085443200000, 
    "franchise": 133, 
    "franchises": [
        133
    ], 
    "game_engines": [
        41, 
        496
    ], 
    "game_modes": [
        1
    ], 
    "games": [
        3942, 
        47823, 
        11567, 
        36926, 
        117, 
        27421, 
        341, 
        25300, 
        19560, 
        17001
    ], 
    "genres": [
        8, 
        12, 
        31
    ], 
    "id": 3943, 
    "keywords": [
        16, 
        147, 
        226, 
        296, 
        992, 
        1033, 
        1270, 
        1286, 
        1302, 
        1538, 
        1638, 
        3222, 
        4142, 
        4241, 
        4353, 
        4359, 
        4382, 
        4404, 
        4449, 
        4475, 
        4484, 
        4541, 
        4659, 
        4787, 
        4919, 
        5020, 
        5344, 
        5373, 
        5709, 
        5782, 
        6117, 
        6461, 
        6655, 
        7166, 
        7461, 
        7595, 
        7619, 
        8981, 
        9133, 
        9292, 
        9529, 
        9557, 
        10097, 
        11121, 
        11305, 
        11306, 
        11307, 
        11308, 
        12123, 
        12279, 
        13110, 
        13295, 
        14008
    ], 
    "name": "Harry Potter and the Prisoner of Azkaban", 
    "pegi": {
        "rating": 1, 
        "synopsis": "The content of this game is suitable for all persons.\r\nIt contains: Violence that is set in a cartoon, slapstick or child like setting that could be upsetting to very young children"
    }, 
    "platforms": [
        6, 
        11, 
        24, 
        21, 
        8
    ], 
    "player_perspectives": [
        2
    ], 
    "popularity": 1.333333333333333, 
    "publishers": [
        1
    ], 
    "rating": 77.3299975292919, 
    "rating_count": 45, 
    "release_dates": [
        {
            "category": 0, 
            "date": 1085443200000, 
            "human": "2004-May-25", 
            "m": 5, 
            "platform": 6, 
            "y": 2004
        }, 
        {
            "category": 0, 
            "date": 1085443200000, 
            "human": "2004-May-25", 
            "m": 5, 
            "platform": 24, 
            "y": 2004
        }, 
        {
            "category": 0, 
            "date": 1085788800000, 
            "human": "2004-May-29", 
            "m": 5, 
            "platform": 11, 
            "y": 2004
        }, 
        {
            "category": 0, 
            "date": 1085788800000, 
            "human": "2004-May-29", 
            "m": 5, 
            "platform": 21, 
            "y": 2004
        }, 
        {
            "category": 0, 
            "date": 1085788800000, 
            "human": "2004-May-29", 
            "m": 5, 
            "platform": 8, 
            "y": 2004
        }
    ], 
    "slug": "harry-potter-and-the-prisoner-of-azkaban", 
    "summary": "In Harry Potter and the Prisoner of Azkaban videogame, Harry Potter fans will experience the magic and peril of Harry's third year at Hogwarts. For the first time gamers will play as friends Ron Weasley and Hermione Granger as well as Harry Potter, switching between characters and utilizing their key attributes and skills to resolve challenges and overcome enemies.", 
    "tags": [
        1, 
        17, 
        268435464, 
        268435468, 
        268435487, 
        536870928, 
        536871059, 
        536871138, 
        536871208, 
        536871904, 
        536871945, 
        536872182, 
        536872198, 
        536872214, 
        536872450, 
        536872550, 
        536874134, 
        536875054, 
        536875153, 
        536875265, 
        536875271, 
        536875294, 
        536875316, 
        536875361, 
        536875387, 
        536875396, 
        536875453, 
        536875571, 
        536875699, 
        536875831, 
        536875932, 
        536876256, 
        536876285, 
        536876621, 
        536876694, 
        536877029, 
        536877373, 
        536877567, 
        536878078, 
        536878373, 
        536878507, 
        536878531, 
        536879893, 
        536880045, 
        536880204, 
        536880441, 
        536880469, 
        536881009, 
        536882033, 
        536882217, 
        536882218, 
        536882219, 
        536882220, 
        536883035, 
        536883191, 
        536884022, 
        536884207, 
        536884920, 
        1073741826
    ], 
    "themes": [
        1, 
        17
    ], 
    "total_rating": 75.66499876464596, 
    "total_rating_count": 51, 
    "updated_at": 1528414971573, 
    "url": "https://www.igdb.com/games/harry-potter-and-the-prisoner-of-azkaban", 
    "videos": [
        {
            "name": "Gameplay video", 
            "video_id": "Rmy6HRJm8UM"
        }, 
        {
            "name": "Trailer", 
            "video_id": "_pVlZC222cQ"
        }
    ], 
    "websites": [
        {
            "category": 2, 
            "url": "http://harrypotter.wikia.com/wiki/Harry_Potter_and_the_Prisoner_of_Azkaban_(video_game)"
        }, 
        {
            "category": 3, 
            "url": "https://en.wikipedia.org/wiki/Harry_Potter_and_the_Prisoner_of_Azkaban_(video_game)"
        }
    ]
}