{
    "aggregated_rating": 84.5, 
    "aggregated_rating_count": 2, 
    "alternative_names": [
        {
            "name": "\u7267\u5834\u7269\u8a9e"
        }
    ], 
    "category": 0, 
    "collection": 3092, 
    "cover": {
        "cloudinary_id": "o7plouut3woch7vsokrm", 
        "height": 356, 
        "url": "//images.igdb.com/igdb/image/upload/t_thumb/o7plouut3woch7vsokrm.jpg", 
        "width": 256
    }, 
    "created_at": 1388960673324, 
    "developers": [
        1767
    ], 
    "esrb": {
        "rating": 3
    }, 
    "first_release_date": 1063324800000, 
    "game_modes": [
        1
    ], 
    "games": [
        17000, 
        3387, 
        3376, 
        3386, 
        49188, 
        3388, 
        3385, 
        3378, 
        73430, 
        42889
    ], 
    "genres": [
        12, 
        13
    ], 
    "id": 3384, 
    "keywords": [
        43, 
        121, 
        274, 
        358, 
        509, 
        511, 
        623, 
        658, 
        758, 
        770, 
        841, 
        846, 
        994, 
        1026, 
        1103, 
        1112, 
        1148, 
        1313, 
        1459, 
        1710, 
        1735, 
        1935, 
        1937, 
        2016, 
        2177, 
        2199, 
        2438, 
        2452, 
        2542, 
        3433, 
        3483, 
        3630, 
        3794, 
        4145, 
        4184, 
        4219, 
        4320, 
        4324, 
        4341, 
        4353, 
        4388, 
        4415, 
        4419, 
        4444, 
        4470, 
        4476, 
        4483, 
        4544, 
        4613, 
        4618, 
        4629, 
        4725, 
        4767, 
        4800, 
        4925, 
        5331, 
        5467, 
        5516, 
        5634, 
        5659, 
        5976, 
        6408, 
        6608, 
        6878, 
        6904, 
        7141, 
        7315, 
        7595, 
        7627, 
        8259, 
        8305, 
        9134, 
        9529, 
        9674, 
        9893, 
        13109, 
        13115, 
        14476
    ], 
    "name": "Harvest Moon: A Wonderful Life", 
    "pegi": {
        "rating": 1
    }, 
    "platforms": [
        21
    ], 
    "player_perspectives": [
        2, 
        3
    ], 
    "popularity": 1.666666666666667, 
    "publishers": [
        716, 
        652, 
        1770, 
        1769, 
        1771
    ], 
    "rating": 75.8994894383822, 
    "rating_count": 7, 
    "release_dates": [
        {
            "category": 0, 
            "date": 1080259200000, 
            "human": "2004-Mar-26", 
            "m": 3, 
            "platform": 21, 
            "region": 1, 
            "y": 2004
        }, 
        {
            "category": 0, 
            "date": 1079395200000, 
            "human": "2004-Mar-16", 
            "m": 3, 
            "platform": 21, 
            "region": 2, 
            "y": 2004
        }, 
        {
            "category": 0, 
            "date": 1063324800000, 
            "human": "2003-Sep-12", 
            "m": 9, 
            "platform": 21, 
            "region": 5, 
            "y": 2003
        }
    ], 
    "screenshots": [
        {
            "cloudinary_id": "yoopirr5ktzrkynyhzuj", 
            "height": 849, 
            "url": "//images.igdb.com/igdb/image/upload/t_thumb/yoopirr5ktzrkynyhzuj.jpg", 
            "width": 1447
        }, 
        {
            "cloudinary_id": "s03ybhfahkjppsstdrfd", 
            "height": 855, 
            "url": "//images.igdb.com/igdb/image/upload/t_thumb/s03ybhfahkjppsstdrfd.jpg", 
            "width": 1445
        }, 
        {
            "cloudinary_id": "yuxunvfo74gi7bu0xlhe", 
            "height": 855, 
            "url": "//images.igdb.com/igdb/image/upload/t_thumb/yuxunvfo74gi7bu0xlhe.jpg", 
            "width": 1439
        }, 
        {
            "cloudinary_id": "zqdkidl30x1rjoijti4m", 
            "height": 853, 
            "url": "//images.igdb.com/igdb/image/upload/t_thumb/zqdkidl30x1rjoijti4m.jpg", 
            "width": 1441
        }, 
        {
            "cloudinary_id": "cnrmdfqiufcqwrpcpvfe", 
            "height": 847, 
            "url": "//images.igdb.com/igdb/image/upload/t_thumb/cnrmdfqiufcqwrpcpvfe.jpg", 
            "width": 1441
        }
    ], 
    "slug": "harvest-moon-a-wonderful-life", 
    "summary": "Harvest Moon: A Wonderful Life will span a lifetime on the farm and follow the drama that goes with it. Not only must you build and successfully run a farm, but you must also build a successful life with family and friends! This new Harvest Moon experience will take the best qualities of the series and add more...more animals, more vegetables and more drama! What sort of life will you live?", 
    "tags": [
        33, 
        41, 
        268435468, 
        268435469, 
        536870955, 
        536871033, 
        536871186, 
        536871270, 
        536871421, 
        536871423, 
        536871535, 
        536871570, 
        536871670, 
        536871682, 
        536871753, 
        536871758, 
        536871906, 
        536871938, 
        536872015, 
        536872024, 
        536872060, 
        536872225, 
        536872371, 
        536872622, 
        536872647, 
        536872847, 
        536872849, 
        536872928, 
        536873089, 
        536873111, 
        536873350, 
        536873364, 
        536873454, 
        536874345, 
        536874395, 
        536874542, 
        536874706, 
        536875057, 
        536875096, 
        536875131, 
        536875232, 
        536875236, 
        536875253, 
        536875265, 
        536875300, 
        536875327, 
        536875331, 
        536875356, 
        536875382, 
        536875388, 
        536875395, 
        536875456, 
        536875525, 
        536875530, 
        536875541, 
        536875637, 
        536875679, 
        536875712, 
        536875837, 
        536876243, 
        536876379, 
        536876428, 
        536876546, 
        536876571, 
        536876888, 
        536877320, 
        536877520, 
        536877790, 
        536877816, 
        536878053, 
        536878227, 
        536878507, 
        536878539, 
        536879171, 
        536879217, 
        536880046, 
        536880441, 
        536880586, 
        536880805, 
        536884021, 
        536884027, 
        536885388, 
        1073741826, 
        1073741827
    ], 
    "themes": [
        33, 
        41
    ], 
    "total_rating": 80.1997447191911, 
    "total_rating_count": 9, 
    "updated_at": 1527704760489, 
    "url": "https://www.igdb.com/games/harvest-moon-a-wonderful-life", 
    "websites": [
        {
            "category": 3, 
            "url": "https://en.wikipedia.org/wiki/Harvest_Moon:_A_Wonderful_Life"
        }
    ]
}