{
    "aggregated_rating": 70.0, 
    "aggregated_rating_count": 1, 
    "alternative_names": [
        {
            "comment": "Other", 
            "name": "Luigi Mansion"
        }, 
        {
            "comment": "Other", 
            "name": "\u30eb\u30a4\u30fc\u30b8\u30de\u30f3\u30b7\u30e7\u30f3"
        }
    ], 
    "category": 0, 
    "collection": 490, 
    "cover": {
        "cloudinary_id": "y8zhn2dmgoj21aselvoa", 
        "height": 355, 
        "url": "//images.igdb.com/igdb/image/upload/t_thumb/y8zhn2dmgoj21aselvoa.jpg", 
        "width": 256
    }, 
    "created_at": 1373182944504, 
    "developers": [
        421
    ], 
    "esrb": {
        "rating": 3, 
        "synopsis": ""
    }, 
    "first_release_date": 1000425600000, 
    "franchise": 24, 
    "franchises": [
        24
    ], 
    "game_modes": [
        1
    ], 
    "games": [
        2933, 
        481, 
        1905, 
        7329, 
        19561, 
        47823, 
        75235, 
        26758, 
        37016, 
        2909
    ], 
    "genres": [
        31
    ], 
    "id": 2485, 
    "keywords": [
        16, 
        296, 
        350, 
        558, 
        1033, 
        1120, 
        1682, 
        1761, 
        3203, 
        3486, 
        3833, 
        4169, 
        4218, 
        4239, 
        4297, 
        4324, 
        4337, 
        4359, 
        4428, 
        4450, 
        4523, 
        4589, 
        4591, 
        4611, 
        4612, 
        4622, 
        4697, 
        4709, 
        4727, 
        4787, 
        4829, 
        4841, 
        4907, 
        4958, 
        4993, 
        5012, 
        5022, 
        5120, 
        5171, 
        5178, 
        5390, 
        5410, 
        5421, 
        5426, 
        5435, 
        5554, 
        5924, 
        6154, 
        6190, 
        6318, 
        6385, 
        6388, 
        6648, 
        6798, 
        7079, 
        7107, 
        7149, 
        7174, 
        7222, 
        8160, 
        8735, 
        9374, 
        9529, 
        10442, 
        10744, 
        11529, 
        11933, 
        12170, 
        13118, 
        14989, 
        15853, 
        15854
    ], 
    "name": "Luigi's Mansion", 
    "platforms": [
        21
    ], 
    "player_perspectives": [
        4
    ], 
    "popularity": 2.666666666666667, 
    "publishers": [
        70
    ], 
    "rating": 79.2769886086091, 
    "rating_count": 39, 
    "release_dates": [
        {
            "category": 0, 
            "date": 1020384000000, 
            "human": "2002-May-03", 
            "m": 5, 
            "platform": 21, 
            "region": 1, 
            "y": 2002
        }, 
        {
            "category": 0, 
            "date": 1005955200000, 
            "human": "2001-Nov-17", 
            "m": 11, 
            "platform": 21, 
            "region": 2, 
            "y": 2001
        }, 
        {
            "category": 0, 
            "date": 1000425600000, 
            "human": "2001-Sep-14", 
            "m": 9, 
            "platform": 21, 
            "region": 5, 
            "y": 2001
        }, 
        {
            "category": 0, 
            "date": 1016323200000, 
            "human": "2002-Mar-17", 
            "m": 3, 
            "platform": 21, 
            "region": 3, 
            "y": 2002
        }
    ], 
    "screenshots": [
        {
            "cloudinary_id": "m2dbd2xclt5p8ypon4sb", 
            "height": 480, 
            "url": "//images.igdb.com/igdb/image/upload/t_thumb/m2dbd2xclt5p8ypon4sb.jpg", 
            "width": 640
        }, 
        {
            "cloudinary_id": "ff1sopzkirb6weqc5ic7", 
            "height": 480, 
            "url": "//images.igdb.com/igdb/image/upload/t_thumb/ff1sopzkirb6weqc5ic7.jpg", 
            "width": 640
        }, 
        {
            "cloudinary_id": "h2hdhuimm8ikdsg0pdy3", 
            "height": 480, 
            "url": "//images.igdb.com/igdb/image/upload/t_thumb/h2hdhuimm8ikdsg0pdy3.jpg", 
            "width": 640
        }, 
        {
            "cloudinary_id": "evfpen8s3eocqc1jtmf7", 
            "height": 480, 
            "url": "//images.igdb.com/igdb/image/upload/t_thumb/evfpen8s3eocqc1jtmf7.jpg", 
            "width": 640
        }, 
        {
            "cloudinary_id": "mlmqigpw8ovppijawqwt", 
            "height": 480, 
            "url": "//images.igdb.com/igdb/image/upload/t_thumb/mlmqigpw8ovppijawqwt.jpg", 
            "width": 640
        }, 
        {
            "cloudinary_id": "npbeyzqqrh3pd2mrxqti", 
            "height": 213, 
            "url": "//images.igdb.com/igdb/image/upload/t_thumb/npbeyzqqrh3pd2mrxqti.jpg", 
            "width": 260
        }
    ], 
    "slug": "luigi-s-mansion", 
    "summary": "Luigi steps out from the shadow of his brother Mario and into the gloomy shadows of a very haunted house in this, his first-ever starring role. When Luigi learns that he's the proud new owner of a creepy old mansion, he's thrilled. Of course, his feelings immediately shift when his brother, the storied Mario, disappears from the house. Now, you'll have to help Luigi track his brother down, making your way through expansive 3D levels. Each stage is packed with ghosts and ghouls to put you on edge; and you'll be armed with a flashlight and a vacuum cleaner to help you capture your foes. Armed with a flashlight and a customized vacuum cleaner, Luigi must rid the mansion of Boos and ghouls -- and find his missing brother to boot!", 
    "tags": [
        1, 
        19, 
        27, 
        268435487, 
        536870928, 
        536871208, 
        536871262, 
        536871470, 
        536871945, 
        536872032, 
        536872594, 
        536872673, 
        536874115, 
        536874398, 
        536874745, 
        536875081, 
        536875130, 
        536875151, 
        536875209, 
        536875236, 
        536875249, 
        536875271, 
        536875340, 
        536875362, 
        536875435, 
        536875501, 
        536875503, 
        536875523, 
        536875524, 
        536875534, 
        536875609, 
        536875621, 
        536875639, 
        536875699, 
        536875741, 
        536875753, 
        536875819, 
        536875870, 
        536875905, 
        536875924, 
        536875934, 
        536876032, 
        536876083, 
        536876090, 
        536876302, 
        536876322, 
        536876333, 
        536876338, 
        536876347, 
        536876466, 
        536876836, 
        536877066, 
        536877102, 
        536877230, 
        536877297, 
        536877300, 
        536877560, 
        536877710, 
        536877991, 
        536878019, 
        536878061, 
        536878086, 
        536878134, 
        536879072, 
        536879647, 
        536880286, 
        536880441, 
        536881354, 
        536881656, 
        536882441, 
        536882845, 
        536883082, 
        536884030, 
        536885901, 
        536886765, 
        536886766, 
        1073741828
    ], 
    "themes": [
        1, 
        19, 
        27
    ], 
    "total_rating": 74.63849430430454, 
    "total_rating_count": 40, 
    "updated_at": 1528779502890, 
    "url": "https://www.igdb.com/games/luigi-s-mansion"
}