{
    "aggregated_rating": 78.5, 
    "aggregated_rating_count": 4, 
    "alternative_names": [
        {
            "comment": "Other", 
            "name": "NFSU2\nNFSUG2"
        }, 
        {
            "comment": "Acronym", 
            "name": "NFSU2"
        }
    ], 
    "category": 0, 
    "collection": 12, 
    "cover": {
        "cloudinary_id": "xlyuylpqyu90r0zb2fe1", 
        "height": 333, 
        "url": "//images.igdb.com/igdb/image/upload/t_thumb/xlyuylpqyu90r0zb2fe1.jpg", 
        "width": 250
    }, 
    "created_at": 1298027390000, 
    "developers": [
        353, 
        332
    ], 
    "esrb": {
        "rating": 3
    }, 
    "first_release_date": 1099958400000, 
    "game_modes": [
        1, 
        2, 
        4
    ], 
    "games": [
        96, 
        98, 
        99, 
        101, 
        100, 
        94, 
        5761, 
        104, 
        102, 
        2626
    ], 
    "genres": [
        10, 
        13
    ], 
    "id": 97, 
    "keywords": [
        309, 
        401, 
        735, 
        1098, 
        1333, 
        1409, 
        1678, 
        1783, 
        1817, 
        2068, 
        2438, 
        3095, 
        3425, 
        3912, 
        4157, 
        4186, 
        4205, 
        4210, 
        4216, 
        4338, 
        4347, 
        4353, 
        4359, 
        4452, 
        4544, 
        4578, 
        4589, 
        4611, 
        4613, 
        4647, 
        4831, 
        4890, 
        5043, 
        5159, 
        5196, 
        5402, 
        5507, 
        5572, 
        5602, 
        5786, 
        5909, 
        6036, 
        6540, 
        6784, 
        7041, 
        7070, 
        7086, 
        7407, 
        7633, 
        8281, 
        9222, 
        9359, 
        9529, 
        9927, 
        10004, 
        10436, 
        10470, 
        11109, 
        11136, 
        11396, 
        11538, 
        11754, 
        11755, 
        12116, 
        12123, 
        13295, 
        13518, 
        14191
    ], 
    "name": "Need for Speed: Underground 2", 
    "pegi": {
        "rating": 1, 
        "synopsis": "The content of this game is suitable for all persons."
    }, 
    "platforms": [
        6, 
        11, 
        24, 
        21, 
        20, 
        8
    ], 
    "player_perspectives": [
        1, 
        2
    ], 
    "popularity": 6.333333333333333, 
    "publishers": [
        1
    ], 
    "rating": 84.13780462098799, 
    "rating_count": 212, 
    "release_dates": [
        {
            "category": 0, 
            "date": 1103673600000, 
            "human": "2004-Dec-22", 
            "m": 12, 
            "platform": 21, 
            "region": 5, 
            "y": 2004
        }, 
        {
            "category": 0, 
            "date": 1103673600000, 
            "human": "2004-Dec-22", 
            "m": 12, 
            "platform": 8, 
            "region": 5, 
            "y": 2004
        }, 
        {
            "category": 0, 
            "date": 1117152000000, 
            "human": "2005-May-27", 
            "m": 5, 
            "platform": 20, 
            "region": 1, 
            "y": 2005
        }, 
        {
            "category": 0, 
            "date": 1100822400000, 
            "human": "2004-Nov-19", 
            "m": 11, 
            "platform": 24, 
            "region": 1, 
            "y": 2004
        }, 
        {
            "category": 0, 
            "date": 1100822400000, 
            "human": "2004-Nov-19", 
            "m": 11, 
            "platform": 6, 
            "region": 1, 
            "y": 2004
        }, 
        {
            "category": 0, 
            "date": 1100822400000, 
            "human": "2004-Nov-19", 
            "m": 11, 
            "platform": 11, 
            "region": 1, 
            "y": 2004
        }, 
        {
            "category": 0, 
            "date": 1100822400000, 
            "human": "2004-Nov-19", 
            "m": 11, 
            "platform": 21, 
            "region": 1, 
            "y": 2004
        }, 
        {
            "category": 0, 
            "date": 1100822400000, 
            "human": "2004-Nov-19", 
            "m": 11, 
            "platform": 8, 
            "region": 1, 
            "y": 2004
        }, 
        {
            "category": 0, 
            "date": 1115683200000, 
            "human": "2005-May-10", 
            "m": 5, 
            "platform": 20, 
            "region": 2, 
            "y": 2005
        }, 
        {
            "category": 0, 
            "date": 1100476800000, 
            "human": "2004-Nov-15", 
            "m": 11, 
            "platform": 24, 
            "region": 2, 
            "y": 2004
        }, 
        {
            "category": 0, 
            "date": 1099958400000, 
            "human": "2004-Nov-09", 
            "m": 11, 
            "platform": 6, 
            "region": 2, 
            "y": 2004
        }, 
        {
            "category": 0, 
            "date": 1100476800000, 
            "human": "2004-Nov-15", 
            "m": 11, 
            "platform": 11, 
            "region": 2, 
            "y": 2004
        }, 
        {
            "category": 0, 
            "date": 1100476800000, 
            "human": "2004-Nov-15", 
            "m": 11, 
            "platform": 21, 
            "region": 2, 
            "y": 2004
        }, 
        {
            "category": 0, 
            "date": 1100476800000, 
            "human": "2004-Nov-15", 
            "m": 11, 
            "platform": 8, 
            "region": 2, 
            "y": 2004
        }
    ], 
    "screenshots": [
        {
            "cloudinary_id": "ut7hcwupmq1t28ns7m7t", 
            "height": 768, 
            "url": "//images.igdb.com/igdb/image/upload/t_thumb/ut7hcwupmq1t28ns7m7t.jpg", 
            "width": 1024
        }, 
        {
            "cloudinary_id": "r7qbyuljvm4smf3lrkwm", 
            "height": 768, 
            "url": "//images.igdb.com/igdb/image/upload/t_thumb/r7qbyuljvm4smf3lrkwm.jpg", 
            "width": 1024
        }, 
        {
            "cloudinary_id": "qioedqox1zjust40svpy", 
            "height": 897, 
            "url": "//images.igdb.com/igdb/image/upload/t_thumb/qioedqox1zjust40svpy.jpg", 
            "width": 1187
        }, 
        {
            "cloudinary_id": "vvtmqqrdkbrsf3onfmxt", 
            "height": 899, 
            "url": "//images.igdb.com/igdb/image/upload/t_thumb/vvtmqqrdkbrsf3onfmxt.jpg", 
            "width": 1199
        }, 
        {
            "cloudinary_id": "pvmu0hygmcfdzkjqvy0c", 
            "height": 891, 
            "url": "//images.igdb.com/igdb/image/upload/t_thumb/pvmu0hygmcfdzkjqvy0c.jpg", 
            "width": 1191
        }
    ], 
    "slug": "need-for-speed-underground-2", 
    "summary": "Need For Speed Underground 2 takes place in Bayview after the events of Need for Speed: Underground. The prologue begins with the player driving in a Nissan Skyline R34 in Olympic City (though the racing scenes are actually in Bayview), the setting of NFS:UG. He then receives a race challenge from a rather ominous personality who offers him a spot on his crew, but \"won't take 'no' for an answer.\" The player races off \u2014 despite Samantha's warnings \u2014 only to be ambushed by a mysterious driver in a rage that totals his Skyline. The driver, who has a unique scythe tattoo, makes a call confirming the accident, and the flashback fades out.",