{
    "aggregated_rating": 76.0, 
    "aggregated_rating_count": 3, 
    "alternative_names": [
        {
            "comment": "Other", 
            "name": "THPS4"
        }
    ], 
    "category": 0, 
    "collection": 5187, 
    "cover": {
        "cloudinary_id": "shets6vcsxahsswmiodj", 
        "height": 824, 
        "url": "//images.igdb.com/igdb/image/upload/t_thumb/shets6vcsxahsswmiodj.jpg", 
        "width": 640
    }, 
    "created_at": 1317749494000, 
    "developers": [
        90
    ], 
    "esrb": {
        "rating": 5
    }, 
    "first_release_date": 1035331200000, 
    "game_modes": [
        1, 
        2
    ], 
    "games": [
        7219, 
        914, 
        913, 
        2699, 
        2698, 
        6204, 
        2700, 
        2587, 
        2585, 
        47325
    ], 
    "genres": [
        14
    ], 
    "id": 915, 
    "keywords": [
        50, 
        129, 
        137, 
        274, 
        350, 
        1075, 
        1166, 
        1333, 
        1503, 
        1800, 
        2071, 
        2152, 
        2362, 
        2440, 
        2913, 
        3741, 
        3910, 
        4161, 
        4186, 
        4210, 
        4215, 
        4227, 
        4243, 
        4272, 
        4282, 
        4287, 
        4345, 
        4360, 
        4369, 
        4449, 
        4450, 
        4501, 
        4552, 
        4557, 
        4576, 
        4823, 
        4854, 
        4910, 
        4920, 
        4944, 
        4958, 
        4983, 
        4989, 
        5279, 
        5287, 
        5354, 
        5507, 
        5511, 
        5634, 
        5658, 
        5909, 
        6056, 
        6114, 
        6187, 
        6264, 
        6406, 
        6487, 
        6890, 
        7123, 
        7181, 
        7283, 
        7284, 
        7288, 
        8258, 
        8887, 
        9441, 
        9529, 
        9799, 
        10435, 
        10496, 
        10539, 
        11538, 
        11882, 
        12116, 
        13117, 
        13295, 
        13534, 
        14718, 
        14719, 
        15611
    ], 
    "name": "Tony Hawk's Pro Skater 4", 
    "platforms": [
        6, 
        14, 
        11, 
        7, 
        24, 
        21, 
        8
    ], 
    "player_perspectives": [
        2
    ], 
    "popularity": 1.666666666666667, 
    "publishers": [
        66
    ], 
    "rating": 78.8985281047845, 
    "rating_count": 41, 
    "release_dates": [
        {
            "category": 0, 
            "date": 1035331200000, 
            "human": "2002-Oct-23", 
            "m": 10, 
            "platform": 21, 
            "region": 2, 
            "y": 2002
        }, 
        {
            "category": 0, 
            "date": 1061942400000, 
            "human": "2003-Aug-27", 
            "m": 8, 
            "platform": 6, 
            "y": 2003
        }, 
        {
            "category": 0, 
            "date": 1035331200000, 
            "human": "2002-Oct-23", 
            "m": 10, 
            "platform": 8, 
            "y": 2002
        }, 
        {
            "category": 0, 
            "date": 1035331200000, 
            "human": "2002-Oct-23", 
            "m": 10, 
            "platform": 7, 
            "y": 2002
        }, 
        {
            "category": 0, 
            "date": 1061337600000, 
            "human": "2003-Aug-20", 
            "m": 8, 
            "platform": 14, 
            "y": 2003
        }, 
        {
            "category": 0, 
            "date": 1035331200000, 
            "human": "2002-Oct-23", 
            "m": 10, 
            "platform": 11, 
            "y": 2002
        }, 
        {
            "category": 0, 
            "date": 1035331200000, 
            "human": "2002-Oct-23", 
            "m": 10, 
            "platform": 21, 
            "y": 2002
        }, 
        {
            "category": 0, 
            "date": 1035763200000, 
            "human": "2002-Oct-28", 
            "m": 10, 
            "platform": 24, 
            "y": 2002
        }
    ], 
    "screenshots": [
        {
            "cloudinary_id": "rkomdmvitabm12zyoiwd", 
            "height": 448, 
            "url": "//images.igdb.com/igdb/image/upload/t_thumb/rkomdmvitabm12zyoiwd.jpg", 
            "width": 640
        }, 
        {
            "cloudinary_id": "lahdqa9ilpww22fjqcik", 
            "height": 448, 
            "url": "//images.igdb.com/igdb/image/upload/t_thumb/lahdqa9ilpww22fjqcik.jpg", 
            "width": 640
        }, 
        {
            "cloudinary_id": "rbjgfdd9nqn2o6ixvptc", 
            "height": 448, 
            "url": "//images.igdb.com/igdb/image/upload/t_thumb/rbjgfdd9nqn2o6ixvptc.jpg", 
            "width": 640
        }, 
        {
            "cloudinary_id": "jrenydprb7xt8ovfu2l8", 
            "height": 448, 
            "url": "//images.igdb.com/igdb/image/upload/t_thumb/jrenydprb7xt8ovfu2l8.jpg", 
            "width": 640
        }, 
        {
            "cloudinary_id": "le7vseuc4cpzdhtyqm4b", 
            "height": 448, 
            "url": "//images.igdb.com/igdb/image/upload/t_thumb/le7vseuc4cpzdhtyqm4b.jpg", 
            "width": 640
        }, 
        {
            "cloudinary_id": "dbv5w3nydcpjbrljxurj", 
            "height": 448, 
            "url": "//images.igdb.com/igdb/image/upload/t_thumb/dbv5w3nydcpjbrljxurj.jpg", 
            "width": 640
        }, 
        {
            "cloudinary_id": "wbzra7ik6tlzwoldsxvc", 
            "height": 448, 
            "url": "//images.igdb.com/igdb/image/upload/t_thumb/wbzra7ik6tlzwoldsxvc.jpg", 
            "width": 640
        }, 
        {
            "cloudinary_id": "xbhqizwfadqtgp5buwzh", 
            "height": 448, 
            "url": "//images.igdb.com/igdb/image/upload/t_thumb/xbhqizwfadqtgp5buwzh.jpg", 
            "width": 640
        }, 
        {
            "cloudinary_id": "hpelj8u4xdcnnfisw5sk", 
            "height": 390, 
            "url": "//images.igdb.com/igdb/image/upload/t_thumb/hpelj8u4xdcnnfisw5sk.jpg", 
            "width": 504
        }, 
        {
            "cloudinary_id": "xjzmmyde7eqpcyhn2ipr", 
            "height": 512, 
            "url": "//images.igdb.com/igdb/image/upload/t_thumb/xjzmmyde7eqpcyhn2ipr.jpg", 
            "width": 640
        }
    ], 
    "slug": "tony-hawk-s-pro-skater-4", 
    "summary": "Drop into the ultimate challenge. In the next chapter in the Tony Hawk series, pros challenge you to make your mark in huge free-roaming levels, taking on 190 progressively harder goals with no time limits to hold you back. Decide when you're ready to take on your Pro Challenge and move into the pro ranks, where it's a whole new game. Build your skills, perform all-new tricks, play up to eight players online, and show that you've got what it takes to go Pro.",